method,risk_budget,seed,rows,success,ci95_success,credit_f1,ci95_credit_f1,delayed_blame_f1,ci95_delayed_blame_f1,false_credit,ci95_false_credit,missed_credit,ci95_missed_credit,irreversible_side_effect,ci95_irreversible_side_effect,wasted_action_rate,ci95_wasted_action_rate,early_correction,ci95_early_correction,correction_latency,ci95_correction_latency,ece,ci95_ece,regret,ci95_regret,utility,ci95_utility,covered,ci95_covered
causal_event_graph_credit,0.18000,0,576,0.00000,0.00000,0.05903,0.01926,0.05729,0.01900,0.00000,0.00000,0.08125,0.01929,0.00000,0.00000,0.00000,0.00000,0.13542,0.02797,0.13734,0.02845,0.00883,0.00189,0.03655,0.00758,-0.05870,0.01275,0.13542,0.02797
causal_event_graph_credit,0.18000,1,576,0.00000,0.00000,0.05556,0.01872,0.05382,0.01845,0.00000,0.00000,0.07569,0.01788,0.00000,0.00000,0.00000,0.00000,0.13889,0.02827,0.13849,0.02828,0.00907,0.00193,0.03724,0.00761,-0.05662,0.01216,0.13889,0.02827
causal_event_graph_credit,0.18000,2,576,0.00000,0.00000,0.06076,0.01953,0.05903,0.01926,0.00000,0.00000,0.08750,0.01909,0.00000,0.00000,0.00000,0.00000,0.15972,0.02994,0.15978,0.03006,0.01041,0.00203,0.04301,0.00810,-0.06538,0.01294,0.15972,0.02994
causal_event_graph_credit,0.18000,3,576,0.00000,0.00000,0.05035,0.01787,0.05903,0.01926,0.00000,0.00000,0.07752,0.01795,0.00000,0.00000,0.00000,0.00000,0.14410,0.02871,0.14378,0.02873,0.00907,0.00191,0.03812,0.00763,-0.05830,0.01227,0.14410,0.02871
causal_event_graph_credit,0.18000,4,576,0.00000,0.00000,0.07639,0.02171,0.05903,0.01926,0.00000,0.00000,0.08238,0.01812,0.00000,0.00000,0.00000,0.00000,0.15799,0.02981,0.15728,0.02978,0.01016,0.00200,0.04245,0.00805,-0.06279,0.01252,0.15799,0.02981
causal_event_graph_credit,0.18000,5,576,0.00000,0.00000,0.05208,0.01816,0.06597,0.02029,0.00000,0.00000,0.07457,0.01762,0.00000,0.00000,0.00000,0.00000,0.13889,0.02827,0.13936,0.02845,0.00913,0.00193,0.03687,0.00753,-0.05629,0.01208,0.13889,0.02827
causal_event_graph_credit,0.18000,6,576,0.00000,0.00000,0.05729,0.01900,0.04514,0.01697,0.00000,0.00000,0.05929,0.01560,0.00000,0.00000,0.00000,0.00000,0.11458,0.02603,0.11515,0.02626,0.00704,0.00169,0.03032,0.00692,-0.04549,0.01088,0.11458,0.02603
causal_event_graph_credit,0.18000,7,576,0.00000,0.00000,0.06944,0.02078,0.06771,0.02054,0.00000,0.00000,0.08056,0.01805,0.00000,0.00000,0.00000,0.00000,0.15278,0.02941,0.15156,0.02926,0.00948,0.00191,0.04028,0.00779,-0.06098,0.01238,0.15278,0.02941
causal_event_graph_credit,0.18000,8,576,0.00000,0.00000,0.06076,0.01953,0.06424,0.02004,0.00000,0.00000,0.07873,0.01799,0.00000,0.00000,0.00000,0.00000,0.14757,0.02899,0.14780,0.02914,0.00931,0.00192,0.03869,0.00763,-0.05953,0.01231,0.14757,0.02899
causal_event_graph_credit,0.18000,9,576,0.00000,0.00000,0.05208,0.01816,0.05035,0.01787,0.00000,0.00000,0.08273,0.01874,0.00000,0.00000,0.00000,0.00000,0.14931,0.02913,0.14765,0.02890,0.00944,0.00194,0.04045,0.00793,-0.06121,0.01262,0.14931,0.02913
causal_event_graph_credit,0.24000,0,576,0.06597,0.02029,0.12326,0.02687,0.11632,0.02621,0.01215,0.00896,0.10069,0.02113,0.00347,0.00481,0.00521,0.00588,0.18229,0.03156,0.20960,0.03128,0.01307,0.00205,0.06211,0.00902,-0.02719,0.02103,0.24306,0.03506
causal_event_graph_credit,0.24000,1,576,0.05556,0.01872,0.09375,0.02382,0.07639,0.02171,0.00174,0.00340,0.07491,0.01827,0.00694,0.00679,0.00521,0.00588,0.14236,0.02856,0.16468,0.02862,0.01042,0.00191,0.04861,0.00822,-0.01747,0.02110,0.19097,0.03213
causal_event_graph_credit,0.24000,2,576,0.03993,0.01600,0.07812,0.02194,0.07465,0.02148,0.01042,0.00830,0.08646,0.02003,0.00347,0.00481,0.00347,0.00481,0.14583,0.02885,0.16933,0.02889,0.01039,0.00185,0.05028,0.00837,-0.03802,0.01824,0.19618,0.03246
causal_event_graph_credit,0.24000,3,576,0.03819,0.01567,0.07292,0.02125,0.06597,0.02029,0.00347,0.00481,0.07899,0.01882,0.00347,0.00481,0.01042,0.00830,0.15104,0.02927,0.16113,0.02820,0.01002,0.00184,0.04804,0.00822,-0.03613,0.01861,0.18750,0.03190
causal_event_graph_credit,0.24000,4,576,0.05903,0.01926,0.10243,0.02478,0.09201,0.02363,0.00521,0.00588,0.08056,0.01805,0.00521,0.00588,0.00868,0.00758,0.16840,0.03059,0.19283,0.03045,0.01225,0.00205,0.05723,0.00880,-0.02336,0.02068,0.22222,0.03398
causal_event_graph_credit,0.24000,5,576,0.05729,0.01900,0.09375,0.02382,0.07986,0.02216,0.00521,0.00588,0.08715,0.01986,0.00000,0.00000,0.01215,0.00896,0.15451,0.02954,0.17832,0.02892,0.01160,0.00199,0.05482,0.00870,-0.02177,0.01993,0.21181,0.03340
causal_event_graph_credit,0.24000,6,576,0.05382,0.01845,0.09375,0.02382,0.08854,0.02322,0.00868,0.00758,0.08993,0.02050,0.00174,0.00340,0.00868,0.00758,0.15625,0.02968,0.18052,0.02950,0.01114,0.00191,0.05390,0.00860,-0.02813,0.02033,0.21007,0.03330
causal_event_graph_credit,0.24000,7,576,0.05556,0.01872,0.10243,0.02478,0.09896,0.02441,0.00521,0.00588,0.10408,0.02174,0.00174,0.00340,0.00694,0.00679,0.16840,0.03059,0.19911,0.03065,0.01239,0.00200,0.05936,0.00891,-0.03296,0.02127,0.23090,0.03445
causal_event_graph_credit,0.24000,8,576,0.04688,0.01728,0.08160,0.02238,0.09028,0.02342,0.00694,0.00679,0.08299,0.01954,0.00174,0.00340,0.00694,0.00679,0.15451,0.02954,0.16617,0.02846,0.01032,0.00187,0.04958,0.00829,-0.02766,0.01879,0.19444,0.03235
causal_event_graph_credit,0.24000,9,576,0.05903,0.01926,0.10069,0.02460,0.09375,0.02382,0.00347,0.00481,0.09384,0.02005,0.00174,0.00340,0.00521,0.00588,0.18056,0.03144,0.20116,0.03084,0.01256,0.00203,0.05931,0.00885,-0.02364,0.02057,0.23264,0.03454
causal_event_graph_credit,0.30000,0,576,0.31250,0.03789,0.26215,0.03595,0.24132,0.03497,0.04167,0.01633,0.16762,0.02907,0.01910,0.01119,0.06250,0.01979,0.28299,0.03682,0.42099,0.02991,0.03198,0.00238,0.15289,0.01046,0.08414,0.03742,0.59201,0.04017
causal_event_graph_credit,0.30000,1,576,0.35069,0.03900,0.21875,0.03379,0.25868,0.03579,0.04861,0.01758,0.16701,0.02907,0.02083,0.01167,0.05729,0.01900,0.22917,0.03435,0.40826,0.02979,0.03091,0.00236,0.14952,0.01056,0.12291,0.03971,0.57639,0.04039
causal_event_graph_credit,0.30000,2,576,0.32986,0.03843,0.24479,0.03514,0.22396,0.03408,0.05208,0.01816,0.13177,0.02597,0.02083,0.01167,0.06250,0.01979,0.26910,0.03625,0.40219,0.03017,0.02987,0.00234,0.14580,0.01057,0.11321,0.03821,0.56424,0.04053
causal_event_graph_credit,0.30000,3,576,0.35764,0.03918,0.23090,0.03445,0.22222,0.03398,0.04861,0.01758,0.14080,0.02720,0.02431,0.01259,0.06771,0.02054,0.21007,0.03330,0.39950,0.02933,0.03006,0.00232,0.14682,0.01049,0.13213,0.03960,0.57118,0.04045
causal_event_graph_credit,0.30000,4,576,0.34722,0.03891,0.23438,0.03462,0.20660,0.03309,0.04167,0.01633,0.18030,0.03009,0.01215,0.00896,0.05382,0.01845,0.29861,0.03741,0.41135,0.02983,0.03094,0.00236,0.15018,0.01053,0.12835,0.03701,0.57986,0.04034
causal_event_graph_credit,0.30000,5,576,0.36979,0.03946,0.24132,0.03497,0.22917,0.03435,0.03472,0.01496,0.15417,0.02824,0.02951,0.01383,0.05556,0.01872,0.26042,0.03587,0.39900,0.02945,0.02998,0.00232,0.14666,0.01051,0.14725,0.03857,0.56944,0.04047
causal_event_graph_credit,0.30000,6,576,0.33160,0.03848,0.27951,0.03668,0.22396,0.03408,0.03646,0.01532,0.14488,0.02750,0.02083,0.01167,0.05729,0.01900,0.27951,0.03668,0.40454,0.02943,0.03079,0.00236,0.14909,0.01054,0.11955,0.03856,0.57639,0.04039
causal_event_graph_credit,0.30000,7,576,0.30729,0.03771,0.23090,0.03445,0.23264,0.03454,0.03472,0.01496,0.16927,0.02933,0.03299,0.01460,0.06597,0.02029,0.25521,0.03564,0.40495,0.02989,0.03092,0.00241,0.14745,0.01054,0.06708,0.03867,0.57118,0.04045
causal_event_graph_credit,0.30000,8,576,0.31944,0.03811,0.25521,0.03564,0.25521,0.03564,0.04167,0.01633,0.16458,0.02906,0.01910,0.01119,0.05208,0.01816,0.25694,0.03572,0.40639,0.02975,0.03048,0.00234,0.14829,0.01051,0.10152,0.03784,0.57465,0.04041
causal_event_graph_credit,0.30000,9,576,0.31597,0.03800,0.25347,0.03556,0.24479,0.03514,0.03993,0.01600,0.18377,0.03034,0.00868,0.00758,0.08507,0.02280,0.25694,0.03572,0.41596,0.03006,0.03121,0.00235,0.15079,0.01051,0.08011,0.03723,0.58333,0.04030
causal_event_graph_credit,0.36000,0,576,0.60764,0.03991,0.39583,0.03997,0.35417,0.03909,0.08333,0.02259,0.26233,0.03574,0.05382,0.01845,0.11458,0.02603,0.34201,0.03878,0.64119,0.01676,0.05677,0.00191,0.24629,0.00606,0.20716,0.04965,0.92361,0.02171
causal_event_graph_credit,0.36000,1,576,0.60243,0.04000,0.38542,0.03978,0.39410,0.03994,0.10243,0.02478,0.27569,0.03624,0.05382,0.01845,0.11632,0.02621,0.32639,0.03833,0.63474,0.01713,0.05628,0.00193,0.24398,0.00629,0.18726,0.04776,0.91667,0.02259
causal_event_graph_credit,0.36000,2,576,0.59549,0.04012,0.38368,0.03975,0.35243,0.03905,0.07986,0.02216,0.22587,0.03395,0.03299,0.01460,0.11458,0.02603,0.32465,0.03827,0.62387,0.01815,0.05458,0.00198,0.23956,0.00671,0.23816,0.04808,0.90104,0.02441
causal_event_graph_credit,0.36000,3,576,0.59201,0.04017,0.39757,0.04000,0.34201,0.03878,0.06944,0.02078,0.24141,0.03487,0.04514,0.01697,0.11632,0.02621,0.32986,0.03843,0.62150,0.01786,0.05480,0.00198,0.24035,0.00669,0.21906,0.05037,0.90278,0.02422
causal_event_graph_credit,0.36000,4,576,0.62153,0.03964,0.41493,0.04027,0.36806,0.03942,0.09201,0.02363,0.26632,0.03598,0.02951,0.01383,0.10590,0.02515,0.35590,0.03913,0.62452,0.01764,0.05498,0.00197,0.24025,0.00657,0.25037,0.04489,0.90625,0.02382
causal_event_graph_credit,0.36000,5,576,0.61458,0.03978,0.36285,0.03930,0.37326,0.03953,0.10938,0.02551,0.25304,0.03535,0.06076,0.01953,0.09375,0.02382,0.32292,0.03822,0.63185,0.01702,0.05611,0.00194,0.24458,0.00638,0.21245,0.04992,0.91493,0.02280
causal_event_graph_credit,0.36000,6,576,0.57812,0.04037,0.35764,0.03918,0.34028,0.03873,0.09375,0.02382,0.24905,0.03509,0.03646,0.01532,0.12153,0.02671,0.35069,0.03900,0.62376,0.01808,0.05477,0.00198,0.23906,0.00665,0.19625,0.04637,0.90278,0.02422
causal_event_graph_credit,0.36000,7,576,0.60764,0.03991,0.33854,0.03868,0.37153,0.03950,0.09896,0.02441,0.25547,0.03531,0.04861,0.01758,0.11979,0.02654,0.34201,0.03878,0.62740,0.01743,0.05562,0.00196,0.24224,0.00649,0.20753,0.04938,0.90972,0.02342
causal_event_graph_credit,0.36000,8,576,0.59375,0.04014,0.38889,0.03985,0.33854,0.03868,0.07292,0.02125,0.23151,0.03444,0.03299,0.01460,0.11458,0.02603,0.32986,0.03843,0.61123,0.01816,0.05403,0.00203,0.23849,0.00700,0.23958,0.04878,0.89236,0.02533
causal_event_graph_credit,0.36000,9,576,0.61979,0.03968,0.36111,0.03926,0.39062,0.03988,0.09201,0.02363,0.23177,0.03411,0.02778,0.01343,0.09722,0.02422,0.34201,0.03878,0.63720,0.01716,0.05621,0.00193,0.24454,0.00622,0.26814,0.04716,0.91840,0.02238
counterfactual_prefix_search,0.18000,0,576,0.00347,0.00481,0.09375,0.02382,0.06597,0.02029,0.00000,0.00000,0.09549,0.01913,0.00000,0.00000,0.00000,0.00000,0.18924,0.03202,0.18517,0.03150,0.01086,0.00196,0.04743,0.00807,-0.07034,0.01406,0.18924,0.03202
counterfactual_prefix_search,0.18000,1,576,0.00000,0.00000,0.09201,0.02363,0.08160,0.02238,0.00000,0.00000,0.09271,0.01983,0.00000,0.00000,0.00000,0.00000,0.16493,0.03033,0.16275,0.03003,0.00944,0.00185,0.04099,0.00756,-0.06854,0.01331,0.16493,0.03033
counterfactual_prefix_search,0.18000,2,576,0.00000,0.00000,0.08160,0.02238,0.06771,0.02054,0.00000,0.00000,0.08507,0.01758,0.00000,0.00000,0.00000,0.00000,0.17535,0.03108,0.17339,0.03084,0.01011,0.00189,0.04357,0.00776,-0.06726,0.01253,0.17535,0.03108
counterfactual_prefix_search,0.18000,3,576,0.00347,0.00481,0.08160,0.02238,0.06771,0.02054,0.00000,0.00000,0.08602,0.01824,0.00174,0.00340,0.00000,0.00000,0.16840,0.03059,0.16742,0.03021,0.00918,0.00175,0.04245,0.00764,-0.06501,0.01366,0.17188,0.03084
counterfactual_prefix_search,0.18000,4,576,0.00000,0.00000,0.05903,0.01926,0.05903,0.01926,0.00000,0.00000,0.08550,0.01942,0.00000,0.00000,0.00000,0.00000,0.14757,0.02899,0.14715,0.02902,0.00801,0.00167,0.03658,0.00722,-0.06260,0.01298,0.14757,0.02899
counterfactual_prefix_search,0.18000,5,576,0.00000,0.00000,0.06771,0.02054,0.07639,0.02171,0.00000,0.00000,0.08620,0.01783,0.00000,0.00000,0.00000,0.00000,0.17535,0.03108,0.17407,0.03081,0.01042,0.00194,0.04452,0.00788,-0.06790,0.01261,0.17708,0.03120
counterfactual_prefix_search,0.18000,6,576,0.00000,0.00000,0.06424,0.02004,0.05903,0.01926,0.00000,0.00000,0.08116,0.01808,0.00000,0.00000,0.00000,0.00000,0.15451,0.02954,0.15602,0.02981,0.00924,0.00189,0.03853,0.00736,-0.06245,0.01252,0.15625,0.02968
counterfactual_prefix_search,0.18000,7,576,0.00000,0.00000,0.09201,0.02363,0.06597,0.02029,0.00000,0.00000,0.09809,0.02016,0.00000,0.00000,0.00000,0.00000,0.17708,0.03120,0.17453,0.03071,0.01014,0.00189,0.04404,0.00775,-0.07297,0.01357,0.17882,0.03132
counterfactual_prefix_search,0.18000,8,576,0.00347,0.00481,0.07986,0.02216,0.05382,0.01845,0.00000,0.00000,0.08030,0.01719,0.00000,0.00000,0.00000,0.00000,0.16493,0.03033,0.16654,0.03041,0.00993,0.00192,0.04200,0.00767,-0.06056,0.01310,0.16840,0.03059
counterfactual_prefix_search,0.18000,9,576,0.00000,0.00000,0.07812,0.02194,0.06076,0.01953,0.00000,0.00000,0.08872,0.01913,0.00000,0.00000,0.00000,0.00000,0.16319,0.03021,0.16477,0.03027,0.00973,0.00187,0.04152,0.00762,-0.06724,0.01308,0.16667,0.03046
counterfactual_prefix_search,0.24000,0,576,0.18229,0.03156,0.17361,0.03096,0.17708,0.03120,0.02604,0.01302,0.14036,0.02591,0.01042,0.00830,0.02257,0.01214,0.23785,0.03480,0.29842,0.03212,0.01831,0.00210,0.09404,0.00969,0.02956,0.02971,0.38889,0.03985
counterfactual_prefix_search,0.24000,1,576,0.15972,0.02994,0.20312,0.03289,0.17361,0.03096,0.01736,0.01068,0.12726,0.02427,0.00521,0.00588,0.02604,0.01302,0.23785,0.03480,0.28797,0.03205,0.01749,0.00206,0.08968,0.00959,0.02228,0.02876,0.37153,0.03950
counterfactual_prefix_search,0.24000,2,576,0.15451,0.02954,0.16667,0.03046,0.14236,0.02856,0.01562,0.01014,0.12422,0.02423,0.00694,0.00679,0.03125,0.01422,0.21007,0.03330,0.27980,0.03143,0.01744,0.00208,0.08814,0.00953,0.01544,0.02801,0.36632,0.03938
counterfactual_prefix_search,0.24000,3,576,0.17708,0.03120,0.16146,0.03008,0.17188,0.03084,0.01389,0.00957,0.13351,0.02511,0.00694,0.00679,0.01389,0.00957,0.21528,0.03360,0.28836,0.03156,0.01723,0.00200,0.09113,0.00960,0.04414,0.03025,0.37847,0.03964
counterfactual_prefix_search,0.24000,4,576,0.15799,0.02981,0.18924,0.03202,0.16146,0.03008,0.01910,0.01119,0.12214,0.02357,0.01215,0.00896,0.02778,0.01343,0.22743,0.03426,0.29153,0.03198,0.01767,0.00207,0.09181,0.00968,0.01244,0.03054,0.37847,0.03964
counterfactual_prefix_search,0.24000,5,576,0.15799,0.02981,0.17882,0.03132,0.18403,0.03167,0.01215,0.00896,0.13377,0.02466,0.01389,0.00957,0.02604,0.01302,0.24653,0.03523,0.30159,0.03221,0.01796,0.00204,0.09335,0.00960,0.00822,0.03047,0.39062,0.03988
counterfactual_prefix_search,0.24000,6,576,0.15451,0.02954,0.17708,0.03120,0.15278,0.02941,0.01389,0.00957,0.12682,0.02395,0.00347,0.00481,0.02604,0.01302,0.23785,0.03480,0.30220,0.03273,0.01820,0.00210,0.09202,0.00955,0.01826,0.03005,0.38542,0.03978
counterfactual_prefix_search,0.24000,7,576,0.19965,0.03267,0.16146,0.03008,0.16667,0.03046,0.01042,0.00830,0.12240,0.02420,0.01910,0.01119,0.01389,0.00957,0.21701,0.03369,0.28457,0.03140,0.01701,0.00198,0.08999,0.00956,0.06036,0.03166,0.37500,0.03957
counterfactual_prefix_search,0.24000,8,576,0.17361,0.03096,0.20833,0.03320,0.16493,0.03033,0.01042,0.00830,0.11840,0.02367,0.01042,0.00830,0.02604,0.01302,0.23958,0.03489,0.29613,0.03184,0.01819,0.00209,0.09248,0.00957,0.03586,0.03072,0.38715,0.03981
counterfactual_prefix_search,0.24000,9,576,0.16493,0.03033,0.17535,0.03108,0.15972,0.02994,0.01562,0.01014,0.13993,0.02562,0.01562,0.01014,0.02951,0.01383,0.23264,0.03454,0.29959,0.03201,0.01767,0.00199,0.09355,0.00961,0.00719,0.02969,0.39062,0.03988
counterfactual_prefix_search,0.30000,0,576,0.49826,0.04087,0.34896,0.03896,0.34201,0.03878,0.05208,0.01816,0.20243,0.03219,0.03646,0.01532,0.08160,0.02238,0.28646,0.03695,0.53200,0.02426,0.04032,0.00210,0.19282,0.00852,0.19595,0.04472,0.77951,0.03389
counterfactual_prefix_search,0.30000,1,576,0.50347,0.04087,0.37153,0.03950,0.35243,0.03905,0.06250,0.01979,0.22517,0.03328,0.02083,0.01167,0.08854,0.02322,0.33681,0.03863,0.53007,0.02486,0.03966,0.00208,0.19095,0.00859,0.19997,0.04466,0.77257,0.03426
counterfactual_prefix_search,0.30000,2,576,0.45139,0.04068,0.34028,0.03873,0.30556,0.03765,0.06076,0.01953,0.22335,0.03330,0.03819,0.01567,0.09375,0.02382,0.33160,0.03848,0.53008,0.02523,0.03967,0.00210,0.19001,0.00864,0.12722,0.04358,0.76910,0.03445
counterfactual_prefix_search,0.30000,3,576,0.48438,0.04085,0.39583,0.03997,0.32986,0.03843,0.06076,0.01953,0.22413,0.03306,0.02431,0.01259,0.07292,0.02125,0.33507,0.03858,0.55332,0.02413,0.04202,0.00208,0.19755,0.00822,0.18363,0.04448,0.80035,0.03267
counterfactual_prefix_search,0.30000,4,576,0.50000,0.04087,0.36458,0.03934,0.31076,0.03783,0.04514,0.01697,0.22951,0.03391,0.03819,0.01567,0.06944,0.02078,0.33333,0.03853,0.52943,0.02480,0.04001,0.00211,0.19136,0.00862,0.19582,0.04418,0.77257,0.03426
counterfactual_prefix_search,0.30000,5,576,0.47743,0.04083,0.37847,0.03964,0.33681,0.03863,0.04167,0.01633,0.21502,0.03234,0.03472,0.01496,0.09201,0.02363,0.35764,0.03918,0.55063,0.02463,0.04154,0.00210,0.19516,0.00828,0.16697,0.04662,0.79340,0.03309
counterfactual_prefix_search,0.30000,6,576,0.51562,0.04085,0.38542,0.03978,0.31597,0.03800,0.04340,0.01666,0.21007,0.03249,0.02083,0.01167,0.05208,0.01816,0.29861,0.03741,0.52506,0.02497,0.03935,0.00210,0.18934,0.00868,0.25118,0.04170,0.76562,0.03462
counterfactual_prefix_search,0.30000,7,576,0.46007,0.04074,0.33160,0.03848,0.32986,0.03843,0.03819,0.01567,0.18637,0.03095,0.03125,0.01422,0.08333,0.02259,0.31424,0.03794,0.52878,0.02488,0.03972,0.00210,0.18990,0.00860,0.17653,0.04555,0.77083,0.03435
counterfactual_prefix_search,0.30000,8,576,0.46528,0.04077,0.36806,0.03942,0.33854,0.03868,0.04688,0.01728,0.18359,0.03058,0.03299,0.01460,0.07986,0.02216,0.30035,0.03747,0.53481,0.02488,0.04020,0.00213,0.19137,0.00853,0.17789,0.04534,0.77604,0.03408
counterfactual_prefix_search,0.30000,9,576,0.50174,0.04087,0.37674,0.03961,0.34375,0.03882,0.05035,0.01787,0.17300,0.03010,0.02083,0.01167,0.06944,0.02078,0.33681,0.03863,0.52310,0.02479,0.03958,0.00211,0.19007,0.00873,0.23906,0.04364,0.76562,0.03462
counterfactual_prefix_search,0.36000,0,576,0.62326,0.03961,0.44444,0.04062,0.45660,0.04071,0.08854,0.02322,0.23681,0.03460,0.05556,0.01872,0.09722,0.02422,0.38021,0.03968,0.65513,0.01299,0.05418,0.00170,0.23946,0.00444,0.23447,0.05062,0.95833,0.01633
counterfactual_prefix_search,0.36000,1,576,0.67361,0.03833,0.44618,0.04063,0.41840,0.04032,0.07292,0.02125,0.22639,0.03405,0.04688,0.01728,0.10069,0.02460,0.35069,0.03900,0.65274,0.01298,0.05399,0.00169,0.23905,0.00452,0.30451,0.04745,0.95660,0.01666
counterfactual_prefix_search,0.36000,2,576,0.64062,0.03922,0.45660,0.04071,0.39931,0.04003,0.07292,0.02125,0.23793,0.03469,0.04688,0.01728,0.10764,0.02533,0.37847,0.03964,0.65492,0.01309,0.05424,0.00169,0.23940,0.00442,0.26198,0.05055,0.95833,0.01633
counterfactual_prefix_search,0.36000,3,576,0.66667,0.03853,0.44097,0.04058,0.39583,0.03997,0.07465,0.02148,0.25061,0.03538,0.04167,0.01633,0.08854,0.02322,0.35938,0.03922,0.65183,0.01295,0.05393,0.00170,0.23925,0.00450,0.29998,0.04799,0.95660,0.01666
counterfactual_prefix_search,0.36000,4,576,0.63889,0.03926,0.39757,0.04000,0.39757,0.04000,0.08854,0.02322,0.23620,0.03460,0.05208,0.01816,0.09549,0.02402,0.38368,0.03975,0.65296,0.01284,0.05408,0.00169,0.23941,0.00441,0.25560,0.04990,0.95833,0.01633
counterfactual_prefix_search,0.36000,5,576,0.64236,0.03918,0.40972,0.04020,0.40278,0.04009,0.06076,0.01953,0.25894,0.03547,0.04861,0.01758,0.12326,0.02687,0.38889,0.03985,0.66464,0.01254,0.05493,0.00165,0.24212,0.00407,0.24737,0.04900,0.96701,0.01460
counterfactual_prefix_search,0.36000,6,576,0.62674,0.03953,0.46528,0.04077,0.41667,0.04030,0.07639,0.02171,0.25990,0.03577,0.03646,0.01532,0.10069,0.02460,0.33333,0.03853,0.65371,0.01284,0.05420,0.00168,0.23852,0.00439,0.25316,0.04777,0.95833,0.01633
counterfactual_prefix_search,0.36000,7,576,0.65799,0.03878,0.44097,0.04058,0.37847,0.03964,0.07465,0.02148,0.24375,0.03494,0.03299,0.01460,0.11111,0.02569,0.34549,0.03887,0.65751,0.01300,0.05425,0.00168,0.23994,0.00434,0.28874,0.04787,0.96007,0.01600
counterfactual_prefix_search,0.36000,8,576,0.62847,0.03950,0.44097,0.04058,0.40625,0.04014,0.05903,0.01926,0.24826,0.03531,0.03993,0.01600,0.09549,0.02402,0.34028,0.03873,0.64740,0.01305,0.05368,0.00170,0.23919,0.00467,0.26866,0.04919,0.95312,0.01728
counterfactual_prefix_search,0.36000,9,576,0.68576,0.03794,0.45139,0.04068,0.38194,0.03971,0.08854,0.02322,0.23967,0.03478,0.04167,0.01633,0.10417,0.02497,0.41146,0.04022,0.65116,0.01317,0.05384,0.00171,0.23912,0.00457,0.30746,0.04664,0.95486,0.01697
diffusion_policy_credit_probe,0.18000,0,576,0.00000,0.00000,0.07118,0.02102,0.04688,0.01728,0.00000,0.00000,0.06571,0.01660,0.00000,0.00000,0.00000,0.00000,0.12326,0.02687,0.12910,0.02824,0.01074,0.00240,0.03656,0.00799,-0.05109,0.01169,0.12326,0.02687
diffusion_policy_credit_probe,0.18000,1,576,0.00000,0.00000,0.04167,0.01633,0.02778,0.01343,0.00000,0.00000,0.05226,0.01447,0.00000,0.00000,0.00000,0.00000,0.10417,0.02497,0.10739,0.02581,0.00903,0.00222,0.03065,0.00738,-0.04152,0.01041,0.10417,0.02497
diffusion_policy_credit_probe,0.18000,2,576,0.00000,0.00000,0.04340,0.01666,0.03646,0.01532,0.00000,0.00000,0.06372,0.01696,0.00000,0.00000,0.00000,0.00000,0.11111,0.02569,0.11548,0.02678,0.00937,0.00223,0.03272,0.00758,-0.04776,0.01161,0.11111,0.02569
diffusion_policy_credit_probe,0.18000,3,576,0.00000,0.00000,0.05382,0.01845,0.03472,0.01496,0.00000,0.00000,0.05599,0.01442,0.00000,0.00000,0.00000,0.00000,0.11806,0.02637,0.12077,0.02705,0.01002,0.00230,0.03481,0.00780,-0.04553,0.01061,0.11806,0.02637
diffusion_policy_credit_probe,0.18000,4,576,0.00000,0.00000,0.03993,0.01600,0.02778,0.01343,0.00000,0.00000,0.03811,0.01214,0.00000,0.00000,0.00000,0.00000,0.07986,0.02216,0.08304,0.02312,0.00702,0.00199,0.02348,0.00653,-0.03113,0.00902,0.07986,0.02216
diffusion_policy_credit_probe,0.18000,5,576,0.00000,0.00000,0.03646,0.01532,0.03646,0.01532,0.00000,0.00000,0.04540,0.01460,0.00000,0.00000,0.00000,0.00000,0.07812,0.02194,0.08123,0.02287,0.00675,0.00195,0.02329,0.00656,-0.03385,0.00995,0.07812,0.02194
diffusion_policy_credit_probe,0.18000,6,576,0.00000,0.00000,0.03819,0.01567,0.03993,0.01600,0.00000,0.00000,0.04991,0.01407,0.00000,0.00000,0.00000,0.00000,0.10069,0.02460,0.10380,0.02542,0.00868,0.00217,0.02952,0.00724,-0.03988,0.01020,0.10069,0.02460
diffusion_policy_credit_probe,0.18000,7,576,0.00000,0.00000,0.04167,0.01633,0.03472,0.01496,0.00000,0.00000,0.05460,0.01486,0.00000,0.00000,0.00000,0.00000,0.10764,0.02533,0.11047,0.02607,0.00934,0.00225,0.03171,0.00749,-0.04308,0.01061,0.10764,0.02533
diffusion_policy_credit_probe,0.18000,8,576,0.00000,0.00000,0.04688,0.01728,0.03993,0.01600,0.00000,0.00000,0.06476,0.01745,0.00000,0.00000,0.00000,0.00000,0.10764,0.02533,0.11026,0.02602,0.00882,0.00212,0.03099,0.00733,-0.04727,0.01168,0.10764,0.02533
diffusion_policy_credit_probe,0.18000,9,576,0.00000,0.00000,0.03299,0.01460,0.03819,0.01567,0.00000,0.00000,0.04852,0.01452,0.00000,0.00000,0.00000,0.00000,0.09028,0.02342,0.09346,0.02430,0.00781,0.00207,0.02652,0.00691,-0.03740,0.01019,0.09028,0.02342
diffusion_policy_credit_probe,0.24000,0,576,0.00000,0.00000,0.04340,0.01666,0.03299,0.01460,0.00000,0.00000,0.06250,0.01691,0.00000,0.00000,0.00000,0.00000,0.10764,0.02533,0.11219,0.02649,0.00961,0.00231,0.03199,0.00755,-0.04669,0.01155,0.10764,0.02533
diffusion_policy_credit_probe,0.24000,1,576,0.00000,0.00000,0.04514,0.01697,0.03646,0.01532,0.00000,0.00000,0.05286,0.01451,0.00000,0.00000,0.00000,0.00000,0.10590,0.02515,0.10957,0.02612,0.00900,0.00219,0.03104,0.00740,-0.04215,0.01049,0.10590,0.02515
diffusion_policy_credit_probe,0.24000,2,576,0.00000,0.00000,0.03472,0.01496,0.02431,0.01259,0.00000,0.00000,0.04905,0.01481,0.00000,0.00000,0.00000,0.00000,0.08854,0.02322,0.09154,0.02406,0.00776,0.00209,0.02631,0.00692,-0.03728,0.01027,0.08854,0.02322
diffusion_policy_credit_probe,0.24000,3,576,0.00000,0.00000,0.05035,0.01787,0.04861,0.01758,0.00000,0.00000,0.06797,0.01714,0.00000,0.00000,0.00000,0.00000,0.12326,0.02687,0.12576,0.02748,0.01053,0.00234,0.03614,0.00790,-0.05148,0.01182,0.12326,0.02687
diffusion_policy_credit_probe,0.24000,4,576,0.00000,0.00000,0.02778,0.01343,0.03472,0.01496,0.00000,0.00000,0.04688,0.01389,0.00000,0.00000,0.00000,0.00000,0.09201,0.02363,0.09399,0.02419,0.00743,0.00196,0.02639,0.00680,-0.03679,0.00989,0.09201,0.02363
diffusion_policy_credit_probe,0.24000,5,576,0.00000,0.00000,0.03646,0.01532,0.04514,0.01697,0.00000,0.00000,0.05616,0.01568,0.00000,0.00000,0.00000,0.00000,0.10243,0.02478,0.10653,0.02588,0.00864,0.00214,0.02949,0.00717,-0.04296,0.01091,0.10243,0.02478
diffusion_policy_credit_probe,0.24000,6,576,0.00000,0.00000,0.04688,0.01728,0.03993,0.01600,0.00000,0.00000,0.05981,0.01586,0.00000,0.00000,0.00000,0.00000,0.11285,0.02586,0.11773,0.02707,0.00988,0.00231,0.03345,0.00769,-0.04655,0.01118,0.11285,0.02586
diffusion_policy_credit_probe,0.24000,7,576,0.00000,0.00000,0.04861,0.01758,0.03819,0.01567,0.00000,0.00000,0.05634,0.01520,0.00000,0.00000,0.00000,0.00000,0.10938,0.02551,0.11177,0.02613,0.00915,0.00220,0.03186,0.00747,-0.04403,0.01076,0.10938,0.02551
diffusion_policy_credit_probe,0.24000,8,576,0.00000,0.00000,0.03472,0.01496,0.02951,0.01383,0.00000,0.00000,0.05790,0.01601,0.00000,0.00000,0.00000,0.00000,0.10417,0.02497,0.10845,0.02608,0.00954,0.00234,0.03155,0.00759,-0.04410,0.01111,0.10417,0.02497
diffusion_policy_credit_probe,0.24000,9,576,0.00000,0.00000,0.05556,0.01872,0.04861,0.01758,0.00000,0.00000,0.06458,0.01632,0.00000,0.00000,0.00000,0.00000,0.12326,0.02687,0.12876,0.02815,0.01086,0.00242,0.03690,0.00807,-0.05057,0.01156,0.12326,0.02687
diffusion_policy_credit_probe,0.30000,0,576,0.09549,0.02402,0.11632,0.02621,0.09549,0.02402,0.01910,0.01119,0.08932,0.02173,0.01042,0.00830,0.01389,0.00957,0.13889,0.02827,0.19027,0.02837,0.01689,0.00254,0.06710,0.00972,-0.00695,0.02453,0.24306,0.03506
diffusion_policy_credit_probe,0.30000,1,576,0.09722,0.02422,0.10590,0.02515,0.09201,0.02363,0.00694,0.00679,0.09826,0.02229,0.00694,0.00679,0.01910,0.01119,0.14931,0.02913,0.20856,0.03003,0.01852,0.00269,0.07158,0.01000,-0.00582,0.02327,0.25694,0.03572
diffusion_policy_credit_probe,0.30000,2,576,0.08854,0.02322,0.11458,0.02603,0.10243,0.02478,0.00868,0.00758,0.07674,0.01972,0.01215,0.00896,0.01389,0.00957,0.13021,0.02751,0.18581,0.02839,0.01643,0.00252,0.06517,0.00968,-0.00463,0.02388,0.23438,0.03462
diffusion_policy_credit_probe,0.30000,3,576,0.11632,0.02621,0.10069,0.02460,0.09722,0.02422,0.01910,0.01119,0.08411,0.02106,0.00868,0.00758,0.00868,0.00758,0.13368,0.02782,0.19075,0.02853,0.01713,0.00258,0.06692,0.00970,0.02111,0.02350,0.24306,0.03506
diffusion_policy_credit_probe,0.30000,4,576,0.11111,0.02569,0.09549,0.02402,0.09028,0.02342,0.00868,0.00758,0.10009,0.02233,0.00694,0.00679,0.01910,0.01119,0.15972,0.02994,0.20650,0.03022,0.01802,0.00265,0.07018,0.00994,0.00692,0.02401,0.25174,0.03547
diffusion_policy_credit_probe,0.30000,5,576,0.09549,0.02402,0.10764,0.02533,0.08333,0.02259,0.00521,0.00588,0.09427,0.02168,0.00347,0.00481,0.01736,0.01068,0.15451,0.02954,0.19702,0.02959,0.01757,0.00265,0.06781,0.00988,0.00202,0.02341,0.24132,0.03497
diffusion_policy_credit_probe,0.30000,6,576,0.09375,0.02382,0.11458,0.02603,0.08681,0.02301,0.02257,0.01214,0.08368,0.02068,0.00521,0.00588,0.01910,0.01119,0.14236,0.02856,0.20185,0.02964,0.01753,0.00259,0.06973,0.00992,-0.00750,0.02472,0.25000,0.03539
diffusion_policy_credit_probe,0.30000,7,576,0.10417,0.02497,0.10069,0.02460,0.09028,0.02342,0.02083,0.01167,0.09236,0.02181,0.00694,0.00679,0.01215,0.00896,0.13194,0.02766,0.19848,0.02941,0.01768,0.00263,0.06809,0.00978,0.00309,0.02628,0.24653,0.03523
diffusion_policy_credit_probe,0.30000,8,576,0.08854,0.02322,0.11806,0.02637,0.09722,0.02422,0.01215,0.00896,0.09896,0.02214,0.00694,0.00679,0.01910,0.01119,0.17014,0.03071,0.21706,0.03074,0.01911,0.00272,0.07389,0.01015,-0.01881,0.02470,0.26389,0.03603
diffusion_policy_credit_probe,0.30000,9,576,0.09722,0.02422,0.11111,0.02569,0.10417,0.02497,0.00868,0.00758,0.08802,0.02063,0.00521,0.00588,0.02951,0.01383,0.18924,0.03202,0.22018,0.03057,0.01956,0.00274,0.07538,0.01017,-0.00907,0.02347,0.27083,0.03632
diffusion_policy_credit_probe,0.36000,0,576,0.37674,0.03961,0.26562,0.03610,0.24132,0.03497,0.05382,0.01845,0.16649,0.02984,0.03299,0.01460,0.09549,0.02402,0.24653,0.03523,0.47170,0.02889,0.05028,0.00315,0.18723,0.01126,0.09555,0.04249,0.65278,0.03891
diffusion_policy_credit_probe,0.36000,1,576,0.40625,0.04014,0.28472,0.03689,0.23438,0.03462,0.06250,0.01979,0.23307,0.03398,0.04340,0.01666,0.09549,0.02402,0.26389,0.03603,0.48581,0.02887,0.05168,0.00314,0.19222,0.01117,0.07886,0.04237,0.66840,0.03848
diffusion_policy_credit_probe,0.36000,2,576,0.39583,0.03997,0.28819,0.03702,0.23958,0.03489,0.06250,0.01979,0.19323,0.03153,0.03993,0.01600,0.06771,0.02054,0.28299,0.03682,0.49105,0.02866,0.05257,0.00314,0.19428,0.01106,0.10517,0.04339,0.67708,0.03822
diffusion_policy_credit_probe,0.36000,3,576,0.39062,0.03988,0.29167,0.03715,0.25000,0.03539,0.04861,0.01758,0.16198,0.02932,0.02604,0.01302,0.07465,0.02148,0.24479,0.03514,0.47668,0.02895,0.05060,0.00314,0.18903,0.01124,0.13349,0.04120,0.65799,0.03878
diffusion_policy_credit_probe,0.36000,4,576,0.38715,0.03981,0.28472,0.03689,0.22917,0.03435,0.07465,0.02148,0.20304,0.03219,0.03646,0.01532,0.08160,0.02238,0.25347,0.03556,0.46971,0.02920,0.04987,0.00316,0.18614,0.01132,0.08585,0.04338,0.64757,0.03905
diffusion_policy_credit_probe,0.36000,5,576,0.39236,0.03991,0.26042,0.03587,0.23264,0.03454,0.07465,0.02148,0.19766,0.03210,0.04340,0.01666,0.08854,0.02322,0.26042,0.03587,0.46911,0.02893,0.04987,0.00315,0.18658,0.01132,0.08144,0.04084,0.64931,0.03900
diffusion_policy_credit_probe,0.36000,6,576,0.39410,0.03994,0.28646,0.03695,0.23611,0.03471,0.06424,0.02004,0.15964,0.02918,0.04514,0.01697,0.08507,0.02280,0.24306,0.03506,0.47328,0.02878,0.05054,0.00314,0.18789,0.01121,0.10355,0.04433,0.65625,0.03882
diffusion_policy_credit_probe,0.36000,7,576,0.38368,0.03975,0.27083,0.03632,0.26042,0.03587,0.06597,0.02029,0.21441,0.03315,0.03472,0.01496,0.07812,0.02194,0.22049,0.03389,0.46885,0.02867,0.04991,0.00311,0.18663,0.01122,0.08588,0.04165,0.65278,0.03891
diffusion_policy_credit_probe,0.36000,8,576,0.38715,0.03981,0.25694,0.03572,0.28125,0.03675,0.06597,0.02029,0.19306,0.03177,0.04340,0.01666,0.07465,0.02148,0.24132,0.03497,0.47993,0.02861,0.05128,0.00312,0.19095,0.01118,0.08884,0.04208,0.66493,0.03858
diffusion_policy_credit_probe,0.36000,9,576,0.39757,0.04000,0.30035,0.03747,0.22396,0.03408,0.06424,0.02004,0.19913,0.03174,0.03299,0.01460,0.06250,0.01979,0.27257,0.03640,0.50018,0.02921,0.05297,0.00315,0.19525,0.01104,0.11291,0.04186,0.68056,0.03811
inverse_dynamics_saliency,0.18000,0,576,0.00000,0.00000,0.00868,0.00758,0.00174,0.00340,0.00000,0.00000,0.01311,0.00722,0.00000,0.00000,0.00000,0.00000,0.02778,0.01343,0.03231,0.01564,0.00344,0.00168,0.01177,0.00571,-0.01120,0.00561,0.02778,0.01343
inverse_dynamics_saliency,0.18000,1,576,0.00000,0.00000,0.00521,0.00588,0.00347,0.00481,0.00000,0.00000,0.01771,0.00920,0.00000,0.00000,0.00000,0.00000,0.03125,0.01422,0.03709,0.01692,0.00407,0.00186,0.01396,0.00636,-0.01398,0.00663,0.03125,0.01422
inverse_dynamics_saliency,0.18000,2,576,0.00000,0.00000,0.00868,0.00758,0.00521,0.00588,0.00000,0.00000,0.01302,0.00771,0.00000,0.00000,0.00000,0.00000,0.02431,0.01259,0.02931,0.01522,0.00298,0.00156,0.01048,0.00545,-0.01062,0.00572,0.02431,0.01259
inverse_dynamics_saliency,0.18000,3,576,0.00000,0.00000,0.00694,0.00679,0.00174,0.00340,0.00000,0.00000,0.01120,0.00745,0.00000,0.00000,0.00000,0.00000,0.01910,0.01119,0.02287,0.01343,0.00246,0.00146,0.00850,0.00499,-0.00873,0.00532,0.01910,0.01119
inverse_dynamics_saliency,0.18000,4,576,0.00000,0.00000,0.00868,0.00758,0.01562,0.01014,0.00000,0.00000,0.02865,0.01263,0.00000,0.00000,0.00000,0.00000,0.03993,0.01600,0.04867,0.01955,0.00501,0.00204,0.01725,0.00694,-0.02058,0.00853,0.03993,0.01600
inverse_dynamics_saliency,0.18000,5,576,0.00000,0.00000,0.00347,0.00481,0.00868,0.00758,0.00000,0.00000,0.00764,0.00633,0.00000,0.00000,0.00000,0.00000,0.01215,0.00896,0.01434,0.01057,0.00148,0.00110,0.00515,0.00381,-0.00573,0.00438,0.01215,0.00896
inverse_dynamics_saliency,0.18000,6,576,0.00000,0.00000,0.01042,0.00830,0.00347,0.00481,0.00000,0.00000,0.02465,0.01136,0.00000,0.00000,0.00000,0.00000,0.03819,0.01567,0.04464,0.01834,0.00452,0.00187,0.01628,0.00670,-0.01820,0.00778,0.03819,0.01567
inverse_dynamics_saliency,0.18000,7,576,0.00000,0.00000,0.00694,0.00679,0.00521,0.00588,0.00000,0.00000,0.01302,0.00771,0.00000,0.00000,0.00000,0.00000,0.02431,0.01259,0.02876,0.01491,0.00278,0.00145,0.01015,0.00527,-0.01051,0.00566,0.02431,0.01259
inverse_dynamics_saliency,0.18000,8,576,0.00000,0.00000,0.00521,0.00588,0.00521,0.00588,0.00000,0.00000,0.01181,0.00754,0.00000,0.00000,0.00000,0.00000,0.02083,0.01167,0.02425,0.01360,0.00252,0.00142,0.00873,0.00491,-0.00923,0.00538,0.02083,0.01167
inverse_dynamics_saliency,0.18000,9,576,0.00000,0.00000,0.00694,0.00679,0.00521,0.00588,0.00000,0.00000,0.01936,0.01015,0.00000,0.00000,0.00000,0.00000,0.02951,0.01383,0.03544,0.01665,0.00373,0.00177,0.01297,0.00610,-0.01436,0.00702,0.02951,0.01383
inverse_dynamics_saliency,0.24000,0,576,0.00000,0.00000,0.00347,0.00481,0.00347,0.00481,0.00000,0.00000,0.00885,0.00654,0.00000,0.00000,0.00000,0.00000,0.01562,0.01014,0.01845,0.01199,0.00181,0.00118,0.00671,0.00438,-0.00696,0.00471,0.01562,0.01014
inverse_dynamics_saliency,0.24000,1,576,0.00000,0.00000,0.00868,0.00758,0.00868,0.00758,0.00000,0.00000,0.01823,0.00965,0.00000,0.00000,0.00000,0.00000,0.02951,0.01383,0.03439,0.01614,0.00365,0.00172,0.01270,0.00597,-0.01372,0.00671,0.02951,0.01383
inverse_dynamics_saliency,0.24000,2,576,0.00000,0.00000,0.00694,0.00679,0.00521,0.00588,0.00000,0.00000,0.02231,0.01080,0.00000,0.00000,0.00000,0.00000,0.03472,0.01496,0.04119,0.01777,0.00440,0.00191,0.01528,0.00660,-0.01662,0.00746,0.03472,0.01496
inverse_dynamics_saliency,0.24000,3,576,0.00000,0.00000,0.00868,0.00758,0.00868,0.00758,0.00000,0.00000,0.01875,0.01009,0.00000,0.00000,0.00000,0.00000,0.02778,0.01343,0.03358,0.01628,0.00347,0.00169,0.01221,0.00592,-0.01378,0.00695,0.02778,0.01343
inverse_dynamics_saliency,0.24000,4,576,0.00000,0.00000,0.00347,0.00481,0.01215,0.00896,0.00000,0.00000,0.01997,0.01021,0.00000,0.00000,0.00000,0.00000,0.03125,0.01422,0.03692,0.01684,0.00384,0.00177,0.01329,0.00607,-0.01488,0.00706,0.03125,0.01422
inverse_dynamics_saliency,0.24000,5,576,0.00000,0.00000,0.00521,0.00588,0.00521,0.00588,0.00000,0.00000,0.01415,0.00833,0.00000,0.00000,0.00000,0.00000,0.02431,0.01259,0.02849,0.01480,0.00300,0.00157,0.01041,0.00542,-0.01096,0.00594,0.02431,0.01259
inverse_dynamics_saliency,0.24000,6,576,0.00000,0.00000,0.00694,0.00679,0.00868,0.00758,0.00000,0.00000,0.02109,0.01069,0.00000,0.00000,0.00000,0.00000,0.03125,0.01422,0.03802,0.01736,0.00405,0.00186,0.01359,0.00621,-0.01555,0.00734,0.03125,0.01422
inverse_dynamics_saliency,0.24000,7,576,0.00000,0.00000,0.00521,0.00588,0.00000,0.00000,0.00000,0.00000,0.01589,0.00898,0.00000,0.00000,0.00000,0.00000,0.02604,0.01302,0.03042,0.01523,0.00309,0.00157,0.01096,0.00549,-0.01202,0.00627,0.02604,0.01302
inverse_dynamics_saliency,0.24000,8,576,0.00000,0.00000,0.01736,0.01068,0.01042,0.00830,0.00000,0.00000,0.02821,0.01198,0.00000,0.00000,0.00000,0.00000,0.04514,0.01697,0.05363,0.02021,0.00571,0.00217,0.01958,0.00739,-0.02129,0.00835,0.04514,0.01697
inverse_dynamics_saliency,0.24000,9,576,0.00000,0.00000,0.00694,0.00679,0.00694,0.00679,0.00000,0.00000,0.01641,0.00945,0.00000,0.00000,0.00000,0.00000,0.02431,0.01259,0.02877,0.01495,0.00321,0.00168,0.01073,0.00558,-0.01197,0.00645,0.02431,0.01259
inverse_dynamics_saliency,0.30000,0,576,0.00000,0.00000,0.00521,0.00588,0.00174,0.00340,0.00000,0.00000,0.01658,0.00864,0.00000,0.00000,0.00000,0.00000,0.03125,0.01422,0.03684,0.01679,0.00384,0.00176,0.01323,0.00604,-0.01345,0.00637,0.03125,0.01422
inverse_dynamics_saliency,0.30000,1,576,0.00000,0.00000,0.00174,0.00340,0.00174,0.00340,0.00000,0.00000,0.00816,0.00699,0.00000,0.00000,0.00000,0.00000,0.01042,0.00830,0.01202,0.00959,0.00134,0.00109,0.00453,0.00363,-0.00555,0.00455,0.01042,0.00830
inverse_dynamics_saliency,0.30000,2,576,0.00000,0.00000,0.00694,0.00679,0.01042,0.00830,0.00000,0.00000,0.01181,0.00754,0.00000,0.00000,0.00000,0.00000,0.02083,0.01167,0.02385,0.01338,0.00234,0.00133,0.00864,0.00486,-0.00915,0.00535,0.02083,0.01167
inverse_dynamics_saliency,0.30000,3,576,0.00000,0.00000,0.00868,0.00758,0.01215,0.00896,0.00000,0.00000,0.02170,0.01074,0.00000,0.00000,0.00000,0.00000,0.03299,0.01460,0.03877,0.01718,0.00423,0.00189,0.01441,0.00640,-0.01595,0.00735,0.03299,0.01460
inverse_dynamics_saliency,0.30000,4,576,0.00000,0.00000,0.00868,0.00758,0.00521,0.00588,0.00000,0.00000,0.02057,0.01028,0.00000,0.00000,0.00000,0.00000,0.03299,0.01460,0.03993,0.01770,0.00418,0.00187,0.01471,0.00652,-0.01566,0.00720,0.03299,0.01460
inverse_dynamics_saliency,0.30000,5,576,0.00000,0.00000,0.00174,0.00340,0.00174,0.00340,0.00000,0.00000,0.00599,0.00462,0.00000,0.00000,0.00000,0.00000,0.01389,0.00957,0.01691,0.01167,0.00173,0.00119,0.00634,0.00438,-0.00548,0.00388,0.01389,0.00957
inverse_dynamics_saliency,0.30000,6,576,0.00000,0.00000,0.01910,0.01119,0.01042,0.00830,0.00000,0.00000,0.02656,0.01119,0.00000,0.00000,0.00000,0.00000,0.04688,0.01728,0.05490,0.02027,0.00600,0.00224,0.02047,0.00756,-0.02084,0.00800,0.04688,0.01728
inverse_dynamics_saliency,0.30000,7,576,0.00000,0.00000,0.00694,0.00679,0.00521,0.00588,0.00000,0.00000,0.01111,0.00793,0.00000,0.00000,0.00000,0.00000,0.01562,0.01014,0.01869,0.01214,0.00205,0.00133,0.00685,0.00446,-0.00796,0.00534,0.01562,0.01014
inverse_dynamics_saliency,0.30000,8,576,0.00000,0.00000,0.00694,0.00679,0.00174,0.00340,0.00000,0.00000,0.01528,0.00891,0.00000,0.00000,0.00000,0.00000,0.02431,0.01259,0.02908,0.01509,0.00312,0.00163,0.01073,0.00557,-0.01154,0.00622,0.02431,0.01259
inverse_dynamics_saliency,0.30000,9,576,0.00000,0.00000,0.00521,0.00588,0.00347,0.00481,0.00000,0.00000,0.01589,0.00898,0.00000,0.00000,0.00000,0.00000,0.02604,0.01302,0.03064,0.01537,0.00319,0.00162,0.01105,0.00555,-0.01206,0.00628,0.02604,0.01302
inverse_dynamics_saliency,0.36000,0,576,0.00000,0.00000,0.00868,0.00758,0.00521,0.00588,0.00000,0.00000,0.02292,0.01086,0.00000,0.00000,0.00000,0.00000,0.03646,0.01532,0.04296,0.01808,0.00467,0.00197,0.01606,0.00676,-0.01720,0.00753,0.03646,0.01532
inverse_dynamics_saliency,0.36000,1,576,0.00000,0.00000,0.00868,0.00758,0.00521,0.00588,0.00000,0.00000,0.01181,0.00754,0.00000,0.00000,0.00000,0.00000,0.02083,0.01167,0.02497,0.01402,0.00255,0.00144,0.00897,0.00505,-0.00935,0.00546,0.02083,0.01167
inverse_dynamics_saliency,0.36000,2,576,0.00000,0.00000,0.00694,0.00679,0.00347,0.00481,0.00000,0.00000,0.01589,0.00898,0.00000,0.00000,0.00000,0.00000,0.02604,0.01302,0.03149,0.01578,0.00345,0.00174,0.01178,0.00590,-0.01222,0.00635,0.02604,0.01302
inverse_dynamics_saliency,0.36000,3,576,0.00000,0.00000,0.00868,0.00758,0.01736,0.01068,0.00000,0.00000,0.02977,0.01301,0.00000,0.00000,0.00000,0.00000,0.03993,0.01600,0.04911,0.01973,0.00507,0.00206,0.01740,0.00700,-0.02113,0.00872,0.03993,0.01600
inverse_dynamics_saliency,0.36000,4,576,0.00000,0.00000,0.00347,0.00481,0.00694,0.00679,0.00000,0.00000,0.00885,0.00654,0.00000,0.00000,0.00000,0.00000,0.01562,0.01014,0.01847,0.01200,0.00197,0.00129,0.00681,0.00443,-0.00697,0.00470,0.01562,0.01014
inverse_dynamics_saliency,0.36000,5,576,0.00000,0.00000,0.01042,0.00830,0.00521,0.00588,0.00000,0.00000,0.02465,0.01136,0.00000,0.00000,0.00000,0.00000,0.03819,0.01567,0.04460,0.01832,0.00449,0.00186,0.01623,0.00668,-0.01819,0.00778,0.03819,0.01567
inverse_dynamics_saliency,0.36000,6,576,0.00000,0.00000,0.00868,0.00758,0.00347,0.00481,0.00000,0.00000,0.01128,0.00694,0.00000,0.00000,0.00000,0.00000,0.02257,0.01214,0.02705,0.01458,0.00276,0.00150,0.00956,0.00517,-0.00949,0.00528,0.02257,0.01214
inverse_dynamics_saliency,0.36000,7,576,0.00000,0.00000,0.00521,0.00588,0.00868,0.00758,0.00000,0.00000,0.01649,0.00905,0.00000,0.00000,0.00000,0.00000,0.02778,0.01343,0.03311,0.01604,0.00343,0.00167,0.01188,0.00577,-0.01275,0.00642,0.02778,0.01343
inverse_dynamics_saliency,0.36000,8,576,0.00000,0.00000,0.00694,0.00679,0.00521,0.00588,0.00000,0.00000,0.01884,0.00972,0.00000,0.00000,0.00000,0.00000,0.03125,0.01422,0.03813,0.01739,0.00401,0.00184,0.01391,0.00635,-0.01461,0.00694,0.03125,0.01422
inverse_dynamics_saliency,0.36000,9,576,0.00000,0.00000,0.00521,0.00588,0.00347,0.00481,0.00000,0.00000,0.01406,0.00876,0.00000,0.00000,0.00000,0.00000,0.02083,0.01167,0.02409,0.01350,0.00228,0.00130,0.00850,0.00479,-0.01013,0.00591,0.02083,0.01167
object_state_change_attribution,0.18000,0,576,0.00000,0.00000,0.03993,0.01600,0.03993,0.01600,0.00000,0.00000,0.05625,0.01545,0.00000,0.00000,0.00000,0.00000,0.10590,0.02515,0.10914,0.02601,0.00831,0.00203,0.03199,0.00763,-0.04302,0.01077,0.10590,0.02515
object_state_change_attribution,0.18000,1,576,0.00000,0.00000,0.04688,0.01728,0.02951,0.01383,0.00000,0.00000,0.06311,0.01694,0.00000,0.00000,0.00000,0.00000,0.10938,0.02551,0.11434,0.02677,0.00903,0.00216,0.03295,0.00771,-0.04684,0.01152,0.10938,0.02551
object_state_change_attribution,0.18000,2,576,0.00000,0.00000,0.04167,0.01633,0.04688,0.01728,0.00000,0.00000,0.05729,0.01598,0.00000,0.00000,0.00000,0.00000,0.10243,0.02478,0.10548,0.02559,0.00778,0.00195,0.03080,0.00748,-0.04279,0.01089,0.10243,0.02478
object_state_change_attribution,0.18000,3,576,0.00000,0.00000,0.04514,0.01697,0.03993,0.01600,0.00000,0.00000,0.05677,0.01571,0.00000,0.00000,0.00000,0.00000,0.10417,0.02497,0.10749,0.02583,0.00770,0.00190,0.03134,0.00754,-0.04291,0.01083,0.10417,0.02497
object_state_change_attribution,0.18000,4,576,0.00000,0.00000,0.02951,0.01383,0.03299,0.01460,0.00000,0.00000,0.05998,0.01702,0.00000,0.00000,0.00000,0.00000,0.09722,0.02422,0.10102,0.02524,0.00804,0.00205,0.02982,0.00746,-0.04317,0.01130,0.09722,0.02422
object_state_change_attribution,0.18000,5,576,0.00000,0.00000,0.02257,0.01214,0.03125,0.01422,0.00000,0.00000,0.05017,0.01512,0.00000,0.00000,0.00000,0.00000,0.08854,0.02322,0.09310,0.02449,0.00743,0.00198,0.02694,0.00709,-0.03763,0.01038,0.08854,0.02322
object_state_change_attribution,0.18000,6,576,0.00000,0.00000,0.03646,0.01532,0.03472,0.01496,0.00000,0.00000,0.06441,0.01677,0.00000,0.00000,0.00000,0.00000,0.11632,0.02621,0.12083,0.02732,0.00926,0.00217,0.03544,0.00802,-0.04852,0.01148,0.11632,0.02621
object_state_change_attribution,0.18000,7,576,0.00000,0.00000,0.04167,0.01633,0.03646,0.01532,0.00000,0.00000,0.04679,0.01415,0.00000,0.00000,0.00000,0.00000,0.08854,0.02322,0.09248,0.02434,0.00713,0.00192,0.02662,0.00701,-0.03608,0.00995,0.08854,0.02322
object_state_change_attribution,0.18000,8,576,0.00000,0.00000,0.02951,0.01383,0.04167,0.01633,0.00000,0.00000,0.05069,0.01540,0.00000,0.00000,0.00000,0.00000,0.08681,0.02301,0.09061,0.02408,0.00729,0.00198,0.02632,0.00700,-0.03741,0.01042,0.08681,0.02301
object_state_change_attribution,0.18000,9,576,0.00000,0.00000,0.03819,0.01567,0.04167,0.01633,0.00000,0.00000,0.06328,0.01649,0.00000,0.00000,0.00000,0.00000,0.11632,0.02621,0.12134,0.02740,0.00888,0.00206,0.03492,0.00789,-0.04810,0.01141,0.11632,0.02621
object_state_change_attribution,0.24000,0,576,0.00000,0.00000,0.04340,0.01666,0.02778,0.01343,0.00000,0.00000,0.05807,0.01554,0.00000,0.00000,0.00000,0.00000,0.11111,0.02569,0.11384,0.02638,0.00868,0.00207,0.03397,0.00790,-0.04463,0.01083,0.11111,0.02569
object_state_change_attribution,0.24000,1,576,0.00000,0.00000,0.02951,0.01383,0.03993,0.01600,0.00000,0.00000,0.05694,0.01524,0.00000,0.00000,0.00000,0.00000,0.11111,0.02569,0.11439,0.02652,0.00850,0.00203,0.03323,0.00771,-0.04423,0.01073,0.11111,0.02569
object_state_change_attribution,0.24000,2,576,0.00000,0.00000,0.03819,0.01567,0.02604,0.01302,0.00000,0.00000,0.05165,0.01444,0.00000,0.00000,0.00000,0.00000,0.10243,0.02478,0.10800,0.02625,0.00821,0.00206,0.03117,0.00757,-0.04086,0.01038,0.10243,0.02478
object_state_change_attribution,0.24000,3,576,0.00000,0.00000,0.05035,0.01787,0.02951,0.01383,0.00000,0.00000,0.05694,0.01524,0.00000,0.00000,0.00000,0.00000,0.11111,0.02569,0.11603,0.02691,0.00879,0.00210,0.03382,0.00785,-0.04452,0.01080,0.11111,0.02569
object_state_change_attribution,0.24000,4,576,0.00000,0.00000,0.04688,0.01728,0.05729,0.01900,0.00000,0.00000,0.06285,0.01601,0.00000,0.00000,0.00000,0.00000,0.12153,0.02671,0.12764,0.02815,0.00982,0.00222,0.03712,0.00820,-0.04906,0.01132,0.12153,0.02671
object_state_change_attribution,0.24000,5,576,0.00000,0.00000,0.05208,0.01816,0.03819,0.01567,0.00000,0.00000,0.05373,0.01556,0.00000,0.00000,0.00000,0.00000,0.09549,0.02402,0.09984,0.02496,0.00726,0.00187,0.02895,0.00724,-0.04029,0.01059,0.09722,0.02422
object_state_change_attribution,0.24000,6,576,0.00000,0.00000,0.04167,0.01633,0.04514,0.01697,0.00000,0.00000,0.05512,0.01514,0.00000,0.00000,0.00000,0.00000,0.10590,0.02515,0.10862,0.02586,0.00800,0.00195,0.03226,0.00769,-0.04244,0.01059,0.10590,0.02515
object_state_change_attribution,0.24000,7,576,0.00000,0.00000,0.04340,0.01666,0.04340,0.01666,0.00000,0.00000,0.06102,0.01592,0.00000,0.00000,0.00000,0.00000,0.11632,0.02621,0.11977,0.02708,0.00909,0.00211,0.03502,0.00793,-0.04692,0.01109,0.11632,0.02621
object_state_change_attribution,0.24000,8,576,0.00000,0.00000,0.04861,0.01758,0.05382,0.01845,0.00000,0.00000,0.06623,0.01685,0.00000,0.00000,0.00000,0.00000,0.12153,0.02671,0.12559,0.02768,0.00928,0.00210,0.03666,0.00810,-0.05011,0.01157,0.12153,0.02671
object_state_change_attribution,0.24000,9,576,0.00000,0.00000,0.03472,0.01496,0.03993,0.01600,0.00000,0.00000,0.05191,0.01546,0.00000,0.00000,0.00000,0.00000,0.09028,0.02342,0.09289,0.02415,0.00699,0.00186,0.02752,0.00716,-0.03831,0.01046,0.09028,0.02342
object_state_change_attribution,0.30000,0,576,0.10243,0.02478,0.09722,0.02422,0.09722,0.02422,0.01215,0.00896,0.07144,0.01915,0.00347,0.00481,0.02431,0.01259,0.13542,0.02797,0.18860,0.02844,0.01525,0.00234,0.06789,0.00994,0.01343,0.02366,0.23958,0.03489
object_state_change_attribution,0.30000,1,576,0.09375,0.02382,0.10590,0.02515,0.08507,0.02280,0.02083,0.01167,0.09583,0.02224,0.00521,0.00588,0.01910,0.01119,0.14236,0.02856,0.19217,0.02910,0.01567,0.00243,0.06849,0.01009,-0.00892,0.02254,0.23785,0.03480
object_state_change_attribution,0.30000,2,576,0.09549,0.02402,0.09201,0.02363,0.09896,0.02441,0.02083,0.01167,0.09835,0.02213,0.01389,0.00957,0.02083,0.01167,0.14931,0.02913,0.20895,0.03007,0.01670,0.00244,0.07395,0.01034,-0.02187,0.02336,0.25694,0.03572
object_state_change_attribution,0.30000,3,576,0.10243,0.02478,0.08681,0.02301,0.08507,0.02280,0.01042,0.00830,0.08064,0.02059,0.00174,0.00340,0.02083,0.01167,0.11979,0.02654,0.17209,0.02741,0.01346,0.00218,0.06240,0.00969,0.01750,0.02098,0.21875,0.03379
object_state_change_attribution,0.30000,4,576,0.11111,0.02569,0.11285,0.02586,0.09549,0.02402,0.01736,0.01068,0.09245,0.02164,0.00694,0.00679,0.02604,0.01302,0.13889,0.02827,0.20195,0.02933,0.01595,0.00234,0.07179,0.01012,0.00353,0.02539,0.25347,0.03556
object_state_change_attribution,0.30000,5,576,0.09201,0.02363,0.09549,0.02402,0.09896,0.02441,0.01215,0.00896,0.07908,0.01999,0.00694,0.00679,0.01042,0.00830,0.13368,0.02782,0.19752,0.02917,0.01557,0.00233,0.06984,0.01004,0.00306,0.02362,0.24653,0.03523
object_state_change_attribution,0.30000,6,576,0.09549,0.02402,0.11979,0.02654,0.11979,0.02654,0.02604,0.01302,0.10321,0.02223,0.01042,0.00830,0.03299,0.01460,0.17535,0.03108,0.23248,0.03124,0.01860,0.00252,0.08197,0.01068,-0.03437,0.02579,0.28472,0.03689
object_state_change_attribution,0.30000,7,576,0.08854,0.02322,0.11979,0.02654,0.09722,0.02422,0.02083,0.01167,0.08316,0.02049,0.00694,0.00679,0.02431,0.01259,0.14410,0.02871,0.20775,0.03009,0.01614,0.00238,0.07268,0.01020,-0.01669,0.02433,0.25521,0.03564
object_state_change_attribution,0.30000,8,576,0.09896,0.02441,0.07986,0.02216,0.07812,0.02194,0.01910,0.01119,0.09106,0.02195,0.00521,0.00588,0.02257,0.01214,0.11458,0.02603,0.17609,0.02757,0.01383,0.00219,0.06355,0.00971,-0.00014,0.02143,0.22396,0.03408
object_state_change_attribution,0.30000,9,576,0.11806,0.02637,0.09549,0.02402,0.09028,0.02342,0.00868,0.00758,0.07969,0.02001,0.01042,0.00830,0.02951,0.01383,0.15451,0.02954,0.19976,0.02911,0.01602,0.00238,0.07164,0.01015,0.01440,0.02654,0.25174,0.03547
object_state_change_attribution,0.36000,0,576,0.35938,0.03922,0.28646,0.03695,0.25000,0.03539,0.08507,0.02280,0.18958,0.03154,0.03819,0.01567,0.06771,0.02054,0.26736,0.03618,0.48244,0.02900,0.04658,0.00289,0.19521,0.01148,0.06605,0.04296,0.66319,0.03863
object_state_change_attribution,0.36000,1,576,0.38368,0.03975,0.26736,0.03618,0.23090,0.03445,0.07812,0.02194,0.20295,0.03231,0.03993,0.01600,0.09028,0.02342,0.24826,0.03531,0.47186,0.02899,0.04539,0.00289,0.19135,0.01157,0.07410,0.04085,0.65104,0.03896
object_state_change_attribution,0.36000,2,576,0.37847,0.03964,0.26042,0.03587,0.23264,0.03454,0.07292,0.02125,0.18490,0.03131,0.03299,0.01460,0.07986,0.02216,0.22049,0.03389,0.46749,0.02906,0.04486,0.00287,0.19003,0.01160,0.09388,0.04210,0.64583,0.03909
object_state_change_attribution,0.36000,3,576,0.39583,0.03997,0.26215,0.03595,0.24306,0.03506,0.05556,0.01872,0.19714,0.03199,0.03125,0.01422,0.08507,0.02280,0.25868,0.03579,0.49023,0.02874,0.04744,0.00287,0.19960,0.01147,0.10894,0.04381,0.67361,0.03833
object_state_change_attribution,0.36000,4,576,0.41146,0.04022,0.26389,0.03603,0.22569,0.03417,0.07118,0.02102,0.20868,0.03274,0.03472,0.01496,0.09722,0.02422,0.23958,0.03489,0.48853,0.02910,0.04682,0.00287,0.19730,0.01147,0.10124,0.04168,0.66840,0.03848
object_state_change_attribution,0.36000,5,576,0.35938,0.03922,0.23438,0.03462,0.25694,0.03572,0.06250,0.01979,0.19210,0.03141,0.03299,0.01460,0.07986,0.02216,0.23611,0.03471,0.48411,0.02910,0.04670,0.00291,0.19615,0.01154,0.07374,0.04081,0.66319,0.03863
object_state_change_attribution,0.36000,6,576,0.39062,0.03988,0.26562,0.03610,0.25694,0.03572,0.07812,0.02194,0.22899,0.03380,0.02604,0.01302,0.08681,0.02301,0.25347,0.03556,0.48938,0.02925,0.04704,0.00289,0.19633,0.01141,0.08440,0.04165,0.66840,0.03848
object_state_change_attribution,0.36000,7,576,0.39062,0.03988,0.24479,0.03514,0.25000,0.03539,0.06771,0.02054,0.22378,0.03352,0.03299,0.01460,0.07639,0.02171,0.24479,0.03514,0.47473,0.02890,0.04573,0.00290,0.19281,0.01156,0.09302,0.04319,0.65451,0.03887
object_state_change_attribution,0.36000,8,576,0.40625,0.04014,0.24306,0.03506,0.25000,0.03539,0.06597,0.02029,0.16701,0.02996,0.02431,0.01259,0.10590,0.02515,0.22917,0.03435,0.48603,0.02879,0.04663,0.00285,0.19724,0.01147,0.12253,0.04273,0.66840,0.03848
object_state_change_attribution,0.36000,9,576,0.38889,0.03985,0.28472,0.03689,0.23958,0.03489,0.06771,0.02054,0.18003,0.03047,0.03993,0.01600,0.09028,0.02342,0.26562,0.03610,0.48117,0.02913,0.04621,0.00289,0.19410,0.01150,0.09228,0.04078,0.65972,0.03873
oracle_event_credit_labels,0.18000,0,576,0.92014,0.02216,0.68924,0.03783,0.67708,0.03822,0.00174,0.00340,0.11285,0.02586,0.00521,0.00588,0.00347,0.00481,0.57812,0.04037,0.46767,0.00622,0.00200,0.00000,0.00000,0.00000,0.78004,0.02510,1.00000,0.00000
oracle_event_credit_labels,0.18000,1,576,0.92014,0.02216,0.64757,0.03905,0.69792,0.03753,0.00000,0.00000,0.10243,0.02478,0.00174,0.00340,0.00174,0.00340,0.57465,0.04041,0.46747,0.00626,0.00200,0.00000,0.00000,0.00000,0.79018,0.02585,1.00000,0.00000
oracle_event_credit_labels,0.18000,2,576,0.94097,0.01926,0.61979,0.03968,0.63368,0.03938,0.00174,0.00340,0.10069,0.02460,0.00000,0.00000,0.00174,0.00340,0.53299,0.04078,0.46683,0.00624,0.00200,0.00001,0.00000,0.00000,0.81292,0.02206,1.00000,0.00000
oracle_event_credit_labels,0.18000,3,576,0.93924,0.01953,0.62674,0.03953,0.69271,0.03771,0.00174,0.00340,0.11111,0.02569,0.00000,0.00000,0.00000,0.00000,0.59028,0.04020,0.46713,0.00627,0.00200,0.00000,0.00000,0.00000,0.80783,0.02215,1.00000,0.00000
oracle_event_credit_labels,0.18000,4,576,0.92882,0.02102,0.64583,0.03909,0.62326,0.03961,0.00347,0.00481,0.14062,0.02841,0.00000,0.00000,0.00000,0.00000,0.52431,0.04082,0.46750,0.00623,0.00200,0.00000,0.00000,0.00000,0.78413,0.02410,1.00000,0.00000
oracle_event_credit_labels,0.18000,5,576,0.93229,0.02054,0.65451,0.03887,0.67361,0.03833,0.00174,0.00340,0.10938,0.02551,0.00174,0.00340,0.00521,0.00588,0.52431,0.04082,0.46754,0.00615,0.00200,0.00000,0.00000,0.00000,0.79642,0.02374,1.00000,0.00000
oracle_event_credit_labels,0.18000,6,576,0.93403,0.02029,0.63021,0.03946,0.67014,0.03843,0.00174,0.00340,0.11979,0.02654,0.00000,0.00000,0.00000,0.00000,0.55382,0.04063,0.46683,0.00622,0.00200,0.00000,0.00000,0.00000,0.79903,0.02350,1.00000,0.00000
oracle_event_credit_labels,0.18000,7,576,0.93403,0.02029,0.64583,0.03909,0.69444,0.03765,0.00174,0.00340,0.10764,0.02533,0.00521,0.00588,0.00000,0.00000,0.58333,0.04030,0.46718,0.00621,0.00200,0.00000,0.00000,0.00000,0.79835,0.02324,1.00000,0.00000
oracle_event_credit_labels,0.18000,8,576,0.94271,0.01900,0.62847,0.03950,0.62674,0.03953,0.00347,0.00481,0.09028,0.02342,0.00347,0.00481,0.00347,0.00481,0.57812,0.04037,0.46710,0.00621,0.00200,0.00000,0.00000,0.00000,0.81326,0.02166,1.00000,0.00000
oracle_event_credit_labels,0.18000,9,576,0.92188,0.02194,0.63715,0.03930,0.66319,0.03863,0.00174,0.00340,0.10417,0.02497,0.00347,0.00481,0.00347,0.00481,0.56250,0.04055,0.46830,0.00628,0.00200,0.00000,0.00000,0.00000,0.78723,0.02470,1.00000,0.00000
oracle_event_credit_labels,0.24000,0,576,0.95660,0.01666,0.62326,0.03961,0.66667,0.03853,0.00174,0.00340,0.11458,0.02603,0.00000,0.00000,0.00174,0.00340,0.55382,0.04063,0.46701,0.00620,0.00200,0.00000,0.00000,0.00000,0.82268,0.02013,1.00000,0.00000
oracle_event_credit_labels,0.24000,1,576,0.92882,0.02102,0.65625,0.03882,0.67188,0.03838,0.00000,0.00000,0.10764,0.02533,0.00174,0.00340,0.00347,0.00481,0.59549,0.04012,0.46677,0.00625,0.00200,0.00000,0.00000,0.00000,0.79571,0.02386,1.00000,0.00000
oracle_event_credit_labels,0.24000,2,576,0.93056,0.02078,0.64583,0.03909,0.64583,0.03909,0.00521,0.00588,0.11458,0.02603,0.00174,0.00340,0.00174,0.00340,0.53472,0.04077,0.46878,0.00626,0.00200,0.00000,0.00000,0.00000,0.79278,0.02427,1.00000,0.00000
oracle_event_credit_labels,0.24000,3,576,0.93924,0.01953,0.65278,0.03891,0.69097,0.03777,0.00000,0.00000,0.10417,0.02497,0.00174,0.00340,0.00000,0.00000,0.54861,0.04068,0.46741,0.00619,0.00200,0.00000,0.00000,0.00000,0.80963,0.02205,1.00000,0.00000
oracle_event_credit_labels,0.24000,4,576,0.94097,0.01926,0.68403,0.03800,0.67708,0.03822,0.00174,0.00340,0.10243,0.02478,0.00347,0.00481,0.00174,0.00340,0.56944,0.04047,0.46713,0.00617,0.00200,0.00000,0.00000,0.00000,0.80832,0.02268,1.00000,0.00000
oracle_event_credit_labels,0.24000,5,576,0.94792,0.01816,0.65278,0.03891,0.67708,0.03822,0.00347,0.00481,0.10417,0.02497,0.00174,0.00340,0.00347,0.00481,0.52951,0.04080,0.46795,0.00626,0.00200,0.00000,0.00000,0.00000,0.81441,0.02180,1.00000,0.00000
oracle_event_credit_labels,0.24000,6,576,0.93229,0.02054,0.63194,0.03942,0.68750,0.03789,0.00174,0.00340,0.10243,0.02478,0.00000,0.00000,0.00000,0.00000,0.57292,0.04043,0.46688,0.00624,0.00200,0.00001,0.00000,0.00000,0.80458,0.02302,1.00000,0.00000
oracle_event_credit_labels,0.24000,7,576,0.94444,0.01872,0.60069,0.04003,0.69618,0.03759,0.00174,0.00340,0.09722,0.02422,0.00347,0.00481,0.00347,0.00481,0.52778,0.04081,0.46845,0.00616,0.00200,0.00000,0.00000,0.00000,0.81269,0.02215,1.00000,0.00000
oracle_event_credit_labels,0.24000,8,576,0.93576,0.02004,0.66493,0.03858,0.65799,0.03878,0.00174,0.00340,0.12153,0.02671,0.00174,0.00340,0.00347,0.00481,0.55035,0.04066,0.46712,0.00619,0.00200,0.00001,0.00000,0.00000,0.79593,0.02280,1.00000,0.00000
oracle_event_credit_labels,0.24000,9,576,0.93576,0.02004,0.64236,0.03918,0.67708,0.03822,0.00000,0.00000,0.10764,0.02533,0.00000,0.00000,0.00174,0.00340,0.55903,0.04058,0.46773,0.00620,0.00200,0.00000,0.00000,0.00000,0.80548,0.02302,1.00000,0.00000
oracle_event_credit_labels,0.30000,0,576,0.92708,0.02125,0.64410,0.03913,0.65278,0.03891,0.00000,0.00000,0.11285,0.02586,0.00347,0.00481,0.00521,0.00588,0.57986,0.04034,0.46693,0.00623,0.00200,0.00000,0.00000,0.00000,0.78877,0.02408,1.00000,0.00000
oracle_event_credit_labels,0.30000,1,576,0.93750,0.01979,0.63889,0.03926,0.65972,0.03873,0.00000,0.00000,0.11806,0.02637,0.00347,0.00481,0.00174,0.00340,0.56944,0.04047,0.46703,0.00623,0.00200,0.00000,0.00000,0.00000,0.79914,0.02361,1.00000,0.00000
oracle_event_credit_labels,0.30000,2,576,0.94618,0.01845,0.65104,0.03896,0.67535,0.03827,0.00521,0.00588,0.10590,0.02515,0.00347,0.00481,0.00521,0.00588,0.55208,0.04065,0.46747,0.00624,0.00200,0.00000,0.00000,0.00000,0.80820,0.02184,1.00000,0.00000
oracle_event_credit_labels,0.30000,3,576,0.92535,0.02148,0.69444,0.03765,0.69792,0.03753,0.00694,0.00679,0.10243,0.02478,0.00174,0.00340,0.00174,0.00340,0.58681,0.04025,0.46746,0.00626,0.00200,0.00000,0.00000,0.00000,0.79205,0.02438,1.00000,0.00000
oracle_event_credit_labels,0.30000,4,576,0.94444,0.01872,0.63889,0.03926,0.68750,0.03789,0.00521,0.00588,0.09722,0.02422,0.00000,0.00000,0.00347,0.00481,0.55208,0.04065,0.46743,0.00620,0.00200,0.00000,0.00000,0.00000,0.81501,0.02128,1.00000,0.00000
oracle_event_credit_labels,0.30000,5,576,0.92708,0.02125,0.66493,0.03858,0.68576,0.03794,0.00000,0.00000,0.10243,0.02478,0.00174,0.00340,0.00347,0.00481,0.57118,0.04045,0.46698,0.00622,0.00200,0.00000,0.00000,0.00000,0.79612,0.02443,1.00000,0.00000
oracle_event_credit_labels,0.30000,6,576,0.91493,0.02280,0.60590,0.03994,0.68056,0.03811,0.00174,0.00340,0.11632,0.02621,0.00000,0.00000,0.00174,0.00340,0.55208,0.04065,0.46789,0.00620,0.00200,0.00000,0.00000,0.00000,0.78014,0.02469,1.00000,0.00000
oracle_event_credit_labels,0.30000,7,576,0.92014,0.02216,0.65799,0.03878,0.65625,0.03882,0.00347,0.00481,0.11458,0.02603,0.00174,0.00340,0.00000,0.00000,0.53125,0.04079,0.46783,0.00621,0.00200,0.00000,0.00000,0.00000,0.78442,0.02485,1.00000,0.00000
oracle_event_credit_labels,0.30000,8,576,0.93924,0.01953,0.68403,0.03800,0.65972,0.03873,0.00000,0.00000,0.12500,0.02703,0.00000,0.00000,0.00694,0.00679,0.53125,0.04079,0.46741,0.00628,0.00200,0.00001,0.00000,0.00000,0.79848,0.02235,1.00000,0.00000
oracle_event_credit_labels,0.30000,9,576,0.93576,0.02004,0.67014,0.03843,0.64236,0.03918,0.00000,0.00000,0.10243,0.02478,0.00174,0.00340,0.00347,0.00481,0.54688,0.04069,0.46799,0.00621,0.00200,0.00000,0.00000,0.00000,0.80464,0.02291,1.00000,0.00000
oracle_event_credit_labels,0.36000,0,576,0.92188,0.02194,0.65799,0.03878,0.70139,0.03741,0.00000,0.00000,0.10590,0.02515,0.00174,0.00340,0.00174,0.00340,0.56424,0.04053,0.46749,0.00624,0.00200,0.00000,0.00000,0.00000,0.79045,0.02567,1.00000,0.00000
oracle_event_credit_labels,0.36000,1,576,0.93924,0.01953,0.64410,0.03913,0.65104,0.03896,0.00521,0.00588,0.09549,0.02402,0.00000,0.00000,0.00000,0.00000,0.53125,0.04079,0.46669,0.00623,0.00200,0.00001,0.00000,0.00000,0.81280,0.02214,1.00000,0.00000
oracle_event_credit_labels,0.36000,2,576,0.93576,0.02004,0.60590,0.03994,0.69618,0.03759,0.00347,0.00481,0.10590,0.02515,0.00000,0.00000,0.00174,0.00340,0.58681,0.04025,0.46707,0.00623,0.00200,0.00000,0.00000,0.00000,0.80465,0.02267,1.00000,0.00000
oracle_event_credit_labels,0.36000,3,576,0.94271,0.01900,0.63021,0.03946,0.61632,0.03975,0.00174,0.00340,0.14757,0.02899,0.00000,0.00000,0.00000,0.00000,0.54167,0.04073,0.46734,0.00623,0.00200,0.00000,0.00000,0.00000,0.79596,0.02268,1.00000,0.00000
oracle_event_credit_labels,0.36000,4,576,0.93403,0.02029,0.65278,0.03891,0.68229,0.03806,0.00174,0.00340,0.11285,0.02586,0.00174,0.00340,0.00347,0.00481,0.54340,0.04071,0.46772,0.00622,0.00200,0.00000,0.00000,0.00000,0.79774,0.02375,1.00000,0.00000
oracle_event_credit_labels,0.36000,5,576,0.93750,0.01979,0.63542,0.03934,0.65278,0.03891,0.00000,0.00000,0.11979,0.02654,0.00000,0.00000,0.00174,0.00340,0.56076,0.04057,0.46718,0.00622,0.00200,0.00000,0.00000,0.00000,0.80220,0.02316,1.00000,0.00000
oracle_event_credit_labels,0.36000,6,576,0.92708,0.02125,0.63194,0.03942,0.66146,0.03868,0.00174,0.00340,0.11285,0.02586,0.00347,0.00481,0.00000,0.00000,0.58333,0.04030,0.46731,0.00622,0.00200,0.00000,0.00000,0.00000,0.79111,0.02400,1.00000,0.00000
oracle_event_credit_labels,0.36000,7,576,0.94965,0.01787,0.62500,0.03957,0.62847,0.03950,0.00347,0.00481,0.09896,0.02441,0.00347,0.00481,0.00347,0.00481,0.55729,0.04060,0.46692,0.00625,0.00200,0.00000,0.00000,0.00000,0.81658,0.02072,1.00000,0.00000
oracle_event_credit_labels,0.36000,8,576,0.92882,0.02102,0.64583,0.03909,0.64757,0.03905,0.00174,0.00340,0.10590,0.02515,0.00174,0.00340,0.00347,0.00481,0.56250,0.04055,0.46789,0.00630,0.00200,0.00000,0.00000,0.00000,0.79542,0.02359,1.00000,0.00000
oracle_event_credit_labels,0.36000,9,576,0.93403,0.02029,0.63889,0.03926,0.70486,0.03728,0.00347,0.00481,0.08681,0.02301,0.00174,0.00340,0.00347,0.00481,0.55903,0.04058,0.46755,0.00625,0.00200,0.00000,0.00000,0.00000,0.80787,0.02342,1.00000,0.00000
proposed_reward_free_temporal_credit_v4,0.18000,0,576,0.32986,0.03843,0.30035,0.03747,0.29688,0.03734,0.01042,0.00830,0.14731,0.02654,0.00347,0.00481,0.02431,0.01259,0.31076,0.03783,0.36535,0.02762,0.02104,0.00181,0.10458,0.00748,0.17709,0.03823,0.57292,0.04043
proposed_reward_free_temporal_credit_v4,0.18000,1,576,0.36111,0.03926,0.27778,0.03661,0.32292,0.03822,0.01389,0.00957,0.14019,0.02518,0.00521,0.00588,0.04167,0.01633,0.36458,0.03934,0.40894,0.02824,0.02352,0.00186,0.11423,0.00736,0.18921,0.04046,0.62326,0.03961
proposed_reward_free_temporal_credit_v4,0.18000,2,576,0.35069,0.03900,0.30382,0.03759,0.27257,0.03640,0.01215,0.00896,0.14132,0.02533,0.00521,0.00588,0.02951,0.01383,0.34549,0.03887,0.39466,0.02805,0.02300,0.00187,0.11169,0.00744,0.18920,0.03887,0.60764,0.03991
proposed_reward_free_temporal_credit_v4,0.18000,3,576,0.34549,0.03887,0.27257,0.03640,0.31250,0.03789,0.01562,0.01014,0.13811,0.02560,0.00868,0.00758,0.02951,0.01383,0.34722,0.03891,0.37927,0.02755,0.02149,0.00177,0.10892,0.00746,0.18261,0.03810,0.59375,0.04014
proposed_reward_free_temporal_credit_v4,0.18000,4,576,0.33160,0.03848,0.30382,0.03759,0.28993,0.03709,0.01215,0.00896,0.14913,0.02656,0.00347,0.00481,0.03819,0.01567,0.30903,0.03777,0.38311,0.02738,0.02218,0.00184,0.10968,0.00741,0.16535,0.03821,0.60069,0.04003
proposed_reward_free_temporal_credit_v4,0.18000,5,576,0.35938,0.03922,0.30903,0.03777,0.32465,0.03827,0.01042,0.00830,0.13385,0.02450,0.01736,0.01068,0.02778,0.01343,0.36632,0.03938,0.39734,0.02786,0.02316,0.00184,0.11302,0.00742,0.18904,0.03914,0.61458,0.03978
proposed_reward_free_temporal_credit_v4,0.18000,6,576,0.34375,0.03882,0.30208,0.03753,0.28819,0.03702,0.01215,0.00896,0.13715,0.02515,0.00694,0.00679,0.02431,0.01259,0.34896,0.03896,0.39508,0.02767,0.02288,0.00183,0.11231,0.00740,0.18521,0.03798,0.61285,0.03981
proposed_reward_free_temporal_credit_v4,0.18000,7,576,0.34375,0.03882,0.29340,0.03722,0.31250,0.03789,0.02778,0.01343,0.12179,0.02419,0.01910,0.01119,0.04167,0.01633,0.31944,0.03811,0.37184,0.02773,0.02134,0.00180,0.10604,0.00744,0.16425,0.03895,0.58160,0.04032
proposed_reward_free_temporal_credit_v4,0.18000,8,576,0.33854,0.03868,0.30382,0.03759,0.32465,0.03827,0.01042,0.00830,0.14748,0.02626,0.00694,0.00679,0.03819,0.01567,0.34896,0.03896,0.38728,0.02795,0.02235,0.00184,0.10922,0.00740,0.16934,0.03799,0.59896,0.04006
proposed_reward_free_temporal_credit_v4,0.18000,9,576,0.32118,0.03817,0.32292,0.03822,0.30556,0.03765,0.00521,0.00588,0.15651,0.02646,0.00868,0.00758,0.04688,0.01728,0.39583,0.03997,0.40188,0.02825,0.02310,0.00185,0.11358,0.00745,0.14081,0.03929,0.61458,0.03978
proposed_reward_free_temporal_credit_v4,0.24000,0,576,0.70660,0.03722,0.46354,0.04076,0.48958,0.04086,0.04514,0.01697,0.21380,0.03316,0.02083,0.01167,0.06424,0.02004,0.46354,0.04076,0.56697,0.01409,0.04106,0.00164,0.17509,0.00396,0.42712,0.04375,0.93924,0.01953
proposed_reward_free_temporal_credit_v4,0.24000,1,576,0.70139,0.03741,0.51215,0.04086,0.47743,0.04083,0.03125,0.01422,0.19523,0.03211,0.02083,0.01167,0.05035,0.01787,0.43403,0.04051,0.55865,0.01423,0.04010,0.00164,0.17473,0.00422,0.44650,0.04319,0.93056,0.02078
proposed_reward_free_temporal_credit_v4,0.24000,2,576,0.68576,0.03794,0.46528,0.04077,0.47569,0.04082,0.04688,0.01728,0.20399,0.03253,0.02083,0.01167,0.07639,0.02171,0.41146,0.04022,0.56351,0.01475,0.04043,0.00164,0.17434,0.00417,0.40272,0.04192,0.93229,0.02054
proposed_reward_free_temporal_credit_v4,0.24000,3,576,0.68576,0.03794,0.46875,0.04079,0.48611,0.04085,0.05729,0.01900,0.19644,0.03211,0.01736,0.01068,0.07118,0.02102,0.41319,0.04025,0.56070,0.01443,0.04041,0.00162,0.17432,0.00414,0.40840,0.04289,0.93229,0.02054
proposed_reward_free_temporal_credit_v4,0.24000,4,576,0.66840,0.03848,0.48611,0.04085,0.47396,0.04081,0.05208,0.01816,0.18542,0.03143,0.03125,0.01422,0.06250,0.01979,0.40625,0.04014,0.56217,0.01435,0.04057,0.00165,0.17480,0.00410,0.38800,0.04435,0.93403,0.02029
proposed_reward_free_temporal_credit_v4,0.24000,5,576,0.66840,0.03848,0.48438,0.04085,0.48958,0.04086,0.04688,0.01728,0.18932,0.03190,0.01389,0.00957,0.07292,0.02125,0.40104,0.04006,0.55620,0.01406,0.04019,0.00164,0.17476,0.00421,0.40253,0.04282,0.93056,0.02078
proposed_reward_free_temporal_credit_v4,0.24000,6,576,0.68576,0.03794,0.48264,0.04084,0.49132,0.04086,0.04167,0.01633,0.19227,0.03201,0.01215,0.00896,0.06424,0.02004,0.40625,0.04014,0.54938,0.01477,0.03966,0.00166,0.17156,0.00443,0.42970,0.04239,0.92014,0.02216
proposed_reward_free_temporal_credit_v4,0.24000,7,576,0.68056,0.03811,0.44271,0.04060,0.47917,0.04083,0.04340,0.01666,0.20226,0.03243,0.01042,0.00830,0.07465,0.02148,0.40104,0.04006,0.55655,0.01485,0.03971,0.00165,0.17277,0.00430,0.41370,0.04173,0.92535,0.02148
proposed_reward_free_temporal_credit_v4,0.24000,8,576,0.68750,0.03789,0.45312,0.04069,0.46354,0.04076,0.03646,0.01532,0.19184,0.03177,0.02778,0.01343,0.08507,0.02280,0.42188,0.04037,0.56241,0.01408,0.04079,0.00166,0.17445,0.00403,0.40165,0.04418,0.93576,0.02004
proposed_reward_free_temporal_credit_v4,0.24000,9,576,0.68750,0.03789,0.44097,0.04058,0.47396,0.04081,0.02083,0.01167,0.20842,0.03308,0.01736,0.01068,0.06597,0.02029,0.43576,0.04053,0.55645,0.01401,0.04026,0.00164,0.17354,0.00419,0.42654,0.04311,0.93056,0.02078
proposed_reward_free_temporal_credit_v4,0.30000,0,576,0.73438,0.03610,0.48611,0.04085,0.50000,0.04087,0.05729,0.01900,0.19505,0.03235,0.01736,0.01068,0.09028,0.02342,0.44965,0.04066,0.59978,0.00748,0.04457,0.00152,0.18352,0.00208,0.43844,0.04437,0.99306,0.00679
proposed_reward_free_temporal_credit_v4,0.30000,1,576,0.75694,0.03506,0.47743,0.04083,0.47396,0.04081,0.04514,0.01697,0.24540,0.03514,0.00868,0.00758,0.09549,0.02402,0.44271,0.04060,0.60263,0.00709,0.04479,0.00151,0.18540,0.00195,0.45150,0.04308,0.99653,0.00481
proposed_reward_free_temporal_credit_v4,0.30000,2,576,0.74132,0.03579,0.47222,0.04081,0.52951,0.04080,0.05035,0.01787,0.22049,0.03389,0.02083,0.01167,0.08160,0.02238,0.40972,0.04020,0.60016,0.00709,0.04478,0.00153,0.18456,0.00198,0.43950,0.04338,0.99479,0.00588
proposed_reward_free_temporal_credit_v4,0.30000,3,576,0.73785,0.03595,0.45833,0.04073,0.49653,0.04087,0.06597,0.02029,0.20139,0.03278,0.01389,0.00957,0.08507,0.02280,0.42361,0.04039,0.60251,0.00699,0.04498,0.00148,0.18500,0.00194,0.44162,0.04220,0.99653,0.00481
proposed_reward_free_temporal_credit_v4,0.30000,4,576,0.77431,0.03417,0.51215,0.04086,0.48785,0.04086,0.04514,0.01697,0.20200,0.03278,0.02257,0.01214,0.07812,0.02194,0.39062,0.03988,0.60443,0.00669,0.04498,0.00152,0.18534,0.00181,0.48225,0.04281,0.99826,0.00340
proposed_reward_free_temporal_credit_v4,0.30000,5,576,0.71007,0.03709,0.50000,0.04087,0.53472,0.04077,0.04514,0.01697,0.19444,0.03235,0.02951,0.01383,0.08681,0.02301,0.41146,0.04022,0.60183,0.00682,0.04511,0.00152,0.18474,0.00196,0.40859,0.04461,0.99653,0.00481
proposed_reward_free_temporal_credit_v4,0.30000,6,576,0.74653,0.03556,0.54340,0.04071,0.51562,0.04085,0.04514,0.01697,0.20139,0.03278,0.01389,0.00957,0.07639,0.02171,0.43750,0.04055,0.59896,0.00734,0.04463,0.00152,0.18412,0.00214,0.46632,0.04196,0.99306,0.00679
proposed_reward_free_temporal_credit_v4,0.30000,7,576,0.75347,0.03523,0.47569,0.04082,0.48611,0.04085,0.05382,0.01845,0.20139,0.03278,0.02083,0.01167,0.09896,0.02441,0.44965,0.04066,0.60187,0.00745,0.04489,0.00150,0.18474,0.00207,0.44696,0.04370,0.99479,0.00588
proposed_reward_free_temporal_credit_v4,0.30000,8,576,0.73090,0.03625,0.50868,0.04086,0.53125,0.04079,0.05556,0.01872,0.19679,0.03246,0.01562,0.01014,0.09201,0.02363,0.44792,0.04065,0.59974,0.00755,0.04468,0.00151,0.18348,0.00207,0.43590,0.04433,0.99306,0.00679
proposed_reward_free_temporal_credit_v4,0.30000,9,576,0.75000,0.03539,0.47222,0.04081,0.48090,0.04084,0.04861,0.01758,0.20312,0.03289,0.02083,0.01167,0.08681,0.02301,0.44097,0.04058,0.59744,0.00760,0.04455,0.00151,0.18403,0.00222,0.45357,0.04372,0.99132,0.00758
proposed_reward_free_temporal_credit_v4,0.36000,0,576,0.77431,0.03417,0.47396,0.04081,0.51215,0.04086,0.05035,0.01787,0.18750,0.03190,0.01215,0.00896,0.10243,0.02478,0.42708,0.04043,0.60466,0.00631,0.04527,0.00152,0.18500,0.00173,0.48215,0.04287,1.00000,0.00000
proposed_reward_free_temporal_credit_v4,0.36000,1,576,0.76042,0.03489,0.48958,0.04086,0.46354,0.04076,0.04514,0.01697,0.21181,0.03340,0.01910,0.01119,0.07812,0.02194,0.44965,0.04066,0.60480,0.00634,0.04544,0.00150,0.18575,0.00178,0.46794,0.04282,1.00000,0.00000
proposed_reward_free_temporal_credit_v4,0.36000,2,576,0.75521,0.03514,0.46701,0.04078,0.48611,0.04085,0.03993,0.01600,0.22222,0.03398,0.01910,0.01119,0.07118,0.02102,0.45833,0.04073,0.60427,0.00624,0.04517,0.00151,0.18585,0.00169,0.46527,0.04128,1.00000,0.00000
proposed_reward_free_temporal_credit_v4,0.36000,3,576,0.73438,0.03610,0.51215,0.04086,0.48264,0.04084,0.04688,0.01728,0.22222,0.03398,0.01215,0.00896,0.08681,0.02301,0.43056,0.04047,0.60508,0.00621,0.04501,0.00152,0.18496,0.00176,0.43894,0.04299,1.00000,0.00000
proposed_reward_free_temporal_credit_v4,0.36000,4,576,0.78472,0.03360,0.49132,0.04086,0.51042,0.04086,0.03472,0.01496,0.20312,0.03289,0.02257,0.01214,0.09028,0.02342,0.44097,0.04058,0.60394,0.00622,0.04521,0.00149,0.18527,0.00168,0.48970,0.04276,1.00000,0.00000
proposed_reward_free_temporal_credit_v4,0.36000,5,576,0.74132,0.03579,0.51042,0.04086,0.49306,0.04086,0.03646,0.01532,0.20833,0.03320,0.01389,0.00957,0.09201,0.02363,0.42188,0.04037,0.60580,0.00626,0.04525,0.00150,0.18612,0.00177,0.45145,0.04092,1.00000,0.00000
proposed_reward_free_temporal_credit_v4,0.36000,6,576,0.76042,0.03489,0.51910,0.04084,0.51910,0.04084,0.04688,0.01728,0.19097,0.03213,0.03125,0.01422,0.07986,0.02216,0.41840,0.04032,0.60519,0.00626,0.04515,0.00150,0.18422,0.00170,0.46138,0.04417,1.00000,0.00000
proposed_reward_free_temporal_credit_v4,0.36000,7,576,0.75000,0.03539,0.51736,0.04084,0.52604,0.04081,0.04514,0.01697,0.21701,0.03369,0.01910,0.01119,0.09722,0.02422,0.46701,0.04078,0.60475,0.00619,0.04516,0.00150,0.18388,0.00167,0.44353,0.04255,1.00000,0.00000
proposed_reward_free_temporal_credit_v4,0.36000,8,576,0.71701,0.03682,0.50347,0.04087,0.52083,0.04083,0.04340,0.01666,0.19792,0.03257,0.01910,0.01119,0.09896,0.02441,0.47396,0.04081,0.60518,0.00635,0.04496,0.00151,0.18637,0.00175,0.41827,0.04554,1.00000,0.00000
proposed_reward_free_temporal_credit_v4,0.36000,9,576,0.75694,0.03506,0.49132,0.04086,0.50868,0.04086,0.05035,0.01787,0.24132,0.03497,0.02778,0.01343,0.08507,0.02280,0.45312,0.04069,0.60470,0.00633,0.04532,0.00150,0.18472,0.00172,0.43575,0.04586,1.00000,0.00000
pseudo_reward_td_relabeling,0.18000,0,576,0.00000,0.00000,0.05903,0.01926,0.03993,0.01600,0.00000,0.00000,0.06267,0.01647,0.00000,0.00000,0.00000,0.00000,0.11458,0.02603,0.11648,0.02655,0.01030,0.00241,0.03469,0.00791,-0.04750,0.01136,0.11458,0.02603
pseudo_reward_td_relabeling,0.18000,1,576,0.00000,0.00000,0.03299,0.01460,0.03993,0.01600,0.00000,0.00000,0.04392,0.01343,0.00000,0.00000,0.00000,0.00000,0.08681,0.02301,0.08756,0.02327,0.00750,0.00204,0.02591,0.00689,-0.03436,0.00954,0.08681,0.02301
pseudo_reward_td_relabeling,0.18000,2,576,0.00000,0.00000,0.03646,0.01532,0.03125,0.01422,0.00000,0.00000,0.04436,0.01400,0.00000,0.00000,0.00000,0.00000,0.08160,0.02238,0.08464,0.02329,0.00760,0.00213,0.02539,0.00699,-0.03400,0.00980,0.08160,0.02238
pseudo_reward_td_relabeling,0.18000,3,576,0.00000,0.00000,0.02257,0.01214,0.02604,0.01302,0.00000,0.00000,0.04479,0.01456,0.00000,0.00000,0.00000,0.00000,0.07639,0.02171,0.07829,0.02232,0.00703,0.00204,0.02342,0.00669,-0.03305,0.00987,0.07639,0.02171
pseudo_reward_td_relabeling,0.18000,4,576,0.00000,0.00000,0.03646,0.01532,0.03472,0.01496,0.00000,0.00000,0.04453,0.01347,0.00000,0.00000,0.00000,0.00000,0.08854,0.02322,0.09204,0.02421,0.00817,0.00219,0.02726,0.00718,-0.03541,0.00973,0.08854,0.02322
pseudo_reward_td_relabeling,0.18000,5,576,0.00000,0.00000,0.03125,0.01422,0.04861,0.01758,0.00000,0.00000,0.06250,0.01691,0.00000,0.00000,0.00000,0.00000,0.10764,0.02533,0.10729,0.02532,0.00918,0.00221,0.03192,0.00755,-0.04577,0.01135,0.10764,0.02533
pseudo_reward_td_relabeling,0.18000,6,576,0.00000,0.00000,0.04167,0.01633,0.03472,0.01496,0.00000,0.00000,0.05599,0.01615,0.00000,0.00000,0.00000,0.00000,0.09549,0.02402,0.09658,0.02436,0.00885,0.00228,0.02985,0.00754,-0.04111,0.01087,0.09549,0.02402
pseudo_reward_td_relabeling,0.18000,7,576,0.00000,0.00000,0.03299,0.01460,0.03819,0.01567,0.00000,0.00000,0.06345,0.01761,0.00000,0.00000,0.00000,0.00000,0.10069,0.02460,0.10407,0.02550,0.00921,0.00230,0.03083,0.00756,-0.04555,0.01167,0.10069,0.02460
pseudo_reward_td_relabeling,0.18000,8,576,0.00000,0.00000,0.03472,0.01496,0.03125,0.01422,0.00000,0.00000,0.05382,0.01532,0.00000,0.00000,0.00000,0.00000,0.09896,0.02441,0.10018,0.02475,0.00871,0.00220,0.03035,0.00751,-0.04081,0.01060,0.09896,0.02441
pseudo_reward_td_relabeling,0.18000,9,576,0.00000,0.00000,0.02778,0.01343,0.03646,0.01532,0.00000,0.00000,0.03828,0.01151,0.00000,0.00000,0.00000,0.00000,0.08681,0.02301,0.08952,0.02383,0.00820,0.00222,0.02679,0.00713,-0.03236,0.00888,0.08681,0.02301
pseudo_reward_td_relabeling,0.24000,0,576,0.00000,0.00000,0.02604,0.01302,0.03299,0.01460,0.00000,0.00000,0.05460,0.01654,0.00000,0.00000,0.00000,0.00000,0.08507,0.02280,0.08720,0.02346,0.00772,0.00211,0.02582,0.00695,-0.03878,0.01091,0.08507,0.02280
pseudo_reward_td_relabeling,0.24000,1,576,0.00000,0.00000,0.02951,0.01383,0.03125,0.01422,0.00000,0.00000,0.04618,0.01412,0.00000,0.00000,0.00000,0.00000,0.08681,0.02301,0.08913,0.02368,0.00789,0.00214,0.02655,0.00707,-0.03559,0.00990,0.08681,0.02301
pseudo_reward_td_relabeling,0.24000,2,576,0.00000,0.00000,0.03993,0.01600,0.04167,0.01633,0.00000,0.00000,0.05720,0.01621,0.00000,0.00000,0.00000,0.00000,0.09896,0.02441,0.10118,0.02502,0.00876,0.00221,0.02985,0.00739,-0.04240,0.01098,0.09896,0.02441
pseudo_reward_td_relabeling,0.24000,3,576,0.00000,0.00000,0.03472,0.01496,0.03646,0.01532,0.00000,0.00000,0.05790,0.01601,0.00000,0.00000,0.00000,0.00000,0.10417,0.02497,0.10629,0.02556,0.00961,0.00234,0.03223,0.00776,-0.04365,0.01100,0.10417,0.02497
pseudo_reward_td_relabeling,0.24000,4,576,0.00000,0.00000,0.02951,0.01383,0.02778,0.01343,0.00000,0.00000,0.05069,0.01540,0.00000,0.00000,0.00000,0.00000,0.08681,0.02301,0.08737,0.02324,0.00796,0.00216,0.02624,0.00699,-0.03721,0.01037,0.08681,0.02301
pseudo_reward_td_relabeling,0.24000,5,576,0.00000,0.00000,0.05382,0.01845,0.02951,0.01383,0.00000,0.00000,0.06007,0.01680,0.00000,0.00000,0.00000,0.00000,0.10069,0.02460,0.10191,0.02498,0.00898,0.00226,0.03033,0.00744,-0.04376,0.01122,0.10069,0.02460
pseudo_reward_td_relabeling,0.24000,6,576,0.00000,0.00000,0.03819,0.01567,0.03819,0.01567,0.00000,0.00000,0.05382,0.01532,0.00000,0.00000,0.00000,0.00000,0.09896,0.02441,0.10321,0.02554,0.00899,0.00226,0.03019,0.00748,-0.04132,0.01072,0.09896,0.02441
pseudo_reward_td_relabeling,0.24000,7,576,0.00000,0.00000,0.02778,0.01343,0.02604,0.01302,0.00000,0.00000,0.04844,0.01477,0.00000,0.00000,0.00000,0.00000,0.08681,0.02301,0.08969,0.02385,0.00804,0.00218,0.02670,0.00711,-0.03664,0.01019,0.08681,0.02301
pseudo_reward_td_relabeling,0.24000,8,576,0.00000,0.00000,0.04340,0.01666,0.04167,0.01633,0.00000,0.00000,0.04852,0.01452,0.00000,0.00000,0.00000,0.00000,0.09028,0.02342,0.09216,0.02399,0.00811,0.00216,0.02757,0.00719,-0.03713,0.01012,0.09028,0.02342
pseudo_reward_td_relabeling,0.24000,9,576,0.00000,0.00000,0.03125,0.01422,0.02778,0.01343,0.00000,0.00000,0.04297,0.01445,0.00000,0.00000,0.00000,0.00000,0.07118,0.02102,0.07371,0.02184,0.00657,0.00198,0.02154,0.00638,-0.03143,0.00975,0.07118,0.02102
pseudo_reward_td_relabeling,0.30000,0,576,0.00868,0.00758,0.05382,0.01845,0.04861,0.01758,0.00347,0.00481,0.06866,0.01695,0.00000,0.00000,0.00000,0.00000,0.12847,0.02735,0.13697,0.02815,0.01237,0.00259,0.04196,0.00858,-0.04681,0.01280,0.13889,0.02827
pseudo_reward_td_relabeling,0.30000,1,576,0.00521,0.00588,0.03819,0.01567,0.04514,0.01697,0.00000,0.00000,0.04870,0.01400,0.00000,0.00000,0.00174,0.00340,0.09549,0.02402,0.10083,0.02458,0.00881,0.00219,0.03045,0.00741,-0.03470,0.00997,0.10243,0.02478
pseudo_reward_td_relabeling,0.30000,2,576,0.00521,0.00588,0.03819,0.01567,0.06076,0.01953,0.00174,0.00340,0.05990,0.01563,0.00000,0.00000,0.00174,0.00340,0.11979,0.02654,0.12357,0.02695,0.01123,0.00250,0.03837,0.00833,-0.04440,0.01147,0.12500,0.02703
pseudo_reward_td_relabeling,0.30000,3,576,0.00521,0.00588,0.03472,0.01496,0.02951,0.01383,0.00000,0.00000,0.04792,0.01448,0.00000,0.00000,0.00000,0.00000,0.09549,0.02402,0.09602,0.02396,0.00844,0.00214,0.02950,0.00730,-0.03244,0.01135,0.09896,0.02441
pseudo_reward_td_relabeling,0.30000,4,576,0.00174,0.00340,0.02951,0.01383,0.03819,0.01567,0.00174,0.00340,0.05582,0.01660,0.00174,0.00340,0.00347,0.00481,0.08681,0.02301,0.09069,0.02353,0.00827,0.00219,0.02794,0.00721,-0.04315,0.01296,0.09201,0.02363
pseudo_reward_td_relabeling,0.30000,5,576,0.00521,0.00588,0.05208,0.01816,0.03993,0.01600,0.00000,0.00000,0.05182,0.01570,0.00000,0.00000,0.00000,0.00000,0.08681,0.02301,0.09463,0.02407,0.00834,0.00216,0.02902,0.00733,-0.03380,0.01144,0.09549,0.02402
pseudo_reward_td_relabeling,0.30000,6,576,0.00521,0.00588,0.03646,0.01532,0.04861,0.01758,0.00174,0.00340,0.06389,0.01652,0.00000,0.00000,0.00174,0.00340,0.12326,0.02687,0.12869,0.02765,0.01157,0.00252,0.03912,0.00836,-0.04698,0.01265,0.12847,0.02735
pseudo_reward_td_relabeling,0.30000,7,576,0.00694,0.00679,0.02951,0.01383,0.02951,0.01383,0.00000,0.00000,0.05026,0.01488,0.00174,0.00340,0.00000,0.00000,0.09549,0.02402,0.09554,0.02401,0.00845,0.00216,0.02923,0.00732,-0.03350,0.01065,0.09722,0.02422
pseudo_reward_td_relabeling,0.30000,8,576,0.00174,0.00340,0.02083,0.01167,0.03125,0.01422,0.00000,0.00000,0.04175,0.01437,0.00000,0.00000,0.00000,0.00000,0.07118,0.02102,0.07372,0.02142,0.00665,0.00196,0.02269,0.00655,-0.02925,0.01007,0.07465,0.02148
pseudo_reward_td_relabeling,0.30000,9,576,0.00868,0.00758,0.02257,0.01214,0.04340,0.01666,0.00347,0.00481,0.04800,0.01423,0.00000,0.00000,0.00521,0.00588,0.09201,0.02363,0.10078,0.02473,0.00919,0.00228,0.03101,0.00754,-0.03477,0.01153,0.10243,0.02478
pseudo_reward_td_relabeling,0.36000,0,576,0.19271,0.03224,0.12500,0.02703,0.13889,0.02827,0.04167,0.01633,0.11589,0.02487,0.02257,0.01214,0.04688,0.01728,0.17535,0.03108,0.26115,0.02963,0.02662,0.00302,0.10072,0.01118,0.02092,0.03083,0.35417,0.03909
pseudo_reward_td_relabeling,0.36000,1,576,0.17535,0.03108,0.13368,0.02782,0.11806,0.02637,0.03299,0.01460,0.09219,0.02215,0.00868,0.00758,0.03819,0.01567,0.15799,0.02981,0.25372,0.02962,0.02576,0.00302,0.09841,0.01122,0.03978,0.02670,0.34201,0.03878
pseudo_reward_td_relabeling,0.36000,2,576,0.19097,0.03213,0.11632,0.02621,0.11979,0.02654,0.04514,0.01697,0.11467,0.02485,0.01215,0.00896,0.04514,0.01697,0.17361,0.03096,0.25940,0.02968,0.02643,0.00302,0.10124,0.01131,0.03091,0.02996,0.35069,0.03900
pseudo_reward_td_relabeling,0.36000,3,576,0.19097,0.03213,0.12847,0.02735,0.13715,0.02812,0.03819,0.01567,0.11363,0.02453,0.01910,0.01119,0.03993,0.01600,0.16493,0.03033,0.26042,0.02978,0.02655,0.00304,0.10091,0.01124,0.03007,0.03280,0.35243,0.03905
pseudo_reward_td_relabeling,0.36000,4,576,0.19271,0.03224,0.12326,0.02687,0.15451,0.02954,0.02951,0.01383,0.13030,0.02639,0.01389,0.00957,0.03646,0.01532,0.15451,0.02954,0.26400,0.02988,0.02672,0.00302,0.10187,0.01126,0.03622,0.02900,0.35590,0.03913
pseudo_reward_td_relabeling,0.36000,5,576,0.16319,0.03021,0.11806,0.02637,0.13542,0.02797,0.03299,0.01460,0.10269,0.02322,0.01736,0.01068,0.03646,0.01532,0.19444,0.03235,0.27036,0.03029,0.02750,0.00309,0.10414,0.01139,0.01165,0.03082,0.36111,0.03926
pseudo_reward_td_relabeling,0.36000,6,576,0.18403,0.03167,0.12847,0.02735,0.13542,0.02797,0.03125,0.01422,0.12205,0.02585,0.02083,0.01167,0.04167,0.01633,0.18924,0.03202,0.27076,0.03018,0.02771,0.00308,0.10480,0.01137,0.01801,0.03156,0.36458,0.03934
pseudo_reward_td_relabeling,0.36000,7,576,0.20139,0.03278,0.11632,0.02621,0.13889,0.02827,0.03646,0.01532,0.12109,0.02540,0.01215,0.00896,0.05208,0.01816,0.17708,0.03120,0.27162,0.03003,0.02765,0.00306,0.10572,0.01143,0.03620,0.03209,0.36632,0.03938
pseudo_reward_td_relabeling,0.36000,8,576,0.18750,0.03190,0.10243,0.02478,0.14236,0.02856,0.03646,0.01532,0.11675,0.02443,0.02431,0.01259,0.03819,0.01567,0.16493,0.03033,0.28251,0.03089,0.02885,0.00316,0.10860,0.01153,0.01741,0.03064,0.37500,0.03957
pseudo_reward_td_relabeling,0.36000,9,576,0.18924,0.03202,0.10069,0.02460,0.13542,0.02797,0.03819,0.01567,0.09479,0.02304,0.02951,0.01383,0.03299,0.01460,0.16493,0.03033,0.24350,0.02861,0.02502,0.00295,0.09647,0.01112,0.03216,0.02959,0.33681,0.03863
risk_calibrated_temporal_credit_v5,0.18000,0,576,0.87153,0.02735,0.58681,0.04025,0.63194,0.03942,0.00000,0.00000,0.13715,0.02812,0.00174,0.00340,0.02604,0.01302,0.54688,0.04069,0.51748,0.00626,0.00309,0.00025,0.07678,0.00206,0.70032,0.03107,1.00000,0.00000
risk_calibrated_temporal_credit_v5,0.18000,1,576,0.85938,0.02841,0.60417,0.03997,0.62674,0.03953,0.00000,0.00000,0.15104,0.02927,0.00000,0.00000,0.03646,0.01532,0.50694,0.04086,0.51858,0.00624,0.00311,0.00025,0.07698,0.00203,0.67761,0.03134,1.00000,0.00000
risk_calibrated_temporal_credit_v5,0.18000,2,576,0.87153,0.02735,0.54514,0.04070,0.62326,0.03961,0.00000,0.00000,0.14236,0.02856,0.00000,0.00000,0.02778,0.01343,0.51042,0.04086,0.51811,0.00625,0.00315,0.00026,0.07643,0.00198,0.69886,0.03036,1.00000,0.00000
risk_calibrated_temporal_credit_v5,0.18000,3,576,0.88542,0.02603,0.57812,0.04037,0.62847,0.03950,0.00347,0.00481,0.13368,0.02782,0.00000,0.00000,0.02604,0.01302,0.52083,0.04083,0.51868,0.00614,0.00317,0.00026,0.07686,0.00203,0.71572,0.02988,1.00000,0.00000
risk_calibrated_temporal_credit_v5,0.18000,4,576,0.87674,0.02687,0.56424,0.04053,0.59028,0.04020,0.00347,0.00481,0.18229,0.03156,0.00347,0.00481,0.02951,0.01383,0.49132,0.04086,0.51826,0.00626,0.00303,0.00023,0.07728,0.00199,0.68072,0.03192,1.00000,0.00000
risk_calibrated_temporal_credit_v5,0.18000,5,576,0.84722,0.02941,0.63194,0.03942,0.65104,0.03896,0.00868,0.00758,0.15972,0.02994,0.00521,0.00588,0.03125,0.01422,0.53125,0.04079,0.51848,0.00618,0.00313,0.00025,0.07670,0.00197,0.65516,0.03408,1.00000,0.00000
risk_calibrated_temporal_credit_v5,0.18000,6,576,0.84549,0.02954,0.55208,0.04065,0.64062,0.03922,0.00347,0.00481,0.17188,0.03084,0.00521,0.00588,0.02778,0.01343,0.52778,0.04081,0.51786,0.00620,0.00310,0.00025,0.07765,0.00206,0.65307,0.03334,1.00000,0.00000
risk_calibrated_temporal_credit_v5,0.18000,7,576,0.84722,0.02941,0.59896,0.04006,0.60417,0.03997,0.00868,0.00758,0.16146,0.03008,0.00000,0.00000,0.02951,0.01383,0.54514,0.04070,0.51759,0.00620,0.00318,0.00026,0.07669,0.00198,0.66138,0.03302,1.00000,0.00000
risk_calibrated_temporal_credit_v5,0.18000,8,576,0.84549,0.02954,0.58681,0.04025,0.56076,0.04057,0.00000,0.00000,0.14931,0.02913,0.00000,0.00000,0.00868,0.00758,0.51910,0.04084,0.51812,0.00624,0.00312,0.00025,0.07711,0.00195,0.68175,0.03254,1.00000,0.00000
risk_calibrated_temporal_credit_v5,0.18000,9,576,0.85590,0.02871,0.55382,0.04063,0.57812,0.04037,0.00174,0.00340,0.15625,0.02968,0.00174,0.00340,0.02951,0.01383,0.53299,0.04078,0.51824,0.00625,0.00315,0.00026,0.07781,0.00199,0.67356,0.03270,1.00000,0.00000
risk_calibrated_temporal_credit_v5,0.24000,0,576,0.86979,0.02751,0.59549,0.04012,0.60069,0.04003,0.00000,0.00000,0.16146,0.03008,0.00174,0.00340,0.02083,0.01167,0.49132,0.04086,0.51803,0.00625,0.00313,0.00026,0.07759,0.00201,0.69152,0.02995,1.00000,0.00000
risk_calibrated_temporal_credit_v5,0.24000,1,576,0.84722,0.02941,0.58333,0.04030,0.60590,0.03994,0.00174,0.00340,0.15625,0.02968,0.00347,0.00481,0.03299,0.01460,0.50000,0.04087,0.51695,0.00624,0.00312,0.00025,0.07746,0.00193,0.66103,0.03360,1.00000,0.00000
risk_calibrated_temporal_credit_v5,0.24000,2,576,0.86285,0.02812,0.59549,0.04012,0.62500,0.03957,0.00000,0.00000,0.14757,0.02899,0.00174,0.00340,0.03299,0.01460,0.52604,0.04081,0.51736,0.00621,0.00312,0.00025,0.07705,0.00198,0.68298,0.03120,1.00000,0.00000
risk_calibrated_temporal_credit_v5,0.24000,3,576,0.87500,0.02703,0.55035,0.04066,0.65625,0.03882,0.00174,0.00340,0.17535,0.03108,0.00174,0.00340,0.02778,0.01343,0.51042,0.04086,0.51851,0.00625,0.00316,0.00026,0.07695,0.00204,0.68567,0.03154,1.00000,0.00000
risk_calibrated_temporal_credit_v5,0.24000,4,576,0.85069,0.02913,0.60590,0.03994,0.59375,0.04014,0.00174,0.00340,0.14410,0.02871,0.00174,0.00340,0.02951,0.01383,0.51736,0.04084,0.51723,0.00625,0.00309,0.00026,0.07676,0.00198,0.67363,0.03251,1.00000,0.00000
risk_calibrated_temporal_credit_v5,0.24000,5,576,0.84896,0.02927,0.57292,0.04043,0.61979,0.03968,0.00174,0.00340,0.12847,0.02735,0.00174,0.00340,0.02951,0.01383,0.51215,0.04086,0.51802,0.00625,0.00315,0.00026,0.07717,0.00199,0.67832,0.03233,1.00000,0.00000
risk_calibrated_temporal_credit_v5,0.24000,6,576,0.87674,0.02687,0.56944,0.04047,0.59375,0.04014,0.00347,0.00481,0.15104,0.02927,0.00347,0.00481,0.02778,0.01343,0.51389,0.04085,0.51754,0.00622,0.00309,0.00025,0.07694,0.00201,0.69504,0.03088,1.00000,0.00000
risk_calibrated_temporal_credit_v5,0.24000,7,576,0.82465,0.03108,0.54861,0.04068,0.60243,0.04000,0.00000,0.00000,0.13889,0.02827,0.00000,0.00000,0.02951,0.01383,0.48785,0.04086,0.51777,0.00622,0.00312,0.00025,0.07613,0.00201,0.65243,0.03244,1.00000,0.00000
risk_calibrated_temporal_credit_v5,0.24000,8,576,0.88194,0.02637,0.61632,0.03975,0.61458,0.03978,0.00000,0.00000,0.14931,0.02913,0.00174,0.00340,0.02778,0.01343,0.52604,0.04081,0.51876,0.00624,0.00311,0.00026,0.07722,0.00200,0.70435,0.02914,1.00000,0.00000
risk_calibrated_temporal_credit_v5,0.24000,9,576,0.84549,0.02954,0.58681,0.04025,0.60417,0.03997,0.00347,0.00481,0.14236,0.02856,0.00347,0.00481,0.03993,0.01600,0.53646,0.04076,0.51875,0.00626,0.00309,0.00025,0.07715,0.00202,0.65970,0.03304,1.00000,0.00000
risk_calibrated_temporal_credit_v5,0.30000,0,576,0.87326,0.02719,0.57465,0.04041,0.61285,0.03981,0.00000,0.00000,0.14062,0.02841,0.00174,0.00340,0.02257,0.01214,0.50521,0.04087,0.51810,0.00627,0.00314,0.00026,0.07637,0.00198,0.70265,0.03073,1.00000,0.00000
risk_calibrated_temporal_credit_v5,0.30000,1,576,0.86979,0.02751,0.57986,0.04034,0.62500,0.03957,0.00000,0.00000,0.16146,0.03008,0.00347,0.00481,0.03472,0.01496,0.54688,0.04069,0.51664,0.00619,0.00313,0.00026,0.07716,0.00198,0.68122,0.03171,1.00000,0.00000
risk_calibrated_temporal_credit_v5,0.30000,2,576,0.84722,0.02941,0.56944,0.04047,0.58333,0.04030,0.00174,0.00340,0.13889,0.02827,0.00000,0.00000,0.03646,0.01532,0.49479,0.04087,0.51858,0.00625,0.00322,0.00027,0.07685,0.00196,0.66972,0.03311,1.00000,0.00000
risk_calibrated_temporal_credit_v5,0.30000,3,576,0.83507,0.03033,0.57465,0.04041,0.62326,0.03961,0.00000,0.00000,0.15625,0.02968,0.00174,0.00340,0.03819,0.01567,0.47396,0.04081,0.51852,0.00622,0.00314,0.00026,0.07658,0.00203,0.64814,0.03327,1.00000,0.00000
risk_calibrated_temporal_credit_v5,0.30000,4,576,0.86458,0.02797,0.56771,0.04049,0.61111,0.03985,0.00521,0.00588,0.16493,0.03033,0.00347,0.00481,0.03472,0.01496,0.53472,0.04077,0.51808,0.00626,0.00313,0.00026,0.07726,0.00201,0.67182,0.03308,1.00000,0.00000
risk_calibrated_temporal_credit_v5,0.30000,5,576,0.84028,0.02994,0.62153,0.03964,0.62847,0.03950,0.00347,0.00481,0.14236,0.02856,0.00174,0.00340,0.03299,0.01460,0.48090,0.04084,0.51846,0.00626,0.00316,0.00026,0.07621,0.00197,0.66075,0.03336,1.00000,0.00000
risk_calibrated_temporal_credit_v5,0.30000,6,576,0.85069,0.02913,0.56597,0.04051,0.63368,0.03938,0.00000,0.00000,0.12326,0.02687,0.00000,0.00000,0.02951,0.01383,0.51389,0.04085,0.51752,0.00621,0.00323,0.00027,0.07677,0.00196,0.68506,0.03142,1.00000,0.00000
risk_calibrated_temporal_credit_v5,0.30000,7,576,0.85417,0.02885,0.59549,0.04012,0.62847,0.03950,0.00000,0.00000,0.12500,0.02703,0.00174,0.00340,0.04167,0.01633,0.51910,0.04084,0.51874,0.00620,0.00307,0.00025,0.07763,0.00204,0.67818,0.03295,1.00000,0.00000
risk_calibrated_temporal_credit_v5,0.30000,8,576,0.87847,0.02671,0.55903,0.04058,0.63368,0.03938,0.00347,0.00481,0.17882,0.03132,0.00000,0.00000,0.02431,0.01259,0.50174,0.04087,0.51819,0.00621,0.00320,0.00026,0.07639,0.00197,0.69096,0.03093,1.00000,0.00000
risk_calibrated_temporal_credit_v5,0.30000,9,576,0.88368,0.02621,0.59375,0.04014,0.58681,0.04025,0.00347,0.00481,0.15104,0.02927,0.00174,0.00340,0.02083,0.01167,0.54167,0.04073,0.51810,0.00620,0.00315,0.00026,0.07694,0.00201,0.70810,0.02959,1.00000,0.00000
risk_calibrated_temporal_credit_v5,0.36000,0,576,0.86285,0.02812,0.60764,0.03991,0.62326,0.03961,0.00000,0.00000,0.14757,0.02899,0.00000,0.00000,0.03993,0.01600,0.49306,0.04086,0.51845,0.00625,0.00315,0.00025,0.07692,0.00201,0.68041,0.03196,1.00000,0.00000
risk_calibrated_temporal_credit_v5,0.36000,1,576,0.86111,0.02827,0.54340,0.04071,0.61806,0.03971,0.00000,0.00000,0.15278,0.02941,0.00000,0.00000,0.02951,0.01383,0.51736,0.04084,0.51833,0.00630,0.00313,0.00025,0.07673,0.00198,0.68296,0.03152,1.00000,0.00000
risk_calibrated_temporal_credit_v5,0.36000,2,576,0.88194,0.02637,0.58681,0.04025,0.62500,0.03957,0.00347,0.00481,0.12500,0.02703,0.00000,0.00000,0.02257,0.01214,0.52257,0.04083,0.51866,0.00619,0.00319,0.00027,0.07682,0.00205,0.71804,0.02961,1.00000,0.00000
risk_calibrated_temporal_credit_v5,0.36000,3,576,0.88021,0.02654,0.55208,0.04065,0.60417,0.03997,0.00347,0.00481,0.17014,0.03071,0.00347,0.00481,0.02951,0.01383,0.50868,0.04086,0.51789,0.00623,0.00304,0.00023,0.07732,0.00199,0.68936,0.03155,1.00000,0.00000
risk_calibrated_temporal_credit_v5,0.36000,4,576,0.85069,0.02913,0.63194,0.03942,0.63542,0.03934,0.00868,0.00758,0.15799,0.02981,0.00521,0.00588,0.03819,0.01567,0.50174,0.04087,0.51914,0.00617,0.00310,0.00025,0.07709,0.00195,0.65495,0.03459,1.00000,0.00000
risk_calibrated_temporal_credit_v5,0.36000,5,576,0.82986,0.03071,0.56076,0.04057,0.63542,0.03934,0.00174,0.00340,0.15625,0.02968,0.00521,0.00588,0.03125,0.01422,0.53472,0.04077,0.51766,0.00620,0.00314,0.00026,0.07758,0.00207,0.64272,0.03439,1.00000,0.00000
risk_calibrated_temporal_credit_v5,0.36000,6,576,0.86285,0.02812,0.59722,0.04009,0.58854,0.04022,0.00868,0.00758,0.15451,0.02954,0.00000,0.00000,0.02778,0.01343,0.53993,0.04074,0.51739,0.00621,0.00317,0.00026,0.07654,0.00195,0.68103,0.03242,1.00000,0.00000
risk_calibrated_temporal_credit_v5,0.36000,7,576,0.85069,0.02913,0.59375,0.04014,0.58507,0.04027,0.00000,0.00000,0.14931,0.02913,0.00000,0.00000,0.01215,0.00896,0.51042,0.04086,0.51810,0.00629,0.00311,0.00025,0.07712,0.00197,0.68481,0.03310,1.00000,0.00000
risk_calibrated_temporal_credit_v5,0.36000,8,576,0.84549,0.02954,0.55556,0.04062,0.60590,0.03994,0.00174,0.00340,0.16493,0.03033,0.00000,0.00000,0.03299,0.01460,0.54514,0.04070,0.51801,0.00622,0.00316,0.00026,0.07771,0.00199,0.65930,0.03381,1.00000,0.00000
risk_calibrated_temporal_credit_v5,0.36000,9,576,0.83160,0.03059,0.58507,0.04027,0.61111,0.03985,0.00174,0.00340,0.15278,0.02941,0.00000,0.00000,0.02778,0.01343,0.51215,0.04086,0.51822,0.00626,0.00305,0.00024,0.07681,0.00198,0.65372,0.03367,1.00000,0.00000
sequence_contrastive_credit,0.18000,0,576,0.00000,0.00000,0.05035,0.01787,0.01910,0.01119,0.00000,0.00000,0.04835,0.01502,0.00000,0.00000,0.00000,0.00000,0.08333,0.02259,0.09065,0.02463,0.00725,0.00201,0.02720,0.00740,-0.03647,0.01038,0.08333,0.02259
sequence_contrastive_credit,0.18000,1,576,0.00000,0.00000,0.03125,0.01422,0.02257,0.01214,0.00000,0.00000,0.04531,0.01485,0.00000,0.00000,0.00000,0.00000,0.07465,0.02148,0.07920,0.02283,0.00598,0.00176,0.02401,0.00693,-0.03315,0.01000,0.07465,0.02148
sequence_contrastive_credit,0.18000,2,576,0.00000,0.00000,0.03472,0.01496,0.03646,0.01532,0.00000,0.00000,0.05321,0.01529,0.00000,0.00000,0.00000,0.00000,0.09722,0.02422,0.10441,0.02607,0.00830,0.00212,0.03183,0.00796,-0.04098,0.01071,0.09722,0.02422
sequence_contrastive_credit,0.18000,3,576,0.00000,0.00000,0.03819,0.01567,0.03646,0.01532,0.00000,0.00000,0.04748,0.01393,0.00000,0.00000,0.00000,0.00000,0.09375,0.02382,0.10206,0.02600,0.00806,0.00211,0.03135,0.00800,-0.03814,0.01015,0.09375,0.02382
sequence_contrastive_credit,0.18000,4,576,0.00000,0.00000,0.03125,0.01422,0.02604,0.01302,0.00000,0.00000,0.05243,0.01573,0.00000,0.00000,0.00000,0.00000,0.08854,0.02322,0.09509,0.02499,0.00747,0.00201,0.02891,0.00761,-0.03898,0.01073,0.08854,0.02322
sequence_contrastive_credit,0.18000,5,576,0.00000,0.00000,0.03819,0.01567,0.01910,0.01119,0.00000,0.00000,0.04748,0.01393,0.00000,0.00000,0.00000,0.00000,0.09375,0.02382,0.10195,0.02599,0.00803,0.00210,0.03034,0.00774,-0.03812,0.01012,0.09375,0.02382
sequence_contrastive_credit,0.18000,6,576,0.00000,0.00000,0.03472,0.01496,0.02257,0.01214,0.00000,0.00000,0.04852,0.01452,0.00000,0.00000,0.00000,0.00000,0.09028,0.02342,0.09705,0.02527,0.00773,0.00205,0.02982,0.00776,-0.03770,0.01023,0.09028,0.02342
sequence_contrastive_credit,0.18000,7,576,0.00000,0.00000,0.02604,0.01302,0.01910,0.01119,0.00000,0.00000,0.03168,0.01061,0.00000,0.00000,0.00000,0.00000,0.07118,0.02102,0.07680,0.02273,0.00625,0.00188,0.02376,0.00703,-0.02702,0.00824,0.07118,0.02102
sequence_contrastive_credit,0.18000,8,576,0.00000,0.00000,0.02083,0.01167,0.03125,0.01422,0.00000,0.00000,0.04444,0.01374,0.00000,0.00000,0.00000,0.00000,0.08507,0.02280,0.09360,0.02518,0.00740,0.00203,0.02807,0.00754,-0.03534,0.00992,0.08507,0.02280
sequence_contrastive_credit,0.18000,9,576,0.00000,0.00000,0.03472,0.01496,0.03819,0.01567,0.00000,0.00000,0.05538,0.01612,0.00000,0.00000,0.00000,0.00000,0.09375,0.02382,0.09906,0.02525,0.00747,0.00195,0.03027,0.00772,-0.04093,0.01095,0.09375,0.02382
sequence_contrastive_credit,0.24000,0,576,0.00000,0.00000,0.06250,0.01979,0.05035,0.01787,0.00000,0.00000,0.06615,0.01707,0.00000,0.00000,0.00000,0.00000,0.11806,0.02637,0.12773,0.02861,0.01046,0.00239,0.03957,0.00887,-0.05059,0.01189,0.11806,0.02637
sequence_contrastive_credit,0.24000,1,576,0.00000,0.00000,0.03646,0.01532,0.03819,0.01567,0.00000,0.00000,0.05451,0.01511,0.00000,0.00000,0.00000,0.00000,0.10417,0.02497,0.11251,0.02706,0.00904,0.00222,0.03398,0.00817,-0.04297,0.01079,0.10417,0.02497
sequence_contrastive_credit,0.24000,2,576,0.00000,0.00000,0.04167,0.01633,0.02083,0.01167,0.00000,0.00000,0.04479,0.01456,0.00000,0.00000,0.00000,0.00000,0.07639,0.02171,0.08268,0.02355,0.00681,0.00197,0.02518,0.00717,-0.03358,0.01003,0.07639,0.02171
sequence_contrastive_credit,0.24000,3,576,0.00000,0.00000,0.03299,0.01460,0.03646,0.01532,0.00000,0.00000,0.06024,0.01635,0.00000,0.00000,0.00000,0.00000,0.10764,0.02533,0.11544,0.02724,0.00910,0.00219,0.03494,0.00826,-0.04590,0.01133,0.10764,0.02533
sequence_contrastive_credit,0.24000,4,576,0.00000,0.00000,0.03819,0.01567,0.01910,0.01119,0.00000,0.00000,0.04740,0.01419,0.00000,0.00000,0.00000,0.00000,0.09028,0.02342,0.09740,0.02535,0.00764,0.00204,0.02922,0.00762,-0.03728,0.01010,0.09028,0.02342
sequence_contrastive_credit,0.24000,5,576,0.00000,0.00000,0.02257,0.01214,0.02257,0.01214,0.00000,0.00000,0.04106,0.01459,0.00000,0.00000,0.00000,0.00000,0.06250,0.01979,0.06818,0.02165,0.00568,0.00184,0.02098,0.00666,-0.02942,0.00973,0.06250,0.01979
sequence_contrastive_credit,0.24000,6,576,0.00000,0.00000,0.03819,0.01567,0.04167,0.01633,0.00000,0.00000,0.06172,0.01732,0.00000,0.00000,0.00000,0.00000,0.09896,0.02441,0.10634,0.02630,0.00843,0.00213,0.03248,0.00803,-0.04490,0.01163,0.09896,0.02441
sequence_contrastive_credit,0.24000,7,576,0.00000,0.00000,0.04167,0.01633,0.02951,0.01383,0.00000,0.00000,0.06545,0.01726,0.00000,0.00000,0.00000,0.00000,0.11285,0.02586,0.12059,0.02767,0.00951,0.00223,0.03712,0.00853,-0.04901,0.01181,0.11285,0.02586
sequence_contrastive_credit,0.24000,8,576,0.00000,0.00000,0.03472,0.01496,0.03472,0.01496,0.00000,0.00000,0.05477,0.01609,0.00000,0.00000,0.00000,0.00000,0.09201,0.02363,0.09911,0.02549,0.00792,0.00208,0.03082,0.00794,-0.04069,0.01096,0.09201,0.02363
sequence_contrastive_credit,0.24000,9,576,0.00000,0.00000,0.02778,0.01343,0.03299,0.01460,0.00000,0.00000,0.05347,0.01626,0.00000,0.00000,0.00000,0.00000,0.08507,0.02280,0.09226,0.02481,0.00718,0.00198,0.02803,0.00754,-0.03890,0.01093,0.08507,0.02280
sequence_contrastive_credit,0.30000,0,576,0.00521,0.00588,0.05208,0.01816,0.04167,0.01633,0.00000,0.00000,0.05625,0.01545,0.00000,0.00000,0.00000,0.00000,0.10764,0.02533,0.11989,0.02767,0.00918,0.00216,0.03614,0.00832,-0.03980,0.01222,0.11285,0.02586
sequence_contrastive_credit,0.30000,1,576,0.00347,0.00481,0.04688,0.01728,0.02257,0.01214,0.00000,0.00000,0.04896,0.01505,0.00000,0.00000,0.00000,0.00000,0.08681,0.02301,0.09433,0.02466,0.00792,0.00211,0.02987,0.00778,-0.03399,0.01078,0.09028,0.02342
sequence_contrastive_credit,0.30000,2,576,0.00174,0.00340,0.03472,0.01496,0.02778,0.01343,0.00000,0.00000,0.03559,0.01225,0.00000,0.00000,0.00174,0.00340,0.07118,0.02102,0.07756,0.02273,0.00604,0.00181,0.02385,0.00698,-0.02813,0.00969,0.07292,0.02125
sequence_contrastive_credit,0.30000,3,576,0.00868,0.00758,0.02951,0.01383,0.01736,0.01068,0.00000,0.00000,0.03828,0.01361,0.00174,0.00340,0.00174,0.00340,0.06597,0.02029,0.07845,0.02255,0.00602,0.00176,0.02453,0.00700,-0.02441,0.01080,0.07639,0.02171
sequence_contrastive_credit,0.30000,4,576,0.00694,0.00679,0.03299,0.01460,0.03646,0.01532,0.00000,0.00000,0.04193,0.01385,0.00174,0.00340,0.00174,0.00340,0.07812,0.02194,0.08652,0.02340,0.00637,0.00177,0.02681,0.00722,-0.02911,0.01173,0.08507,0.02280
sequence_contrastive_credit,0.30000,5,576,0.00694,0.00679,0.04861,0.01758,0.04688,0.01728,0.00000,0.00000,0.04688,0.01389,0.00000,0.00000,0.00347,0.00481,0.09375,0.02382,0.10616,0.02598,0.00817,0.00204,0.03328,0.00810,-0.03387,0.01120,0.10243,0.02478
sequence_contrastive_credit,0.30000,6,576,0.00521,0.00588,0.04340,0.01666,0.03125,0.01422,0.00000,0.00000,0.04792,0.01448,0.00000,0.00000,0.00174,0.00340,0.08854,0.02322,0.09732,0.02492,0.00770,0.00201,0.03034,0.00775,-0.03340,0.01129,0.09375,0.02382
sequence_contrastive_credit,0.30000,7,576,0.01215,0.00896,0.04861,0.01758,0.03299,0.01460,0.00521,0.00588,0.05894,0.01652,0.00000,0.00000,0.00174,0.00340,0.10417,0.02497,0.11987,0.02761,0.00965,0.00227,0.03710,0.00847,-0.03762,0.01306,0.11458,0.02603
sequence_contrastive_credit,0.30000,8,576,0.00694,0.00679,0.02951,0.01383,0.03125,0.01422,0.00000,0.00000,0.04905,0.01481,0.00000,0.00000,0.00000,0.00000,0.09028,0.02342,0.10154,0.02575,0.00824,0.00213,0.03096,0.00781,-0.03180,0.01210,0.09549,0.02402
sequence_contrastive_credit,0.30000,9,576,0.00521,0.00588,0.02431,0.01259,0.04167,0.01633,0.00174,0.00340,0.04384,0.01370,0.00000,0.00000,0.00000,0.00000,0.08333,0.02259,0.09403,0.02458,0.00723,0.00193,0.02931,0.00764,-0.03083,0.01029,0.09028,0.02342
sequence_contrastive_credit,0.36000,0,576,0.14236,0.02856,0.11458,0.02603,0.09028,0.02342,0.01910,0.01119,0.10755,0.02442,0.03125,0.01422,0.05208,0.01816,0.14583,0.02885,0.24901,0.03063,0.02186,0.00271,0.09730,0.01175,-0.02434,0.02994,0.31597,0.03800
sequence_contrastive_credit,0.36000,1,576,0.14583,0.02885,0.11285,0.02586,0.11285,0.02586,0.02431,0.01259,0.12005,0.02509,0.01910,0.01119,0.04340,0.01666,0.15625,0.02968,0.27681,0.03242,0.02407,0.00284,0.10585,0.01211,-0.01481,0.02831,0.34028,0.03873
sequence_contrastive_credit,0.36000,2,576,0.16667,0.03046,0.13368,0.02782,0.11979,0.02654,0.03299,0.01460,0.11033,0.02385,0.02431,0.01259,0.03646,0.01532,0.14583,0.02885,0.27140,0.03205,0.02374,0.00283,0.10505,0.01211,0.00545,0.03006,0.33681,0.03863
sequence_contrastive_credit,0.36000,3,576,0.15625,0.02968,0.13715,0.02812,0.09722,0.02422,0.04167,0.01633,0.13316,0.02670,0.02257,0.01214,0.02604,0.01302,0.18403,0.03167,0.27564,0.03212,0.02390,0.00280,0.10570,0.01205,-0.01111,0.03047,0.34201,0.03878
sequence_contrastive_credit,0.36000,4,576,0.16319,0.03021,0.12153,0.02671,0.09201,0.02363,0.03472,0.01496,0.10200,0.02337,0.01042,0.00830,0.03993,0.01600,0.15625,0.02968,0.26340,0.03153,0.02300,0.00277,0.10139,0.01186,0.01920,0.03001,0.32986,0.03843
sequence_contrastive_credit,0.36000,5,576,0.17361,0.03096,0.11979,0.02654,0.09549,0.02402,0.02951,0.01383,0.09323,0.02251,0.01562,0.01014,0.06076,0.01953,0.14931,0.02913,0.26202,0.03132,0.02294,0.00277,0.10156,0.01189,0.01738,0.03122,0.32986,0.03843
sequence_contrastive_credit,0.36000,6,576,0.15278,0.02941,0.12500,0.02703,0.09896,0.02441,0.01910,0.01119,0.11701,0.02504,0.01736,0.01068,0.02778,0.01343,0.14757,0.02899,0.26618,0.03127,0.02332,0.00276,0.10451,0.01203,0.00931,0.02907,0.33681,0.03863
sequence_contrastive_credit,0.36000,7,576,0.16319,0.03021,0.14236,0.02856,0.11285,0.02586,0.02778,0.01343,0.10556,0.02360,0.01042,0.00830,0.03125,0.01422,0.16146,0.03008,0.26294,0.03197,0.02279,0.00278,0.10046,0.01190,0.02658,0.02887,0.32465,0.03827
sequence_contrastive_credit,0.36000,8,576,0.16319,0.03021,0.11806,0.02637,0.10590,0.02515,0.02778,0.01343,0.11554,0.02546,0.01389,0.00957,0.04514,0.01697,0.14757,0.02899,0.23665,0.02971,0.02061,0.00260,0.09335,0.01156,0.01459,0.02889,0.30556,0.03765
sequence_contrastive_credit,0.36000,9,576,0.14931,0.02913,0.12500,0.02703,0.09722,0.02422,0.03125,0.01422,0.11832,0.02491,0.02257,0.01214,0.04340,0.01666,0.14931,0.02913,0.27531,0.03226,0.02396,0.00282,0.10596,0.01211,-0.01751,0.02871,0.34028,0.03873
temporal_difference_world_model,0.18000,0,576,0.00000,0.00000,0.05556,0.01872,0.08333,0.02259,0.00000,0.00000,0.08828,0.01872,0.00000,0.00000,0.00000,0.00000,0.16840,0.03059,0.16152,0.02944,0.01097,0.00209,0.04209,0.00768,-0.06666,0.01279,0.16840,0.03059
temporal_difference_world_model,0.18000,1,576,0.00000,0.00000,0.06944,0.02078,0.09896,0.02441,0.00000,0.00000,0.09835,0.01960,0.00000,0.00000,0.00000,0.00000,0.18750,0.03190,0.17997,0.03072,0.01231,0.00219,0.04753,0.00813,-0.07427,0.01334,0.18750,0.03190
temporal_difference_world_model,0.18000,2,576,0.00000,0.00000,0.05035,0.01787,0.07118,0.02102,0.00000,0.00000,0.06493,0.01539,0.00000,0.00000,0.00000,0.00000,0.13715,0.02812,0.13500,0.02781,0.00919,0.00197,0.03434,0.00707,-0.05194,0.01117,0.13715,0.02812
temporal_difference_world_model,0.18000,3,576,0.00000,0.00000,0.05556,0.01872,0.06944,0.02078,0.00000,0.00000,0.07092,0.01748,0.00000,0.00000,0.00000,0.00000,0.12847,0.02735,0.12473,0.02664,0.00849,0.00188,0.03243,0.00693,-0.05261,0.01181,0.12847,0.02735
temporal_difference_world_model,0.18000,4,576,0.00000,0.00000,0.06597,0.02029,0.07465,0.02148,0.00000,0.00000,0.07700,0.01772,0.00000,0.00000,0.00000,0.00000,0.14583,0.02885,0.14105,0.02802,0.00977,0.00201,0.03692,0.00733,-0.05817,0.01215,0.14583,0.02885
temporal_difference_world_model,0.18000,5,576,0.00000,0.00000,0.05382,0.01845,0.06250,0.01979,0.00000,0.00000,0.06901,0.01605,0.00000,0.00000,0.00000,0.00000,0.14236,0.02856,0.13770,0.02772,0.00856,0.00181,0.03504,0.00706,-0.05412,0.01142,0.14236,0.02856
temporal_difference_world_model,0.18000,6,576,0.00000,0.00000,0.06424,0.02004,0.08681,0.02301,0.00000,0.00000,0.08811,0.01911,0.00000,0.00000,0.00000,0.00000,0.16146,0.03008,0.15733,0.02943,0.01082,0.00211,0.04147,0.00776,-0.06579,0.01296,0.16146,0.03008
temporal_difference_world_model,0.18000,7,576,0.00000,0.00000,0.04167,0.01633,0.05729,0.01900,0.00000,0.00000,0.07726,0.01856,0.00000,0.00000,0.00000,0.00000,0.13368,0.02782,0.13110,0.02740,0.00929,0.00200,0.03400,0.00711,-0.05644,0.01239,0.13368,0.02782
temporal_difference_world_model,0.18000,8,576,0.00000,0.00000,0.04688,0.01728,0.05729,0.01900,0.00000,0.00000,0.07474,0.01867,0.00000,0.00000,0.00000,0.00000,0.12326,0.02687,0.11999,0.02623,0.00795,0.00181,0.03107,0.00680,-0.05332,0.01224,0.12326,0.02687
temporal_difference_world_model,0.18000,9,576,0.00000,0.00000,0.05208,0.01816,0.04688,0.01728,0.00000,0.00000,0.07352,0.01863,0.00000,0.00000,0.00000,0.00000,0.11979,0.02654,0.11617,0.02584,0.00797,0.00184,0.03063,0.00682,-0.05214,0.01217,0.11979,0.02654
temporal_difference_world_model,0.24000,0,576,0.04688,0.01728,0.09549,0.02402,0.09375,0.02382,0.00347,0.00481,0.08811,0.01911,0.00868,0.00758,0.00694,0.00679,0.17882,0.03132,0.18972,0.02958,0.01281,0.00210,0.05563,0.00843,-0.04090,0.01960,0.22743,0.03426
temporal_difference_world_model,0.24000,1,576,0.05729,0.01900,0.10938,0.02551,0.10417,0.02497,0.00347,0.00481,0.08620,0.01925,0.00521,0.00588,0.00694,0.00679,0.17014,0.03071,0.18716,0.02920,0.01238,0.00201,0.05500,0.00835,-0.02541,0.02009,0.22743,0.03426
temporal_difference_world_model,0.24000,2,576,0.07465,0.02148,0.09028,0.02342,0.10764,0.02533,0.00694,0.00679,0.09158,0.01960,0.00347,0.00481,0.01215,0.00896,0.18403,0.03167,0.20011,0.02962,0.01315,0.00202,0.05909,0.00850,-0.01576,0.01984,0.24653,0.03523
temporal_difference_world_model,0.24000,3,576,0.05556,0.01872,0.09549,0.02402,0.09722,0.02422,0.00868,0.00758,0.08698,0.01888,0.00694,0.00679,0.00521,0.00588,0.17188,0.03084,0.19048,0.02921,0.01271,0.00203,0.05650,0.00844,-0.03146,0.02231,0.23264,0.03454
temporal_difference_world_model,0.24000,4,576,0.05382,0.01845,0.10243,0.02478,0.10069,0.02460,0.01042,0.00830,0.06884,0.01651,0.00174,0.00340,0.00521,0.00588,0.16493,0.03033,0.17227,0.02833,0.01166,0.00200,0.05115,0.00816,-0.01730,0.01942,0.21007,0.03330
temporal_difference_world_model,0.24000,5,576,0.07465,0.02148,0.09375,0.02382,0.10590,0.02515,0.00521,0.00588,0.08238,0.01952,0.01042,0.00830,0.01389,0.00957,0.15278,0.02941,0.17057,0.02789,0.01135,0.00194,0.05164,0.00821,-0.01431,0.02072,0.21181,0.03340
temporal_difference_world_model,0.24000,6,576,0.06771,0.02054,0.09375,0.02382,0.11632,0.02621,0.00347,0.00481,0.10122,0.02132,0.00347,0.00481,0.01215,0.00896,0.18924,0.03202,0.19689,0.02984,0.01330,0.00211,0.05786,0.00853,-0.02443,0.02199,0.23785,0.03480
temporal_difference_world_model,0.24000,7,576,0.05729,0.01900,0.09375,0.02382,0.11111,0.02569,0.00521,0.00588,0.09896,0.02091,0.00347,0.00481,0.00521,0.00588,0.17708,0.03120,0.19568,0.02976,0.01285,0.00204,0.05752,0.00851,-0.03017,0.02093,0.23611,0.03471
temporal_difference_world_model,0.24000,8,576,0.05903,0.01926,0.08507,0.02280,0.09722,0.02422,0.01562,0.01014,0.09653,0.02085,0.00174,0.00340,0.00521,0.00588,0.16146,0.03008,0.18837,0.02936,0.01282,0.00209,0.05497,0.00835,-0.02918,0.02066,0.22743,0.03426
temporal_difference_world_model,0.24000,9,576,0.07292,0.02125,0.08333,0.02259,0.09896,0.02441,0.01042,0.00830,0.08542,0.01961,0.00521,0.00588,0.01389,0.00957,0.17535,0.03108,0.17833,0.02852,0.01164,0.00194,0.05260,0.00818,-0.01548,0.01935,0.21875,0.03379
temporal_difference_world_model,0.30000,0,576,0.36458,0.03934,0.25000,0.03539,0.30903,0.03777,0.05035,0.01787,0.16215,0.02906,0.03472,0.01496,0.06771,0.02054,0.28472,0.03689,0.42370,0.02806,0.03496,0.00243,0.15382,0.00980,0.11090,0.04169,0.62674,0.03953
temporal_difference_world_model,0.30000,1,576,0.32639,0.03833,0.25868,0.03579,0.25868,0.03579,0.03299,0.01460,0.16684,0.02933,0.02778,0.01343,0.05556,0.01872,0.27257,0.03640,0.40113,0.02831,0.03281,0.00242,0.14582,0.00994,0.09858,0.04007,0.59375,0.04014
temporal_difference_world_model,0.30000,2,576,0.34549,0.03887,0.25694,0.03572,0.26562,0.03610,0.04167,0.01633,0.16684,0.02933,0.02431,0.01259,0.05556,0.01872,0.26736,0.03618,0.39575,0.02810,0.03251,0.00241,0.14494,0.00996,0.11828,0.03897,0.59028,0.04020
temporal_difference_world_model,0.30000,3,576,0.37674,0.03961,0.26910,0.03625,0.23611,0.03471,0.03646,0.01532,0.19071,0.03081,0.03125,0.01422,0.05382,0.01845,0.28472,0.03689,0.43188,0.02845,0.03557,0.00245,0.15483,0.00977,0.12871,0.04296,0.63194,0.03942
temporal_difference_world_model,0.30000,4,576,0.36979,0.03946,0.25868,0.03579,0.27778,0.03661,0.06250,0.01979,0.16970,0.02959,0.02083,0.01167,0.05208,0.01816,0.26215,0.03595,0.41211,0.02808,0.03405,0.00242,0.15102,0.00991,0.13423,0.03982,0.61285,0.03981
temporal_difference_world_model,0.30000,5,576,0.37326,0.03953,0.26736,0.03618,0.28993,0.03709,0.05035,0.01787,0.17101,0.02946,0.02431,0.01259,0.04861,0.01758,0.28819,0.03702,0.41745,0.02893,0.03403,0.00246,0.14869,0.00986,0.14055,0.04187,0.60764,0.03991
temporal_difference_world_model,0.30000,6,576,0.35069,0.03900,0.26562,0.03610,0.26910,0.03625,0.04861,0.01758,0.15417,0.02824,0.02431,0.01259,0.07639,0.02171,0.26562,0.03610,0.40118,0.02809,0.03302,0.00242,0.14678,0.00994,0.11153,0.04008,0.59722,0.04009
temporal_difference_world_model,0.30000,7,576,0.36111,0.03926,0.24826,0.03531,0.27257,0.03640,0.03819,0.01567,0.16988,0.02933,0.02778,0.01343,0.05382,0.01845,0.30556,0.03765,0.42640,0.02831,0.03511,0.00244,0.15408,0.00982,0.12582,0.04031,0.62674,0.03953
temporal_difference_world_model,0.30000,8,576,0.36979,0.03946,0.28299,0.03682,0.25694,0.03572,0.05556,0.01872,0.15773,0.02839,0.02778,0.01343,0.05903,0.01926,0.27083,0.03632,0.42129,0.02786,0.03459,0.00240,0.15407,0.00986,0.12893,0.04067,0.62500,0.03957
temporal_difference_world_model,0.30000,9,576,0.35764,0.03918,0.24479,0.03514,0.26215,0.03595,0.04167,0.01633,0.14939,0.02808,0.02431,0.01259,0.04688,0.01728,0.26736,0.03618,0.40410,0.02812,0.03318,0.00240,0.14708,0.00989,0.14157,0.03930,0.60069,0.04003
temporal_difference_world_model,0.36000,0,576,0.61285,0.03981,0.35243,0.03905,0.42708,0.04043,0.09722,0.02422,0.21892,0.03356,0.05382,0.01845,0.13194,0.02766,0.38542,0.03978,0.60955,0.01565,0.05798,0.00194,0.23369,0.00577,0.21536,0.05008,0.92361,0.02171
temporal_difference_world_model,0.36000,1,576,0.64410,0.03913,0.36806,0.03942,0.44444,0.04062,0.07465,0.02148,0.26007,0.03556,0.03819,0.01567,0.10243,0.02478,0.37847,0.03964,0.61570,0.01594,0.05811,0.00192,0.23499,0.00568,0.27459,0.04755,0.92708,0.02125
temporal_difference_world_model,0.36000,2,576,0.60417,0.03997,0.37153,0.03950,0.41840,0.04032,0.07986,0.02216,0.25243,0.03536,0.04514,0.01697,0.08681,0.02301,0.36458,0.03934,0.60469,0.01614,0.05745,0.00197,0.23153,0.00596,0.23941,0.04835,0.91667,0.02259
temporal_difference_world_model,0.36000,3,576,0.61285,0.03981,0.41493,0.04027,0.44965,0.04066,0.08681,0.02301,0.22292,0.03386,0.03819,0.01567,0.13021,0.02751,0.35243,0.03905,0.61118,0.01560,0.05798,0.00192,0.23335,0.00572,0.23665,0.04985,0.92535,0.02148
temporal_difference_world_model,0.36000,4,576,0.61285,0.03981,0.39410,0.03994,0.41667,0.04030,0.07639,0.02171,0.21597,0.03348,0.04514,0.01697,0.13194,0.02766,0.37847,0.03964,0.60887,0.01584,0.05781,0.00194,0.23247,0.00581,0.23630,0.05012,0.92188,0.02194
temporal_difference_world_model,0.36000,5,576,0.58681,0.04025,0.38021,0.03968,0.43229,0.04049,0.07986,0.02216,0.24497,0.03493,0.04167,0.01633,0.11632,0.02621,0.36458,0.03934,0.61500,0.01597,0.05802,0.00193,0.23431,0.00575,0.20886,0.04879,0.92535,0.02148
temporal_difference_world_model,0.36000,6,576,0.60069,0.04003,0.39062,0.03988,0.45312,0.04069,0.09375,0.02382,0.26398,0.03592,0.04340,0.01666,0.11979,0.02654,0.34375,0.03882,0.61227,0.01572,0.05818,0.00192,0.23303,0.00569,0.20446,0.04876,0.92535,0.02148
temporal_difference_world_model,0.36000,7,576,0.61979,0.03968,0.38021,0.03968,0.41493,0.04027,0.09375,0.02382,0.26519,0.03590,0.05208,0.01816,0.12500,0.02703,0.36458,0.03934,0.60966,0.01557,0.05783,0.00191,0.23230,0.00573,0.21075,0.04876,0.92361,0.02171
temporal_difference_world_model,0.36000,8,576,0.64757,0.03905,0.38889,0.03985,0.37674,0.03961,0.07465,0.02148,0.23620,0.03460,0.03993,0.01600,0.10938,0.02551,0.35938,0.03922,0.60806,0.01565,0.05755,0.00192,0.23348,0.00585,0.28323,0.04710,0.92188,0.02194
temporal_difference_world_model,0.36000,9,576,0.63542,0.03934,0.41319,0.04025,0.41493,0.04027,0.09028,0.02342,0.23394,0.03441,0.04514,0.01697,0.13368,0.02782,0.38715,0.03981,0.61508,0.01557,0.05834,0.00190,0.23413,0.00560,0.24242,0.04858,0.92882,0.02102
transformer_attention_attribution,0.18000,0,576,0.00000,0.00000,0.01736,0.01068,0.01042,0.00830,0.00000,0.00000,0.02413,0.01097,0.00000,0.00000,0.00000,0.00000,0.03993,0.01600,0.04650,0.01870,0.00426,0.00174,0.01527,0.00614,-0.01838,0.00769,0.03993,0.01600
transformer_attention_attribution,0.18000,1,576,0.00000,0.00000,0.01042,0.00830,0.00521,0.00588,0.00000,0.00000,0.02300,0.01052,0.00000,0.00000,0.00000,0.00000,0.03993,0.01600,0.04531,0.01819,0.00430,0.00175,0.01551,0.00624,-0.01771,0.00740,0.03993,0.01600
transformer_attention_attribution,0.18000,2,576,0.00000,0.00000,0.01389,0.00957,0.00868,0.00758,0.00000,0.00000,0.02083,0.00914,0.00000,0.00000,0.00000,0.00000,0.04340,0.01666,0.04949,0.01902,0.00460,0.00179,0.01679,0.00647,-0.01754,0.00700,0.04340,0.01666
transformer_attention_attribution,0.18000,3,576,0.00000,0.00000,0.00868,0.00758,0.01736,0.01068,0.00000,0.00000,0.02752,0.01224,0.00000,0.00000,0.00000,0.00000,0.03993,0.01600,0.04429,0.01778,0.00433,0.00177,0.01529,0.00616,-0.01945,0.00811,0.03993,0.01600
transformer_attention_attribution,0.18000,4,576,0.00000,0.00000,0.02083,0.01167,0.01910,0.01119,0.00000,0.00000,0.03064,0.01218,0.00000,0.00000,0.00000,0.00000,0.05208,0.01816,0.05932,0.02073,0.00553,0.00196,0.02011,0.00704,-0.02340,0.00854,0.05208,0.01816
transformer_attention_attribution,0.18000,5,576,0.00000,0.00000,0.01389,0.00957,0.01389,0.00957,0.00000,0.00000,0.02700,0.01188,0.00000,0.00000,0.00000,0.00000,0.04167,0.01633,0.04759,0.01870,0.00431,0.00171,0.01612,0.00633,-0.01978,0.00807,0.04167,0.01633
transformer_attention_attribution,0.18000,6,576,0.00000,0.00000,0.01736,0.01068,0.01215,0.00896,0.00000,0.00000,0.03003,0.01213,0.00000,0.00000,0.00000,0.00000,0.05035,0.01787,0.05781,0.02058,0.00557,0.00201,0.01949,0.00694,-0.02289,0.00850,0.05035,0.01787
transformer_attention_attribution,0.18000,7,576,0.00000,0.00000,0.00868,0.00758,0.01562,0.01014,0.00000,0.00000,0.01658,0.00864,0.00000,0.00000,0.00000,0.00000,0.03125,0.01422,0.03643,0.01663,0.00348,0.00161,0.01203,0.00549,-0.01343,0.00638,0.03125,0.01422
transformer_attention_attribution,0.18000,8,576,0.00000,0.00000,0.01910,0.01119,0.02083,0.01167,0.00000,0.00000,0.03299,0.01266,0.00000,0.00000,0.00000,0.00000,0.05556,0.01872,0.06275,0.02119,0.00595,0.00204,0.02123,0.00717,-0.02501,0.00880,0.05556,0.01872
transformer_attention_attribution,0.18000,9,576,0.00000,0.00000,0.01562,0.01014,0.01215,0.00896,0.00000,0.00000,0.02656,0.01119,0.00000,0.00000,0.00000,0.00000,0.04688,0.01728,0.05269,0.01945,0.00489,0.00183,0.01788,0.00661,-0.02052,0.00789,0.04688,0.01728
transformer_attention_attribution,0.24000,0,576,0.00000,0.00000,0.02083,0.01167,0.01562,0.01014,0.00000,0.00000,0.03880,0.01392,0.00000,0.00000,0.00000,0.00000,0.06250,0.01979,0.07132,0.02262,0.00655,0.00211,0.02388,0.00759,-0.02895,0.00957,0.06250,0.01979
transformer_attention_attribution,0.24000,1,576,0.00000,0.00000,0.01215,0.00896,0.01215,0.00896,0.00000,0.00000,0.02196,0.00966,0.00000,0.00000,0.00000,0.00000,0.04340,0.01666,0.04960,0.01909,0.00499,0.00194,0.01709,0.00658,-0.01806,0.00721,0.04340,0.01666
transformer_attention_attribution,0.24000,2,576,0.00000,0.00000,0.00521,0.00588,0.01042,0.00830,0.00000,0.00000,0.01780,0.00879,0.00000,0.00000,0.00000,0.00000,0.03472,0.01496,0.03970,0.01716,0.00389,0.00170,0.01337,0.00578,-0.01454,0.00653,0.03472,0.01496
transformer_attention_attribution,0.24000,3,576,0.00000,0.00000,0.01910,0.01119,0.01562,0.01014,0.00000,0.00000,0.02361,0.01057,0.00000,0.00000,0.00000,0.00000,0.04167,0.01633,0.04782,0.01879,0.00448,0.00178,0.01616,0.00637,-0.01841,0.00752,0.04167,0.01633
transformer_attention_attribution,0.24000,4,576,0.00000,0.00000,0.01215,0.00896,0.00694,0.00679,0.00000,0.00000,0.02995,0.01243,0.00000,0.00000,0.00000,0.00000,0.04688,0.01728,0.05341,0.01972,0.00514,0.00192,0.01830,0.00677,-0.02207,0.00849,0.04688,0.01728
transformer_attention_attribution,0.24000,5,576,0.00000,0.00000,0.02257,0.01214,0.01389,0.00957,0.00000,0.00000,0.02778,0.01130,0.00000,0.00000,0.00000,0.00000,0.05035,0.01787,0.05785,0.02059,0.00551,0.00198,0.01927,0.00687,-0.02194,0.00812,0.05035,0.01787
transformer_attention_attribution,0.24000,6,576,0.00000,0.00000,0.01562,0.01014,0.01389,0.00957,0.00000,0.00000,0.03464,0.01336,0.00000,0.00000,0.00000,0.00000,0.05382,0.01845,0.06212,0.02138,0.00587,0.00204,0.02046,0.00704,-0.02557,0.00916,0.05382,0.01845
transformer_attention_attribution,0.24000,7,576,0.00000,0.00000,0.01042,0.00830,0.00521,0.00588,0.00000,0.00000,0.02535,0.01108,0.00000,0.00000,0.00000,0.00000,0.04340,0.01666,0.04896,0.01882,0.00446,0.00174,0.01671,0.00643,-0.01934,0.00775,0.04340,0.01666
transformer_attention_attribution,0.24000,8,576,0.00000,0.00000,0.01562,0.01014,0.01389,0.00957,0.00000,0.00000,0.02465,0.01136,0.00000,0.00000,0.00000,0.00000,0.03819,0.01567,0.04451,0.01832,0.00402,0.00169,0.01455,0.00599,-0.01824,0.00782,0.03819,0.01567
transformer_attention_attribution,0.24000,9,576,0.00000,0.00000,0.00694,0.00679,0.01736,0.01068,0.00000,0.00000,0.02769,0.01162,0.00000,0.00000,0.00000,0.00000,0.04688,0.01728,0.05506,0.02036,0.00524,0.00196,0.01823,0.00674,-0.02140,0.00824,0.04688,0.01728
transformer_attention_attribution,0.30000,0,576,0.00000,0.00000,0.00868,0.00758,0.00347,0.00481,0.00000,0.00000,0.02118,0.01034,0.00000,0.00000,0.00000,0.00000,0.03472,0.01496,0.03883,0.01677,0.00359,0.00157,0.01325,0.00573,-0.01580,0.00710,0.03472,0.01496
transformer_attention_attribution,0.30000,1,576,0.00000,0.00000,0.01389,0.00957,0.01215,0.00896,0.00000,0.00000,0.02248,0.01010,0.00000,0.00000,0.00000,0.00000,0.04167,0.01633,0.04748,0.01867,0.00459,0.00182,0.01598,0.00629,-0.01789,0.00730,0.04167,0.01633
transformer_attention_attribution,0.30000,2,576,0.00000,0.00000,0.01736,0.01068,0.00868,0.00758,0.00000,0.00000,0.02786,0.01097,0.00000,0.00000,0.00000,0.00000,0.05382,0.01845,0.06095,0.02094,0.00566,0.00197,0.02039,0.00702,-0.02253,0.00805,0.05382,0.01845
transformer_attention_attribution,0.30000,3,576,0.00000,0.00000,0.01736,0.01068,0.01042,0.00830,0.00000,0.00000,0.02135,0.00960,0.00000,0.00000,0.00000,0.00000,0.04167,0.01633,0.04830,0.01897,0.00451,0.00180,0.01617,0.00636,-0.01754,0.00715,0.04167,0.01633
transformer_attention_attribution,0.30000,4,576,0.00000,0.00000,0.01215,0.00896,0.01389,0.00957,0.00000,0.00000,0.02135,0.00960,0.00000,0.00000,0.00000,0.00000,0.04167,0.01633,0.04711,0.01851,0.00445,0.00177,0.01583,0.00623,-0.01734,0.00710,0.04167,0.01633
transformer_attention_attribution,0.30000,5,576,0.00000,0.00000,0.02083,0.01167,0.00868,0.00758,0.00000,0.00000,0.01667,0.00820,0.00000,0.00000,0.00000,0.00000,0.03472,0.01496,0.03904,0.01684,0.00376,0.00165,0.01353,0.00585,-0.01395,0.00624,0.03472,0.01496
transformer_attention_attribution,0.30000,6,576,0.00000,0.00000,0.01562,0.01014,0.00694,0.00679,0.00000,0.00000,0.02370,0.01022,0.00000,0.00000,0.00000,0.00000,0.04514,0.01697,0.05120,0.01928,0.00485,0.00185,0.01745,0.00658,-0.01905,0.00746,0.04514,0.01697
transformer_attention_attribution,0.30000,7,576,0.00000,0.00000,0.01389,0.00957,0.00868,0.00758,0.00000,0.00000,0.01840,0.00886,0.00000,0.00000,0.00000,0.00000,0.03646,0.01532,0.04145,0.01746,0.00399,0.00170,0.01412,0.00595,-0.01510,0.00661,0.03646,0.01532
transformer_attention_attribution,0.30000,8,576,0.00000,0.00000,0.01736,0.01068,0.01042,0.00830,0.00000,0.00000,0.02595,0.01114,0.00000,0.00000,0.00000,0.00000,0.04514,0.01697,0.05112,0.01926,0.00494,0.00188,0.01724,0.00651,-0.02000,0.00786,0.04514,0.01697
transformer_attention_attribution,0.30000,9,576,0.00000,0.00000,0.02083,0.01167,0.01215,0.00896,0.00000,0.00000,0.03403,0.01332,0.00000,0.00000,0.00000,0.00000,0.05208,0.01816,0.05898,0.02061,0.00558,0.00198,0.01991,0.00696,-0.02477,0.00900,0.05208,0.01816
transformer_attention_attribution,0.36000,0,576,0.00000,0.00000,0.00868,0.00758,0.00694,0.00679,0.00000,0.00000,0.02188,0.01004,0.00000,0.00000,0.00000,0.00000,0.03993,0.01600,0.04550,0.01826,0.00427,0.00174,0.01546,0.00622,-0.01727,0.00721,0.03993,0.01600
transformer_attention_attribution,0.36000,1,576,0.00000,0.00000,0.01215,0.00896,0.00868,0.00758,0.00000,0.00000,0.02031,0.00865,0.00000,0.00000,0.00000,0.00000,0.04514,0.01697,0.05172,0.01948,0.00475,0.00182,0.01740,0.00657,-0.01771,0.00687,0.04514,0.01697
transformer_attention_attribution,0.36000,2,576,0.00000,0.00000,0.00694,0.00679,0.01736,0.01068,0.00000,0.00000,0.03385,0.01386,0.00000,0.00000,0.00000,0.00000,0.04514,0.01697,0.05073,0.01911,0.00491,0.00187,0.01748,0.00660,-0.02325,0.00905,0.04514,0.01697
transformer_attention_attribution,0.36000,3,576,0.00000,0.00000,0.01562,0.01014,0.01910,0.01119,0.00000,0.00000,0.02830,0.01167,0.00000,0.00000,0.00000,0.00000,0.04861,0.01758,0.05524,0.02002,0.00514,0.00189,0.01871,0.00679,-0.02169,0.00822,0.04861,0.01758
transformer_attention_attribution,0.36000,4,576,0.00000,0.00000,0.01389,0.00957,0.01215,0.00896,0.00000,0.00000,0.02812,0.01229,0.00000,0.00000,0.00000,0.00000,0.04167,0.01633,0.04769,0.01874,0.00440,0.00175,0.01616,0.00635,-0.02027,0.00826,0.04167,0.01633
transformer_attention_attribution,0.36000,5,576,0.00000,0.00000,0.01562,0.01014,0.01389,0.00957,0.00000,0.00000,0.03238,0.01262,0.00000,0.00000,0.00000,0.00000,0.05382,0.01845,0.06199,0.02130,0.00601,0.00208,0.02095,0.00720,-0.02462,0.00882,0.05382,0.01845
transformer_attention_attribution,0.36000,6,576,0.00174,0.00340,0.01042,0.00830,0.01042,0.00830,0.00000,0.00000,0.01606,0.00812,0.00000,0.00000,0.00000,0.00000,0.03125,0.01422,0.03745,0.01667,0.00352,0.00158,0.01265,0.00562,-0.01166,0.00606,0.03299,0.01460
transformer_attention_attribution,0.36000,7,576,0.00000,0.00000,0.01562,0.01014,0.01910,0.01119,0.00000,0.00000,0.03585,0.01345,0.00000,0.00000,0.00000,0.00000,0.05729,0.01900,0.06433,0.02137,0.00607,0.00205,0.02188,0.00727,-0.02650,0.00918,0.05729,0.01900
transformer_attention_attribution,0.36000,8,576,0.00000,0.00000,0.01215,0.00896,0.01215,0.00896,0.00000,0.00000,0.02361,0.01057,0.00000,0.00000,0.00000,0.00000,0.04167,0.01633,0.04693,0.01843,0.00429,0.00171,0.01577,0.00620,-0.01825,0.00747,0.04167,0.01633
transformer_attention_attribution,0.36000,9,576,0.00000,0.00000,0.01736,0.01068,0.01042,0.00830,0.00000,0.00000,0.02188,0.01004,0.00000,0.00000,0.00000,0.00000,0.03993,0.01600,0.04587,0.01845,0.00424,0.00173,0.01502,0.00605,-0.01732,0.00723,0.03993,0.01600
