method,split,stress_level,seed,rows,success,ci95_success,credit_f1,ci95_credit_f1,delayed_blame_f1,ci95_delayed_blame_f1,false_credit,ci95_false_credit,missed_credit,ci95_missed_credit,irreversible_side_effect,ci95_irreversible_side_effect,wasted_action_rate,ci95_wasted_action_rate,early_correction,ci95_early_correction,correction_latency,ci95_correction_latency,ece,ci95_ece,regret,ci95_regret,utility,ci95_utility
causal_event_graph_credit,stress_00,0.00000,0,48,0.70486,0.05259,0.53819,0.04886,0.54514,0.06433,0.02431,0.01682,0.17014,0.04813,0.01736,0.01751,0.06597,0.02875,0.44444,0.05863,0.53940,0.01158,0.00200,0.00000,0.20601,0.00459,0.46127,0.06089
causal_event_graph_credit,stress_00,0.00000,1,48,0.73611,0.05740,0.51736,0.05935,0.53819,0.05608,0.02778,0.02025,0.17361,0.04235,0.01736,0.01751,0.09722,0.03201,0.42014,0.05835,0.53949,0.01119,0.00200,0.00000,0.20432,0.00457,0.47001,0.07005
causal_event_graph_credit,stress_00,0.00000,2,48,0.67014,0.05955,0.56250,0.05556,0.51042,0.05451,0.01389,0.01317,0.18056,0.04107,0.01736,0.01456,0.09028,0.03363,0.44444,0.04698,0.53971,0.01116,0.00200,0.00000,0.20548,0.00468,0.41206,0.06119
causal_event_graph_credit,stress_00,0.00000,3,48,0.69444,0.05531,0.57292,0.06067,0.55208,0.04680,0.02778,0.01776,0.18056,0.04944,0.01389,0.01637,0.11458,0.03660,0.45833,0.06113,0.53935,0.01155,0.00200,0.00000,0.20389,0.00478,0.41850,0.06330
causal_event_graph_credit,stress_00,0.00000,4,48,0.70139,0.04660,0.56944,0.05903,0.55556,0.05943,0.02083,0.01576,0.14236,0.04238,0.02083,0.01576,0.10417,0.03316,0.40625,0.06221,0.54049,0.01109,0.00200,0.00000,0.20400,0.00488,0.44346,0.05843
causal_event_graph_credit,stress_00,0.00000,5,48,0.67014,0.05282,0.53125,0.06202,0.54861,0.06300,0.05556,0.02246,0.18750,0.04309,0.01736,0.01456,0.07639,0.02566,0.45486,0.05393,0.53969,0.01139,0.00200,0.00000,0.20475,0.00510,0.39775,0.05258
causal_event_graph_credit,stress_00,0.00000,6,48,0.72917,0.04626,0.54514,0.05480,0.49653,0.06034,0.03819,0.02617,0.17708,0.03692,0.02083,0.01576,0.07292,0.03356,0.44097,0.05794,0.54048,0.01201,0.00200,0.00000,0.20605,0.00492,0.46770,0.05516
causal_event_graph_credit,stress_00,0.00000,7,48,0.68403,0.04886,0.54861,0.05832,0.54167,0.06113,0.02431,0.01682,0.19444,0.04798,0.04167,0.02281,0.08681,0.03074,0.49306,0.05668,0.54063,0.01150,0.00200,0.00000,0.20549,0.00477,0.39038,0.06027
causal_event_graph_credit,stress_00,0.00000,8,48,0.75000,0.04127,0.54861,0.05412,0.52778,0.06621,0.03819,0.02226,0.17361,0.05050,0.01389,0.01317,0.07639,0.03220,0.44097,0.05100,0.53896,0.01183,0.00200,0.00000,0.20497,0.00468,0.49572,0.05465
causal_event_graph_credit,stress_00,0.00000,9,48,0.75000,0.04765,0.58333,0.04959,0.55903,0.05006,0.03819,0.02003,0.19444,0.04596,0.02431,0.01682,0.09722,0.03346,0.44792,0.06750,0.54061,0.01171,0.00200,0.00000,0.20398,0.00438,0.46233,0.05500
causal_event_graph_credit,stress_01,0.11111,0,48,0.69097,0.05586,0.54861,0.05324,0.53125,0.05969,0.03125,0.02099,0.20833,0.04715,0.01736,0.01456,0.07639,0.03220,0.42361,0.04453,0.56129,0.01237,0.00329,0.00063,0.21477,0.00481,0.41794,0.06329
causal_event_graph_credit,stress_01,0.11111,1,48,0.69097,0.04764,0.58333,0.06452,0.52431,0.04862,0.03472,0.01935,0.17708,0.04998,0.01736,0.01751,0.12500,0.03574,0.42708,0.06144,0.56133,0.01289,0.00314,0.00057,0.21349,0.00483,0.39927,0.06378
causal_event_graph_credit,stress_01,0.11111,2,48,0.72222,0.04991,0.55208,0.05515,0.50347,0.06034,0.03125,0.01860,0.16319,0.04403,0.02778,0.01776,0.11458,0.03528,0.39583,0.06199,0.56242,0.01250,0.00311,0.00058,0.21366,0.00500,0.43285,0.06320
causal_event_graph_credit,stress_01,0.11111,3,48,0.66319,0.05192,0.50694,0.05234,0.53125,0.06991,0.05556,0.02448,0.19097,0.04561,0.03819,0.02226,0.06944,0.02349,0.44444,0.05531,0.56179,0.01268,0.00313,0.00057,0.21312,0.00501,0.36711,0.06084
causal_event_graph_credit,stress_01,0.11111,4,48,0.72569,0.05100,0.52083,0.05556,0.48958,0.05949,0.04861,0.02566,0.21181,0.04321,0.02431,0.01682,0.08333,0.03369,0.42361,0.05584,0.56247,0.01329,0.00316,0.00058,0.21591,0.00481,0.43075,0.06033
causal_event_graph_credit,stress_01,0.11111,5,48,0.67014,0.04813,0.55556,0.06549,0.49306,0.06071,0.03472,0.01935,0.19792,0.04830,0.04514,0.02330,0.10069,0.03734,0.48958,0.06481,0.56218,0.01300,0.00316,0.00059,0.21433,0.00487,0.35406,0.06090
causal_event_graph_credit,stress_01,0.11111,6,48,0.73958,0.04340,0.52083,0.06045,0.53819,0.06321,0.04167,0.02281,0.21528,0.05584,0.01389,0.01317,0.09375,0.03755,0.41667,0.05054,0.56058,0.01279,0.00315,0.00056,0.21365,0.00500,0.45182,0.06152
causal_event_graph_credit,stress_01,0.11111,7,48,0.72569,0.05006,0.55903,0.05875,0.53472,0.04761,0.04861,0.02374,0.20139,0.04761,0.02431,0.01682,0.12153,0.03605,0.44097,0.06632,0.56212,0.01285,0.00306,0.00052,0.21416,0.00444,0.41151,0.06454
causal_event_graph_credit,stress_01,0.11111,8,48,0.70486,0.04886,0.54167,0.06113,0.50000,0.05836,0.04861,0.02566,0.18750,0.03966,0.01389,0.01317,0.06944,0.03201,0.36458,0.05643,0.56198,0.01272,0.00322,0.00061,0.21290,0.00487,0.44027,0.05958
causal_event_graph_credit,stress_01,0.11111,9,48,0.68056,0.04748,0.54167,0.05283,0.45833,0.05876,0.05556,0.02246,0.22222,0.05085,0.02778,0.02025,0.07986,0.02916,0.40972,0.05992,0.56188,0.01300,0.00304,0.00056,0.21579,0.00487,0.37634,0.06193
causal_event_graph_credit,stress_02,0.22222,0,48,0.74653,0.04958,0.51389,0.05740,0.49306,0.06875,0.04167,0.02664,0.18056,0.04847,0.03819,0.02226,0.11111,0.03809,0.37847,0.06284,0.58427,0.01390,0.00832,0.00197,0.22247,0.00504,0.43164,0.06204
causal_event_graph_credit,stress_02,0.22222,1,48,0.66319,0.05458,0.49306,0.05050,0.50000,0.06668,0.05556,0.02634,0.19097,0.04764,0.04167,0.02480,0.08333,0.03076,0.41667,0.05327,0.58353,0.01410,0.00815,0.00198,0.22175,0.00495,0.35080,0.06057
causal_event_graph_credit,stress_02,0.22222,2,48,0.69444,0.05782,0.49306,0.04558,0.48958,0.05622,0.06597,0.02875,0.22222,0.03931,0.02431,0.01943,0.07986,0.03505,0.39583,0.05886,0.58359,0.01463,0.00847,0.00199,0.22370,0.00475,0.38514,0.06752
causal_event_graph_credit,stress_02,0.22222,3,48,0.65625,0.05622,0.54167,0.06113,0.48958,0.05869,0.04514,0.02117,0.23611,0.04545,0.05208,0.02602,0.09028,0.03634,0.44792,0.06008,0.58389,0.01427,0.00839,0.00200,0.22397,0.00472,0.31406,0.07036
causal_event_graph_credit,stress_02,0.22222,4,48,0.72917,0.04924,0.49653,0.06265,0.54514,0.06359,0.04861,0.02374,0.23611,0.05573,0.01736,0.01456,0.09722,0.03991,0.42014,0.05835,0.58227,0.01401,0.00860,0.00198,0.22302,0.00487,0.41944,0.07075
causal_event_graph_credit,stress_02,0.22222,5,48,0.70833,0.04912,0.53472,0.06225,0.53125,0.04731,0.05556,0.02808,0.24653,0.04764,0.03125,0.01860,0.10069,0.03734,0.40625,0.06221,0.58408,0.01415,0.00827,0.00191,0.22298,0.00455,0.37321,0.06261
causal_event_graph_credit,stress_02,0.22222,6,48,0.68750,0.04827,0.52083,0.05383,0.50694,0.05832,0.04861,0.02374,0.17708,0.04173,0.03125,0.02509,0.06944,0.03201,0.36806,0.05498,0.58431,0.01403,0.00846,0.00204,0.22164,0.00482,0.40420,0.06889
causal_event_graph_credit,stress_02,0.22222,7,48,0.66319,0.05629,0.52778,0.05177,0.44444,0.05444,0.05208,0.02209,0.24306,0.05234,0.03472,0.02374,0.09722,0.03201,0.43056,0.06291,0.58348,0.01418,0.00835,0.00196,0.22369,0.00509,0.32961,0.06849
causal_event_graph_credit,stress_02,0.22222,8,48,0.69097,0.05414,0.50694,0.05412,0.49306,0.05498,0.02778,0.01776,0.21181,0.05214,0.04514,0.02525,0.06250,0.02307,0.41319,0.04958,0.58438,0.01414,0.00827,0.00193,0.22360,0.00447,0.39211,0.06799
causal_event_graph_credit,stress_02,0.22222,9,48,0.73264,0.05304,0.48958,0.05949,0.54514,0.05565,0.03819,0.02617,0.19792,0.04630,0.02778,0.02025,0.09028,0.03501,0.43403,0.05123,0.58351,0.01411,0.00857,0.00205,0.22266,0.00483,0.43661,0.06406
causal_event_graph_credit,stress_03,0.33333,0,48,0.67708,0.05949,0.50000,0.05238,0.48958,0.06106,0.06944,0.02891,0.25694,0.04122,0.01736,0.01456,0.10417,0.03456,0.38194,0.06449,0.60536,0.01548,0.01678,0.00319,0.23162,0.00458,0.33995,0.07282
causal_event_graph_credit,stress_03,0.33333,1,48,0.64931,0.05691,0.51736,0.05169,0.45486,0.05650,0.04861,0.02166,0.25000,0.04665,0.04167,0.02063,0.09028,0.03634,0.41319,0.04958,0.60622,0.01556,0.01669,0.00321,0.23171,0.00455,0.30684,0.07119
causal_event_graph_credit,stress_03,0.33333,2,48,0.69792,0.04830,0.48958,0.05869,0.50347,0.06488,0.06944,0.02722,0.25347,0.05501,0.02778,0.01776,0.11111,0.04386,0.40972,0.05234,0.60415,0.01513,0.01679,0.00317,0.23137,0.00465,0.34667,0.07379
causal_event_graph_credit,stress_03,0.33333,3,48,0.68403,0.04587,0.51736,0.06469,0.51736,0.06015,0.05903,0.03150,0.24653,0.04664,0.04861,0.02744,0.09028,0.02911,0.40972,0.06148,0.60577,0.01539,0.01648,0.00318,0.23096,0.00445,0.33047,0.06103
causal_event_graph_credit,stress_03,0.33333,4,48,0.67014,0.04613,0.51042,0.05184,0.48958,0.05787,0.05556,0.02634,0.17014,0.04509,0.02778,0.02025,0.07292,0.02903,0.39236,0.06034,0.60614,0.01540,0.01680,0.00332,0.23039,0.00457,0.38392,0.06725
causal_event_graph_credit,stress_03,0.33333,5,48,0.67708,0.04998,0.51042,0.04173,0.44792,0.06086,0.05903,0.02662,0.24653,0.05414,0.04861,0.02566,0.13194,0.03501,0.40278,0.05313,0.60607,0.01554,0.01654,0.00321,0.23237,0.00497,0.29764,0.05795
causal_event_graph_credit,stress_03,0.33333,6,48,0.71875,0.05252,0.51389,0.05657,0.46181,0.05608,0.04514,0.02117,0.24653,0.05586,0.04514,0.02706,0.09375,0.03061,0.39583,0.05470,0.60595,0.01544,0.01651,0.00315,0.23132,0.00440,0.37349,0.07112
causal_event_graph_credit,stress_03,0.33333,7,48,0.71528,0.05324,0.47917,0.05470,0.49306,0.06148,0.04514,0.02525,0.23958,0.05138,0.02778,0.01776,0.10417,0.03966,0.44792,0.05515,0.60480,0.01526,0.01680,0.00320,0.23067,0.00469,0.38574,0.06837
causal_event_graph_credit,stress_03,0.33333,8,48,0.69444,0.05085,0.49306,0.04956,0.47569,0.05915,0.05556,0.02246,0.21528,0.04956,0.01389,0.01317,0.10764,0.03572,0.34028,0.05143,0.60532,0.01555,0.01700,0.00321,0.23106,0.00450,0.38314,0.05855
causal_event_graph_credit,stress_03,0.33333,9,48,0.68403,0.06093,0.51389,0.06139,0.50000,0.05671,0.05556,0.02808,0.25694,0.04660,0.04167,0.02063,0.09722,0.03201,0.43403,0.05895,0.60680,0.01523,0.01696,0.00327,0.23187,0.00449,0.33089,0.07270
causal_event_graph_credit,stress_04,0.44444,0,48,0.68056,0.05573,0.44444,0.05943,0.48611,0.05657,0.09028,0.03220,0.25000,0.05502,0.03472,0.01935,0.10764,0.03828,0.39236,0.05629,0.62603,0.01638,0.02768,0.00363,0.23966,0.00446,0.31091,0.07941
causal_event_graph_credit,stress_04,0.44444,1,48,0.68056,0.05313,0.47917,0.06199,0.48611,0.05573,0.07639,0.03220,0.25347,0.04561,0.05903,0.03150,0.09028,0.03220,0.40278,0.06440,0.62751,0.01668,0.02743,0.00364,0.23951,0.00445,0.29993,0.07210
causal_event_graph_credit,stress_04,0.44444,2,48,0.65972,0.04761,0.50694,0.05412,0.48264,0.05436,0.06250,0.02686,0.17014,0.04182,0.03819,0.02226,0.08681,0.03368,0.36806,0.05668,0.62783,0.01644,0.02778,0.00375,0.23881,0.00452,0.34575,0.06723
causal_event_graph_credit,stress_04,0.44444,3,48,0.67361,0.04956,0.49653,0.04068,0.42708,0.05494,0.05903,0.02834,0.25694,0.04761,0.05208,0.02778,0.14583,0.04198,0.40278,0.05401,0.62691,0.01685,0.02772,0.00371,0.23964,0.00481,0.27313,0.06407
causal_event_graph_credit,stress_04,0.44444,4,48,0.69444,0.05177,0.53472,0.05832,0.43403,0.05480,0.03819,0.02003,0.25000,0.06151,0.04167,0.02664,0.10417,0.03720,0.35417,0.05640,0.62736,0.01678,0.02757,0.00358,0.23916,0.00453,0.34411,0.06631
causal_event_graph_credit,stress_04,0.44444,5,48,0.69444,0.05699,0.48264,0.06170,0.47917,0.07123,0.05208,0.02943,0.25694,0.05050,0.02431,0.01682,0.11806,0.03885,0.43056,0.06291,0.62683,0.01656,0.02790,0.00365,0.23943,0.00474,0.34507,0.06629
causal_event_graph_credit,stress_04,0.44444,6,48,0.68403,0.04886,0.45486,0.05030,0.47222,0.05616,0.07639,0.02744,0.22917,0.04728,0.01389,0.01317,0.09722,0.03050,0.35417,0.05294,0.62711,0.01673,0.02783,0.00368,0.23927,0.00413,0.35899,0.05594
causal_event_graph_credit,stress_04,0.44444,7,48,0.68750,0.05723,0.52431,0.06596,0.47569,0.05671,0.05903,0.02834,0.28125,0.04780,0.04167,0.02063,0.10069,0.03472,0.42708,0.05909,0.62863,0.01662,0.02809,0.00371,0.23967,0.00446,0.31595,0.07287
causal_event_graph_credit,stress_04,0.44444,8,48,0.66667,0.06525,0.47917,0.05723,0.40625,0.06371,0.05556,0.02808,0.29167,0.05192,0.05208,0.02602,0.07639,0.03220,0.36806,0.04956,0.62765,0.01641,0.02728,0.00364,0.23968,0.00488,0.29624,0.08222
causal_event_graph_credit,stress_04,0.44444,9,48,0.66667,0.05836,0.55556,0.06621,0.40972,0.05584,0.06250,0.02503,0.21875,0.05429,0.03819,0.02226,0.07986,0.03766,0.40972,0.06071,0.62638,0.01664,0.02740,0.00358,0.23852,0.00426,0.33685,0.07949
causal_event_graph_credit,stress_05,0.55556,0,48,0.66319,0.05544,0.48611,0.05903,0.45833,0.05192,0.08333,0.02918,0.18403,0.03670,0.03819,0.02226,0.11806,0.03885,0.38194,0.05498,0.64992,0.01775,0.03920,0.00404,0.24627,0.00455,0.30957,0.07305
causal_event_graph_credit,stress_05,0.55556,1,48,0.65278,0.05313,0.48611,0.04847,0.45139,0.05143,0.05208,0.03100,0.25694,0.04345,0.04167,0.02664,0.14931,0.04789,0.40625,0.05664,0.64905,0.01812,0.03937,0.00394,0.24741,0.00495,0.26046,0.06925
causal_event_graph_credit,stress_05,0.55556,2,48,0.71875,0.04780,0.52431,0.04958,0.43403,0.05393,0.04861,0.02911,0.28472,0.06148,0.04861,0.02566,0.10417,0.03590,0.33681,0.05955,0.64911,0.01804,0.03903,0.00387,0.24698,0.00454,0.33680,0.06651
causal_event_graph_credit,stress_05,0.55556,3,48,0.70139,0.05412,0.45833,0.05876,0.45486,0.06860,0.06250,0.03170,0.24653,0.04862,0.03125,0.01860,0.13194,0.03634,0.43403,0.05650,0.64855,0.01788,0.03934,0.00394,0.24677,0.00454,0.33075,0.05629
causal_event_graph_credit,stress_05,0.55556,4,48,0.67708,0.05363,0.46181,0.04886,0.46181,0.05259,0.07986,0.02916,0.25000,0.05054,0.02431,0.01943,0.09722,0.03201,0.31597,0.05608,0.64850,0.01802,0.03917,0.00391,0.24736,0.00459,0.32584,0.05509
causal_event_graph_credit,stress_05,0.55556,5,48,0.66667,0.05238,0.47569,0.05501,0.46181,0.05935,0.07986,0.03224,0.29861,0.04956,0.05208,0.02602,0.12153,0.03605,0.44792,0.05161,0.65000,0.01765,0.03944,0.00393,0.24762,0.00461,0.24912,0.07192
causal_event_graph_credit,stress_05,0.55556,6,48,0.65278,0.06366,0.47222,0.06022,0.39931,0.06054,0.07986,0.03224,0.29167,0.05459,0.05903,0.02996,0.08333,0.03369,0.33333,0.04765,0.64969,0.01786,0.03878,0.00393,0.24737,0.00500,0.25429,0.07912
causal_event_graph_credit,stress_05,0.55556,7,48,0.67361,0.05832,0.52431,0.06073,0.42014,0.05326,0.07986,0.02916,0.26736,0.05650,0.03819,0.02226,0.08681,0.03505,0.39236,0.05955,0.64841,0.01780,0.03900,0.00388,0.24669,0.00437,0.30629,0.08054
causal_event_graph_credit,stress_05,0.55556,8,48,0.65625,0.05949,0.46528,0.05498,0.45139,0.05412,0.09028,0.03634,0.26736,0.05480,0.02778,0.01776,0.11806,0.04558,0.33333,0.04863,0.64824,0.01793,0.03930,0.00395,0.24599,0.00485,0.27601,0.06681
causal_event_graph_credit,stress_05,0.55556,9,48,0.67708,0.06183,0.49653,0.04813,0.44792,0.06679,0.05903,0.02834,0.19444,0.04596,0.04167,0.02664,0.12847,0.03539,0.32986,0.05544,0.64877,0.01827,0.03909,0.00395,0.24682,0.00497,0.32067,0.08068
causal_event_graph_credit,stress_06,0.66667,0,48,0.71875,0.04578,0.50000,0.04765,0.39583,0.05112,0.06597,0.03187,0.30208,0.06047,0.04861,0.02744,0.10069,0.03605,0.33681,0.05955,0.67058,0.01914,0.05048,0.00415,0.25507,0.00499,0.31897,0.07169
causal_event_graph_credit,stress_06,0.66667,1,48,0.68403,0.06321,0.47569,0.05501,0.43056,0.06797,0.07292,0.03627,0.23958,0.05407,0.03472,0.02166,0.14236,0.04238,0.43056,0.05740,0.67071,0.01916,0.05083,0.00424,0.25549,0.00463,0.29656,0.07061
causal_event_graph_credit,stress_06,0.66667,2,48,0.65972,0.05584,0.41667,0.05587,0.42014,0.05146,0.07986,0.03074,0.24653,0.04764,0.03125,0.02313,0.11111,0.03552,0.34028,0.05050,0.66993,0.01948,0.05070,0.00416,0.25489,0.00463,0.28934,0.06157
causal_event_graph_credit,stress_06,0.66667,3,48,0.67708,0.04500,0.48611,0.05488,0.46528,0.05584,0.07639,0.02911,0.29514,0.05349,0.04167,0.02281,0.13542,0.04312,0.39583,0.04827,0.67190,0.01868,0.05094,0.00417,0.25548,0.00495,0.26109,0.05945
causal_event_graph_credit,stress_06,0.66667,4,48,0.66667,0.05671,0.47222,0.05863,0.42361,0.06300,0.09375,0.03494,0.29861,0.05832,0.07292,0.03061,0.08681,0.03224,0.32639,0.04859,0.67173,0.01926,0.05037,0.00422,0.25476,0.00509,0.23672,0.07285
causal_event_graph_credit,stress_06,0.66667,5,48,0.66667,0.05996,0.49653,0.05629,0.39583,0.05019,0.07639,0.03069,0.29861,0.04859,0.03125,0.01860,0.09028,0.03363,0.36458,0.05297,0.67033,0.01896,0.05035,0.00416,0.25481,0.00447,0.28896,0.08319
causal_event_graph_credit,stress_06,0.66667,6,48,0.66319,0.06034,0.45486,0.05975,0.44097,0.05282,0.09375,0.03627,0.26042,0.05045,0.04514,0.02330,0.11111,0.04049,0.32639,0.04558,0.66957,0.01948,0.05064,0.00419,0.25429,0.00516,0.26510,0.06771
causal_event_graph_credit,stress_06,0.66667,7,48,0.67014,0.05100,0.46875,0.05643,0.41319,0.06073,0.05903,0.02662,0.20833,0.04404,0.03819,0.02430,0.14583,0.04198,0.33333,0.05147,0.67048,0.01954,0.05041,0.00426,0.25465,0.00519,0.29656,0.06516
causal_event_graph_credit,stress_06,0.66667,8,48,0.68056,0.03870,0.42708,0.04951,0.43750,0.05470,0.07292,0.03212,0.22569,0.04813,0.06597,0.02706,0.11458,0.03249,0.35764,0.05501,0.67134,0.01938,0.05060,0.00422,0.25591,0.00498,0.28169,0.05172
causal_event_graph_credit,stress_06,0.66667,9,48,0.59375,0.06296,0.49653,0.04509,0.44792,0.06008,0.09028,0.03762,0.19792,0.04201,0.04167,0.02281,0.10764,0.03572,0.32986,0.04613,0.67033,0.01957,0.05059,0.00416,0.25431,0.00523,0.22942,0.07203
causal_event_graph_credit,stress_07,0.77778,0,48,0.67361,0.05143,0.37847,0.05565,0.40625,0.05229,0.09028,0.03501,0.23958,0.05229,0.03819,0.02430,0.13194,0.03885,0.37500,0.05283,0.69192,0.02062,0.06197,0.00443,0.26296,0.00496,0.27617,0.06435
causal_event_graph_credit,stress_07,0.77778,1,48,0.66319,0.04613,0.48264,0.04587,0.45833,0.05459,0.07292,0.02903,0.28472,0.05751,0.03819,0.02226,0.12847,0.03920,0.36458,0.05022,0.69359,0.02003,0.06225,0.00449,0.26276,0.00513,0.25699,0.06189
causal_event_graph_credit,stress_07,0.77778,2,48,0.66667,0.05327,0.44444,0.06403,0.39236,0.05955,0.09375,0.03494,0.30208,0.05889,0.07986,0.03368,0.09028,0.03501,0.29167,0.04814,0.69324,0.02080,0.06194,0.00449,0.26255,0.00526,0.22110,0.07005
causal_event_graph_credit,stress_07,0.77778,3,48,0.65278,0.05573,0.46528,0.05668,0.40972,0.05584,0.07639,0.02744,0.29514,0.05774,0.02778,0.01776,0.07639,0.02911,0.33681,0.05629,0.69200,0.02028,0.06179,0.00443,0.26269,0.00461,0.28457,0.07807
causal_event_graph_credit,stress_07,0.77778,4,48,0.66667,0.05415,0.44444,0.05616,0.42361,0.05324,0.09028,0.04005,0.27431,0.05712,0.05208,0.02413,0.10764,0.03828,0.30903,0.05053,0.69162,0.02088,0.06220,0.00451,0.26251,0.00534,0.25446,0.06338
causal_event_graph_credit,stress_07,0.77778,5,48,0.63194,0.05234,0.44097,0.05458,0.38542,0.05161,0.07292,0.03061,0.26389,0.04648,0.05556,0.02634,0.13889,0.04698,0.32639,0.05324,0.69252,0.02072,0.06174,0.00453,0.26343,0.00529,0.20915,0.07851
causal_event_graph_credit,stress_07,0.77778,6,48,0.68056,0.04221,0.43403,0.05733,0.42708,0.05319,0.08333,0.03076,0.18750,0.03720,0.05903,0.02662,0.11111,0.03274,0.37153,0.05774,0.69415,0.02057,0.06207,0.00452,0.26388,0.00515,0.29796,0.05338
causal_event_graph_credit,stress_07,0.77778,7,48,0.62500,0.05459,0.47222,0.05177,0.42014,0.05753,0.11806,0.04005,0.21875,0.04257,0.05556,0.02634,0.11806,0.03363,0.33333,0.04010,0.69185,0.02082,0.06204,0.00445,0.26175,0.00566,0.21249,0.06518
causal_event_graph_credit,stress_07,0.77778,8,48,0.70486,0.05076,0.43056,0.06291,0.40625,0.06144,0.06597,0.02525,0.25347,0.05671,0.05208,0.02602,0.09722,0.03201,0.37500,0.06035,0.69348,0.02043,0.06213,0.00458,0.26190,0.00521,0.31924,0.07879
causal_event_graph_credit,stress_07,0.77778,9,48,0.67014,0.05282,0.45833,0.05713,0.38889,0.06403,0.07639,0.02911,0.30556,0.05531,0.05903,0.02478,0.15625,0.04706,0.36111,0.04798,0.69343,0.02072,0.06185,0.00447,0.26286,0.00530,0.21344,0.07221
causal_event_graph_credit,stress_08,0.88889,0,48,0.69444,0.05268,0.42708,0.06371,0.35764,0.05326,0.11111,0.03809,0.27778,0.05357,0.05903,0.02834,0.10417,0.03845,0.26389,0.05038,0.71471,0.02198,0.07345,0.00473,0.27003,0.00548,0.26070,0.07252
causal_event_graph_credit,stress_08,0.88889,1,48,0.64236,0.05146,0.40278,0.05313,0.40972,0.05498,0.06250,0.02856,0.30208,0.05558,0.05208,0.02413,0.09722,0.03346,0.34722,0.05223,0.71433,0.02154,0.07325,0.00467,0.26975,0.00487,0.23376,0.07367
causal_event_graph_credit,stress_08,0.88889,2,48,0.62847,0.05259,0.44097,0.05458,0.42014,0.05146,0.08333,0.04010,0.29514,0.05349,0.06597,0.02875,0.09375,0.03212,0.34028,0.05992,0.71357,0.02198,0.07335,0.00473,0.27115,0.00555,0.19978,0.06535
causal_event_graph_credit,stress_08,0.88889,3,48,0.63889,0.05085,0.43056,0.05401,0.35764,0.05326,0.09722,0.03746,0.27431,0.05629,0.07292,0.03212,0.15972,0.04660,0.31250,0.05383,0.71398,0.02190,0.07325,0.00478,0.27103,0.00518,0.16368,0.07958
causal_event_graph_credit,stress_08,0.88889,4,48,0.66667,0.04959,0.42708,0.05988,0.41319,0.05053,0.11458,0.03391,0.17708,0.03692,0.04861,0.02566,0.13889,0.03552,0.37153,0.05608,0.71570,0.02169,0.07341,0.00474,0.27170,0.00549,0.26332,0.06398
causal_event_graph_credit,stress_08,0.88889,5,48,0.61806,0.04956,0.45139,0.05234,0.40972,0.05234,0.11806,0.04005,0.24306,0.05412,0.06597,0.03035,0.13889,0.03682,0.34375,0.05184,0.71344,0.02214,0.07338,0.00473,0.26931,0.00577,0.16660,0.07216
causal_event_graph_credit,stress_08,0.88889,6,48,0.69444,0.05357,0.42708,0.04756,0.38194,0.05992,0.10069,0.03472,0.27778,0.05531,0.03819,0.02003,0.10764,0.03572,0.37500,0.05795,0.71492,0.02182,0.07335,0.00478,0.26947,0.00551,0.28644,0.07179
causal_event_graph_credit,stress_08,0.88889,7,48,0.64931,0.05169,0.43750,0.05470,0.39236,0.05794,0.09028,0.03501,0.30903,0.05414,0.05903,0.02478,0.17014,0.05100,0.34028,0.04660,0.71586,0.02209,0.07325,0.00469,0.27025,0.00547,0.17137,0.08270
causal_event_graph_credit,stress_08,0.88889,8,48,0.62153,0.04739,0.44792,0.05684,0.40972,0.06148,0.09375,0.03627,0.23611,0.04545,0.05556,0.02634,0.12153,0.04210,0.34375,0.04706,0.71286,0.02180,0.07330,0.00473,0.27042,0.00509,0.20698,0.07479
causal_event_graph_credit,stress_08,0.88889,9,48,0.63889,0.05531,0.45833,0.04814,0.36111,0.05616,0.07292,0.02556,0.26389,0.05223,0.04514,0.02706,0.13194,0.03762,0.32292,0.05451,0.71591,0.02143,0.07339,0.00477,0.27012,0.00592,0.22718,0.07832
causal_event_graph_credit,stress_09,1.00000,0,48,0.61458,0.05069,0.44097,0.05794,0.40625,0.05229,0.09375,0.03879,0.30903,0.04764,0.06944,0.02891,0.10069,0.03035,0.31944,0.05038,0.73506,0.02300,0.08424,0.00482,0.27783,0.00579,0.16262,0.07072
causal_event_graph_credit,stress_09,1.00000,1,48,0.63889,0.05268,0.41667,0.06303,0.32986,0.04911,0.09375,0.03627,0.30903,0.05915,0.06944,0.02891,0.16319,0.04182,0.32292,0.06106,0.73540,0.02266,0.08424,0.00486,0.27784,0.00529,0.14813,0.07666
causal_event_graph_credit,stress_09,1.00000,2,48,0.64931,0.04789,0.39583,0.06199,0.34722,0.04944,0.11458,0.03787,0.20139,0.03885,0.05903,0.02996,0.14583,0.03590,0.37847,0.05393,0.73704,0.02261,0.08426,0.00484,0.27905,0.00550,0.21571,0.07111
causal_event_graph_credit,stress_09,1.00000,3,48,0.63542,0.04927,0.44097,0.04911,0.37500,0.05372,0.12847,0.04376,0.26736,0.05895,0.07986,0.03074,0.13542,0.03849,0.35069,0.05855,0.73498,0.02300,0.08419,0.00484,0.27650,0.00587,0.15132,0.07658
causal_event_graph_credit,stress_09,1.00000,4,48,0.69444,0.05943,0.43403,0.05565,0.37847,0.05733,0.11806,0.03501,0.27778,0.05531,0.02778,0.01776,0.11458,0.03660,0.37500,0.04912,0.73529,0.02256,0.08427,0.00489,0.27681,0.00536,0.28113,0.07882
causal_event_graph_credit,stress_09,1.00000,5,48,0.67014,0.05955,0.40972,0.05324,0.38194,0.05751,0.08681,0.03638,0.35764,0.05753,0.06250,0.02686,0.19444,0.04596,0.31597,0.04376,0.73636,0.02298,0.08409,0.00481,0.27698,0.00541,0.15041,0.09521
causal_event_graph_credit,stress_09,1.00000,6,48,0.60417,0.05019,0.43403,0.05565,0.38542,0.05601,0.09375,0.03494,0.24653,0.04238,0.06250,0.02503,0.12500,0.04295,0.32292,0.05092,0.73485,0.02252,0.08448,0.00479,0.27811,0.00521,0.17104,0.07354
causal_event_graph_credit,stress_09,1.00000,7,48,0.64236,0.05237,0.44097,0.05458,0.34722,0.05223,0.06944,0.02543,0.29514,0.05523,0.05903,0.03150,0.13542,0.03594,0.31944,0.05488,0.73709,0.02259,0.08435,0.00489,0.27728,0.00597,0.19750,0.07253
causal_event_graph_credit,stress_09,1.00000,8,48,0.68056,0.05488,0.45486,0.05480,0.38889,0.05531,0.13542,0.04087,0.31250,0.05383,0.04167,0.02063,0.11806,0.04005,0.34722,0.04332,0.73578,0.02285,0.08461,0.00473,0.27659,0.00521,0.22678,0.07269
causal_event_graph_credit,stress_09,1.00000,9,48,0.65972,0.05143,0.42361,0.05412,0.36458,0.04526,0.08681,0.03224,0.29167,0.05545,0.05208,0.02602,0.14931,0.04376,0.33333,0.06378,0.73657,0.02264,0.08432,0.00485,0.27681,0.00539,0.20710,0.06716
counterfactual_prefix_search,stress_00,0.00000,0,48,0.73611,0.04944,0.58681,0.06151,0.51042,0.05869,0.02778,0.01776,0.15625,0.03940,0.02083,0.01576,0.06250,0.03018,0.42014,0.05995,0.53030,0.01147,0.00200,0.00000,0.19289,0.00409,0.49348,0.05502
counterfactual_prefix_search,stress_00,0.00000,1,48,0.74306,0.05050,0.60764,0.05544,0.53819,0.05774,0.02083,0.01852,0.14236,0.04349,0.01736,0.01751,0.08333,0.03767,0.40972,0.05143,0.52932,0.01141,0.00200,0.00000,0.19419,0.00434,0.50065,0.05980
counterfactual_prefix_search,stress_00,0.00000,2,48,0.69097,0.05586,0.59722,0.04648,0.55208,0.06536,0.00694,0.00952,0.16667,0.04863,0.00694,0.00952,0.06597,0.03187,0.44097,0.05794,0.53059,0.01141,0.00200,0.00000,0.19345,0.00443,0.46704,0.07073
counterfactual_prefix_search,stress_00,0.00000,3,48,0.69444,0.06022,0.59375,0.05045,0.56250,0.05886,0.03819,0.02430,0.15625,0.03818,0.01042,0.01153,0.05903,0.02279,0.45833,0.07047,0.52955,0.01145,0.00200,0.00000,0.19502,0.00429,0.46054,0.06034
counterfactual_prefix_search,stress_00,0.00000,4,48,0.71528,0.05832,0.59722,0.06797,0.56597,0.05895,0.00000,0.00000,0.17708,0.04706,0.00694,0.00952,0.05903,0.02662,0.47222,0.05444,0.52948,0.01152,0.00200,0.00000,0.19160,0.00461,0.49479,0.06918
counterfactual_prefix_search,stress_00,0.00000,5,48,0.75347,0.05053,0.60764,0.04403,0.52431,0.05053,0.03125,0.01860,0.17708,0.04500,0.01389,0.01317,0.07292,0.02735,0.50000,0.06074,0.53085,0.01142,0.00200,0.00000,0.19367,0.00432,0.50152,0.05989
counterfactual_prefix_search,stress_00,0.00000,6,48,0.72569,0.04613,0.62847,0.05608,0.60417,0.05966,0.01389,0.01317,0.12500,0.03574,0.02778,0.02808,0.07292,0.02735,0.43056,0.06440,0.53053,0.01147,0.00200,0.00000,0.19383,0.00472,0.48872,0.05702
counterfactual_prefix_search,stress_00,0.00000,7,48,0.71181,0.05895,0.57292,0.05664,0.56944,0.06585,0.01389,0.01317,0.11806,0.03634,0.00694,0.00952,0.07986,0.03224,0.48611,0.05131,0.53079,0.01187,0.00200,0.00000,0.19377,0.00451,0.49632,0.06172
counterfactual_prefix_search,stress_00,0.00000,8,48,0.68750,0.05556,0.60069,0.05895,0.58681,0.05586,0.02083,0.01576,0.15625,0.03940,0.01389,0.01317,0.08681,0.03368,0.45139,0.05234,0.53082,0.01148,0.00200,0.00000,0.19215,0.00448,0.44069,0.06773
counterfactual_prefix_search,stress_00,0.00000,9,48,0.69097,0.06303,0.59375,0.05319,0.56250,0.06045,0.01736,0.01751,0.14236,0.03766,0.01389,0.01317,0.06250,0.02856,0.42361,0.05751,0.53109,0.01176,0.00200,0.00000,0.19226,0.00426,0.46668,0.06864
counterfactual_prefix_search,stress_01,0.11111,0,48,0.68750,0.05723,0.57986,0.05414,0.55903,0.05712,0.01736,0.01456,0.17014,0.04911,0.01042,0.01153,0.08333,0.03226,0.43056,0.05903,0.55219,0.01264,0.00224,0.00018,0.20113,0.00442,0.43905,0.07366
counterfactual_prefix_search,stress_01,0.11111,1,48,0.68750,0.06350,0.59722,0.05401,0.51736,0.04982,0.04514,0.02875,0.17708,0.03940,0.01389,0.01317,0.06597,0.02330,0.42708,0.06802,0.55103,0.01278,0.00219,0.00012,0.20332,0.00440,0.42994,0.06428
counterfactual_prefix_search,stress_01,0.11111,2,48,0.71181,0.06284,0.57292,0.06067,0.56250,0.06199,0.00347,0.00681,0.17361,0.04558,0.01389,0.01317,0.06944,0.02722,0.49306,0.05832,0.55124,0.01281,0.00216,0.00014,0.20058,0.00463,0.47352,0.06891
counterfactual_prefix_search,stress_01,0.11111,3,48,0.73958,0.05909,0.57292,0.04951,0.50694,0.05324,0.03125,0.01860,0.18056,0.04545,0.02778,0.02025,0.05556,0.02448,0.46528,0.06300,0.55172,0.01270,0.00222,0.00015,0.20169,0.00439,0.47830,0.06620
counterfactual_prefix_search,stress_01,0.11111,4,48,0.70833,0.04715,0.59375,0.06067,0.56250,0.06199,0.02778,0.02025,0.15972,0.04345,0.02083,0.02092,0.07292,0.02556,0.39583,0.06712,0.55190,0.01282,0.00218,0.00012,0.20260,0.00469,0.45431,0.05615
counterfactual_prefix_search,stress_01,0.11111,5,48,0.70486,0.05608,0.57986,0.04664,0.51042,0.06334,0.03125,0.02099,0.13194,0.03885,0.00347,0.00681,0.08333,0.03639,0.47917,0.05556,0.55249,0.01299,0.00219,0.00014,0.20194,0.00446,0.47338,0.05878
counterfactual_prefix_search,stress_01,0.11111,6,48,0.67708,0.05184,0.56250,0.05723,0.57986,0.06151,0.03125,0.01860,0.17708,0.04394,0.02083,0.01576,0.08333,0.03369,0.42361,0.05143,0.55252,0.01260,0.00210,0.00007,0.20115,0.00454,0.40755,0.06311
counterfactual_prefix_search,stress_01,0.11111,7,48,0.69444,0.06253,0.57639,0.05832,0.53125,0.06047,0.02778,0.02448,0.16319,0.04403,0.01736,0.01456,0.06250,0.03018,0.39236,0.06340,0.55288,0.01299,0.00217,0.00014,0.20166,0.00475,0.44909,0.06623
counterfactual_prefix_search,stress_01,0.11111,8,48,0.72917,0.04924,0.59722,0.04648,0.52083,0.06424,0.02431,0.01682,0.15972,0.04859,0.02083,0.01576,0.09375,0.02903,0.46875,0.05889,0.55177,0.01231,0.00214,0.00010,0.20115,0.00466,0.46392,0.06322
counterfactual_prefix_search,stress_01,0.11111,9,48,0.72569,0.04813,0.60417,0.05383,0.53819,0.05935,0.02778,0.01776,0.19444,0.04895,0.01042,0.01153,0.07639,0.03220,0.43750,0.05966,0.55143,0.01278,0.00224,0.00016,0.20414,0.00415,0.46647,0.05866
counterfactual_prefix_search,stress_02,0.22222,0,48,0.72222,0.05943,0.57639,0.05412,0.54861,0.06225,0.01736,0.01456,0.18403,0.04587,0.02431,0.01682,0.06944,0.02722,0.47917,0.05805,0.57330,0.01391,0.00538,0.00136,0.20862,0.00436,0.45765,0.06677
counterfactual_prefix_search,stress_02,0.22222,1,48,0.71181,0.05565,0.54167,0.05713,0.48611,0.05903,0.02778,0.01776,0.17361,0.04453,0.02778,0.01776,0.06944,0.02891,0.48958,0.05869,0.57318,0.01405,0.00553,0.00140,0.20983,0.00419,0.44279,0.06106
counterfactual_prefix_search,stress_02,0.22222,2,48,0.70139,0.05050,0.56597,0.05304,0.53472,0.06071,0.03125,0.02509,0.17014,0.04613,0.03125,0.02313,0.08681,0.02749,0.42708,0.06221,0.57317,0.01390,0.00564,0.00139,0.21049,0.00456,0.41758,0.06012
counterfactual_prefix_search,stress_02,0.22222,3,48,0.70139,0.05668,0.55903,0.05282,0.51042,0.06334,0.03819,0.02430,0.13194,0.03885,0.01042,0.01153,0.09028,0.03501,0.44444,0.06177,0.57402,0.01438,0.00554,0.00137,0.21094,0.00405,0.45092,0.06124
counterfactual_prefix_search,stress_02,0.22222,4,48,0.67014,0.05192,0.57292,0.06067,0.54514,0.05895,0.04167,0.02281,0.21528,0.04859,0.02083,0.01576,0.06944,0.02891,0.44444,0.05531,0.57370,0.01395,0.00528,0.00127,0.20949,0.00440,0.38453,0.06147
counterfactual_prefix_search,stress_02,0.22222,5,48,0.68403,0.05436,0.55903,0.05712,0.50694,0.05668,0.03125,0.02691,0.18750,0.05204,0.02083,0.01576,0.07986,0.03074,0.39931,0.06720,0.57407,0.01405,0.00553,0.00134,0.20996,0.00473,0.40855,0.05829
counterfactual_prefix_search,stress_02,0.22222,6,48,0.73611,0.04847,0.56250,0.04924,0.51736,0.05436,0.02083,0.01576,0.17708,0.05274,0.02431,0.01682,0.09028,0.02911,0.43403,0.05214,0.57384,0.01347,0.00543,0.00130,0.20849,0.00453,0.45978,0.06102
counterfactual_prefix_search,stress_02,0.22222,7,48,0.73958,0.04951,0.57639,0.05584,0.53819,0.05436,0.03125,0.01860,0.21528,0.05143,0.02431,0.01682,0.08681,0.03368,0.41319,0.05915,0.57274,0.01410,0.00555,0.00138,0.21130,0.00410,0.44453,0.06468
counterfactual_prefix_search,stress_02,0.22222,8,48,0.76736,0.04739,0.57639,0.05992,0.52778,0.06549,0.03819,0.02003,0.13542,0.04526,0.02083,0.01576,0.07986,0.03074,0.42014,0.05915,0.57463,0.01436,0.00561,0.00139,0.20975,0.00442,0.51033,0.05949
counterfactual_prefix_search,stress_02,0.22222,9,48,0.70139,0.04761,0.53819,0.05436,0.55903,0.05371,0.04514,0.02706,0.16667,0.03767,0.01042,0.01153,0.11111,0.03809,0.42708,0.05138,0.57282,0.01381,0.00564,0.00140,0.20961,0.00438,0.42027,0.06040
counterfactual_prefix_search,stress_03,0.33333,0,48,0.70486,0.06093,0.55556,0.05782,0.52778,0.05357,0.04514,0.02875,0.18750,0.04523,0.03472,0.02166,0.09722,0.03346,0.38889,0.06022,0.59483,0.01508,0.01241,0.00276,0.21751,0.00430,0.39281,0.06851
counterfactual_prefix_search,stress_03,0.33333,1,48,0.70139,0.05050,0.56250,0.06497,0.51042,0.06259,0.05208,0.02778,0.15278,0.03746,0.01736,0.01456,0.09028,0.03220,0.43403,0.05975,0.59581,0.01551,0.01239,0.00273,0.21942,0.00387,0.42383,0.05535
counterfactual_prefix_search,stress_03,0.33333,2,48,0.66667,0.05054,0.56250,0.05966,0.52431,0.05915,0.04167,0.02281,0.22222,0.04798,0.01736,0.01456,0.08681,0.03224,0.42708,0.05828,0.59510,0.01530,0.01223,0.00271,0.21722,0.00418,0.36722,0.05849
counterfactual_prefix_search,stress_03,0.33333,3,48,0.67361,0.04956,0.55556,0.05943,0.44444,0.05357,0.02778,0.02246,0.16319,0.04613,0.02778,0.01776,0.07986,0.03074,0.39583,0.06350,0.59521,0.01530,0.01243,0.00272,0.21734,0.00446,0.39844,0.05775
counterfactual_prefix_search,stress_03,0.33333,4,48,0.72917,0.04924,0.55556,0.05268,0.50000,0.05238,0.02083,0.01576,0.17361,0.05498,0.01736,0.01456,0.09028,0.03069,0.43403,0.05123,0.59593,0.01490,0.01236,0.00273,0.21644,0.00428,0.45784,0.06329
counterfactual_prefix_search,stress_03,0.33333,5,48,0.73958,0.05579,0.53125,0.05808,0.52778,0.05782,0.03472,0.01935,0.23611,0.04847,0.02431,0.01682,0.09028,0.03501,0.41319,0.04958,0.59460,0.01524,0.01214,0.00276,0.21898,0.00410,0.42793,0.07300
counterfactual_prefix_search,stress_03,0.33333,6,48,0.77778,0.04386,0.55556,0.05943,0.47222,0.06177,0.04514,0.02117,0.14236,0.04664,0.02083,0.01576,0.10764,0.03572,0.42361,0.05992,0.59691,0.01565,0.01242,0.00280,0.21739,0.00412,0.49317,0.05920
counterfactual_prefix_search,stress_03,0.33333,7,48,0.72222,0.04798,0.50694,0.04956,0.52431,0.05053,0.05208,0.02943,0.17014,0.03572,0.02083,0.01852,0.10069,0.03859,0.46181,0.04982,0.59475,0.01526,0.01259,0.00269,0.21706,0.00414,0.42725,0.05671
counterfactual_prefix_search,stress_03,0.33333,8,48,0.70139,0.05234,0.56250,0.05112,0.48958,0.04706,0.03472,0.02166,0.18403,0.04789,0.01389,0.01317,0.09722,0.03346,0.44097,0.06911,0.59513,0.01555,0.01227,0.00278,0.21669,0.00409,0.41867,0.05643
counterfactual_prefix_search,stress_03,0.33333,9,48,0.68056,0.05131,0.56944,0.04847,0.49653,0.06034,0.03125,0.01860,0.17361,0.04345,0.03819,0.02430,0.09375,0.03356,0.39583,0.05805,0.59516,0.01536,0.01235,0.00271,0.21828,0.00415,0.37929,0.06731
counterfactual_prefix_search,stress_04,0.44444,0,48,0.69444,0.04991,0.54861,0.05668,0.53819,0.06093,0.03819,0.02003,0.23611,0.05657,0.02431,0.01682,0.10069,0.03979,0.39931,0.05815,0.61698,0.01671,0.02168,0.00364,0.22507,0.00411,0.37033,0.05986
counterfactual_prefix_search,stress_04,0.44444,1,48,0.65625,0.05274,0.50694,0.05498,0.44792,0.05601,0.04167,0.02836,0.19444,0.04895,0.03125,0.02099,0.09722,0.03346,0.38889,0.06549,0.61737,0.01673,0.02205,0.00355,0.22486,0.00430,0.34239,0.06666
counterfactual_prefix_search,stress_04,0.44444,2,48,0.73958,0.05407,0.58681,0.05414,0.47569,0.05237,0.02778,0.01776,0.17361,0.05234,0.02431,0.01682,0.10417,0.03456,0.45486,0.05030,0.61832,0.01613,0.02203,0.00366,0.22431,0.00415,0.44432,0.07134
counterfactual_prefix_search,stress_04,0.44444,3,48,0.70833,0.05192,0.50347,0.05282,0.52431,0.06073,0.04167,0.02063,0.23264,0.04935,0.03472,0.01935,0.09375,0.03212,0.39583,0.04827,0.61615,0.01621,0.02163,0.00370,0.22570,0.00394,0.37699,0.06732
counterfactual_prefix_search,stress_04,0.44444,4,48,0.76736,0.04535,0.54167,0.06190,0.47222,0.06022,0.06250,0.02503,0.17014,0.05100,0.03472,0.02166,0.10764,0.03828,0.42014,0.05995,0.61866,0.01699,0.02193,0.00369,0.22427,0.00412,0.44323,0.06388
counterfactual_prefix_search,stress_04,0.44444,5,48,0.70486,0.05076,0.48611,0.05573,0.53819,0.05169,0.05208,0.03249,0.19097,0.04238,0.02083,0.01852,0.10417,0.03456,0.45486,0.05650,0.61647,0.01657,0.02232,0.00354,0.22497,0.00409,0.39473,0.06188
counterfactual_prefix_search,stress_04,0.44444,6,48,0.69792,0.04630,0.55556,0.05782,0.47917,0.04728,0.03819,0.02226,0.18750,0.05019,0.02431,0.01682,0.10764,0.03572,0.42014,0.06451,0.61721,0.01678,0.02175,0.00369,0.22449,0.00392,0.38987,0.05383
counterfactual_prefix_search,stress_04,0.44444,7,48,0.67708,0.04805,0.56597,0.04838,0.48611,0.06656,0.02778,0.01776,0.17361,0.03885,0.04514,0.02330,0.10069,0.03187,0.38542,0.05767,0.61656,0.01675,0.02196,0.00363,0.22546,0.00416,0.36134,0.06704
counterfactual_prefix_search,stress_04,0.44444,8,48,0.70139,0.05324,0.44792,0.06463,0.49653,0.07047,0.04167,0.02063,0.16319,0.03950,0.04861,0.02374,0.10069,0.03605,0.44097,0.05544,0.61813,0.01647,0.02226,0.00366,0.22727,0.00439,0.37926,0.07558
counterfactual_prefix_search,stress_04,0.44444,9,48,0.71875,0.04780,0.50000,0.05996,0.44097,0.05282,0.04167,0.02281,0.20139,0.04956,0.03819,0.02226,0.06944,0.02543,0.40972,0.05584,0.61572,0.01661,0.02189,0.00357,0.22510,0.00397,0.41183,0.05779
counterfactual_prefix_search,stress_05,0.55556,0,48,0.73958,0.05407,0.54514,0.05304,0.42014,0.04125,0.03472,0.02166,0.18403,0.04886,0.02778,0.01776,0.11111,0.03416,0.42708,0.05319,0.64022,0.01754,0.03344,0.00395,0.23151,0.00416,0.42407,0.07148
counterfactual_prefix_search,stress_05,0.55556,1,48,0.67014,0.05006,0.47569,0.05414,0.51736,0.05691,0.05208,0.02413,0.24653,0.04958,0.04167,0.02281,0.09375,0.03755,0.35764,0.05146,0.63797,0.01753,0.03308,0.00403,0.23201,0.00398,0.31592,0.07374
counterfactual_prefix_search,stress_05,0.55556,2,48,0.75694,0.04956,0.51042,0.06481,0.44792,0.05515,0.05208,0.02413,0.18403,0.04376,0.03819,0.02226,0.13542,0.04087,0.40972,0.06225,0.64010,0.01837,0.03326,0.00399,0.23189,0.00411,0.40660,0.06693
counterfactual_prefix_search,stress_05,0.55556,3,48,0.67708,0.05184,0.48611,0.06440,0.51736,0.05774,0.05903,0.03297,0.20833,0.04295,0.02778,0.02246,0.10069,0.03472,0.43750,0.06045,0.63888,0.01793,0.03361,0.00385,0.23206,0.00416,0.34635,0.07081
counterfactual_prefix_search,stress_05,0.55556,4,48,0.70486,0.04689,0.53125,0.05969,0.45486,0.05214,0.05556,0.02808,0.19792,0.05297,0.02778,0.01776,0.11458,0.03787,0.39236,0.06265,0.63895,0.01806,0.03315,0.00398,0.23228,0.00418,0.37159,0.05787
counterfactual_prefix_search,stress_05,0.55556,5,48,0.66667,0.04240,0.53125,0.05726,0.43750,0.06275,0.04514,0.02330,0.20139,0.04005,0.04861,0.02566,0.11111,0.03274,0.36806,0.05751,0.63897,0.01823,0.03344,0.00394,0.23230,0.00426,0.31615,0.05786
counterfactual_prefix_search,stress_05,0.55556,6,48,0.69792,0.04830,0.45833,0.06266,0.46181,0.06015,0.04167,0.02281,0.18750,0.04309,0.04861,0.02374,0.10417,0.03720,0.41667,0.05754,0.63977,0.01762,0.03372,0.00394,0.23439,0.00450,0.35905,0.07031
counterfactual_prefix_search,stress_05,0.55556,7,48,0.70139,0.04660,0.50694,0.05751,0.42708,0.04756,0.03819,0.02226,0.20833,0.05283,0.04167,0.02281,0.08681,0.02916,0.37153,0.06015,0.63779,0.01795,0.03334,0.00389,0.23203,0.00404,0.37419,0.05952
counterfactual_prefix_search,stress_05,0.55556,8,48,0.70486,0.06170,0.47569,0.05586,0.49653,0.05006,0.06250,0.02856,0.23611,0.05488,0.03819,0.02430,0.10764,0.03297,0.37500,0.05713,0.63852,0.01771,0.03370,0.00384,0.23047,0.00432,0.34509,0.06941
counterfactual_prefix_search,stress_05,0.55556,9,48,0.63889,0.04895,0.52083,0.05383,0.43056,0.06291,0.04861,0.02166,0.21875,0.04780,0.03819,0.02003,0.11458,0.03528,0.42708,0.05407,0.63929,0.01782,0.03364,0.00391,0.23327,0.00464,0.28865,0.06292
counterfactual_prefix_search,stress_06,0.66667,0,48,0.72917,0.05112,0.48958,0.06106,0.42361,0.05324,0.04514,0.02525,0.20486,0.04266,0.03472,0.02166,0.13194,0.04005,0.43750,0.05723,0.66151,0.01946,0.04464,0.00421,0.23895,0.00434,0.37505,0.06586
counterfactual_prefix_search,stress_06,0.66667,1,48,0.66667,0.05671,0.47917,0.06782,0.50000,0.05502,0.08681,0.03224,0.24653,0.04958,0.04861,0.02566,0.09722,0.03618,0.44097,0.05712,0.66129,0.01937,0.04498,0.00415,0.23974,0.00436,0.28130,0.07232
counterfactual_prefix_search,stress_06,0.66667,2,48,0.71181,0.04838,0.50694,0.06375,0.44097,0.05006,0.06250,0.02856,0.19792,0.05472,0.04167,0.02281,0.13194,0.04122,0.37153,0.05774,0.66054,0.01937,0.04466,0.00427,0.23866,0.00459,0.34478,0.07155
counterfactual_prefix_search,stress_06,0.66667,3,48,0.64931,0.04483,0.51389,0.06291,0.40972,0.05992,0.05208,0.02778,0.21528,0.04235,0.05903,0.02996,0.14236,0.03766,0.35764,0.05753,0.66049,0.01954,0.04488,0.00424,0.23978,0.00448,0.25443,0.06910
counterfactual_prefix_search,stress_06,0.66667,4,48,0.67708,0.05092,0.43750,0.06199,0.42361,0.05668,0.05903,0.02478,0.21181,0.04739,0.05208,0.02413,0.12500,0.03439,0.39583,0.06712,0.66167,0.01898,0.04510,0.00412,0.24086,0.00460,0.29852,0.06679
counterfactual_prefix_search,stress_06,0.66667,5,48,0.69792,0.04830,0.48264,0.05076,0.39931,0.05123,0.04861,0.02374,0.23264,0.05565,0.04167,0.02281,0.09722,0.03484,0.34028,0.05913,0.65948,0.01915,0.04476,0.00415,0.23975,0.00429,0.34467,0.06713
counterfactual_prefix_search,stress_06,0.66667,6,48,0.70139,0.05751,0.50000,0.05054,0.48611,0.04847,0.07292,0.03212,0.27083,0.05640,0.04861,0.02744,0.11111,0.03416,0.36806,0.05832,0.66005,0.01875,0.04511,0.00414,0.23809,0.00450,0.30406,0.06835
counterfactual_prefix_search,stress_06,0.66667,7,48,0.64583,0.05383,0.55208,0.05515,0.42361,0.05584,0.04861,0.02374,0.22917,0.04728,0.03819,0.02430,0.11806,0.03501,0.43750,0.05805,0.66089,0.01921,0.04508,0.00414,0.24007,0.00484,0.28469,0.07056
counterfactual_prefix_search,stress_06,0.66667,8,48,0.66319,0.05955,0.47917,0.05019,0.46875,0.05969,0.05903,0.02662,0.22917,0.05556,0.04861,0.02166,0.09722,0.03346,0.36806,0.05324,0.66087,0.01915,0.04458,0.00421,0.23898,0.00416,0.29856,0.06882
counterfactual_prefix_search,stress_06,0.66667,9,48,0.65972,0.05913,0.43750,0.05723,0.48611,0.05313,0.05208,0.02413,0.24306,0.05050,0.03472,0.01935,0.14583,0.05019,0.36458,0.05297,0.66000,0.01902,0.04457,0.00420,0.24047,0.00426,0.27786,0.08176
counterfactual_prefix_search,stress_07,0.77778,0,48,0.69097,0.05237,0.46875,0.06644,0.40278,0.05573,0.07986,0.03368,0.23264,0.05733,0.03472,0.02166,0.11806,0.04345,0.36806,0.05412,0.68262,0.02067,0.05604,0.00453,0.24650,0.00495,0.31284,0.08025
counterfactual_prefix_search,stress_07,0.77778,1,48,0.63889,0.04895,0.47569,0.05995,0.35764,0.05414,0.05208,0.02602,0.22917,0.04417,0.06250,0.02856,0.15972,0.04122,0.34722,0.05488,0.68188,0.02085,0.05640,0.00448,0.24656,0.00474,0.21925,0.06908
counterfactual_prefix_search,stress_07,0.77778,2,48,0.65625,0.05274,0.43403,0.05304,0.42014,0.06303,0.06250,0.02686,0.21875,0.05252,0.05208,0.02602,0.12153,0.03472,0.38194,0.06522,0.68298,0.02038,0.05656,0.00438,0.24788,0.00492,0.27094,0.06675
counterfactual_prefix_search,stress_07,0.77778,3,48,0.67014,0.05875,0.48611,0.04944,0.40625,0.05828,0.05556,0.02808,0.27083,0.04827,0.03125,0.02099,0.11806,0.04005,0.35069,0.05608,0.68109,0.02051,0.05623,0.00447,0.24671,0.00466,0.29168,0.07670
counterfactual_prefix_search,stress_07,0.77778,4,48,0.68056,0.06513,0.47569,0.05237,0.46528,0.04761,0.07639,0.03220,0.27431,0.05629,0.04167,0.02664,0.11111,0.04165,0.32639,0.05498,0.68195,0.02013,0.05657,0.00442,0.24561,0.00485,0.28332,0.08084
counterfactual_prefix_search,stress_07,0.77778,5,48,0.65972,0.05234,0.52778,0.05699,0.42014,0.05995,0.05903,0.02662,0.24306,0.04558,0.04167,0.02836,0.11111,0.04049,0.40278,0.05573,0.68284,0.02058,0.05646,0.00437,0.24691,0.00514,0.28381,0.07816
counterfactual_prefix_search,stress_07,0.77778,6,48,0.68403,0.06321,0.44444,0.05531,0.44444,0.05699,0.06250,0.02686,0.23264,0.06284,0.03472,0.01935,0.09028,0.02911,0.38542,0.04780,0.68289,0.02048,0.05603,0.00449,0.24674,0.00449,0.33141,0.08077
counterfactual_prefix_search,stress_07,0.77778,7,48,0.67708,0.06106,0.43056,0.05401,0.45833,0.05101,0.07292,0.03061,0.25000,0.05238,0.05208,0.02413,0.16667,0.05054,0.34028,0.05412,0.68209,0.02043,0.05605,0.00452,0.24731,0.00478,0.24584,0.08570
counterfactual_prefix_search,stress_07,0.77778,8,48,0.68403,0.05076,0.41319,0.05915,0.37847,0.06928,0.05208,0.02778,0.21528,0.05412,0.05556,0.02808,0.09722,0.03346,0.38542,0.04878,0.68293,0.02047,0.05621,0.00456,0.24637,0.00466,0.31646,0.07070
counterfactual_prefix_search,stress_07,0.77778,9,48,0.71528,0.04859,0.46875,0.05643,0.38194,0.04761,0.06250,0.02686,0.25347,0.04664,0.03819,0.02003,0.10764,0.03702,0.31944,0.04648,0.68348,0.02047,0.05624,0.00455,0.24705,0.00462,0.33921,0.05948
counterfactual_prefix_search,stress_08,0.88889,0,48,0.64583,0.06275,0.45139,0.05412,0.39931,0.05815,0.07986,0.03368,0.25000,0.05587,0.05556,0.02808,0.13542,0.03460,0.37500,0.06843,0.70471,0.02169,0.06789,0.00467,0.25444,0.00501,0.22225,0.08394
counterfactual_prefix_search,stress_08,0.88889,1,48,0.66319,0.06112,0.48264,0.04789,0.41667,0.06303,0.06250,0.02856,0.30208,0.05022,0.04861,0.02374,0.12847,0.03670,0.35417,0.05886,0.70390,0.02176,0.06750,0.00475,0.25330,0.00486,0.23817,0.07954
counterfactual_prefix_search,stress_08,0.88889,2,48,0.64583,0.06123,0.44444,0.05699,0.46528,0.05234,0.07986,0.03074,0.26042,0.05138,0.03472,0.02166,0.11458,0.04474,0.29514,0.05774,0.70432,0.02154,0.06799,0.00468,0.25286,0.00526,0.25376,0.07053
counterfactual_prefix_search,stress_08,0.88889,3,48,0.67014,0.05875,0.48264,0.06246,0.40972,0.06071,0.05556,0.02808,0.26736,0.05123,0.03819,0.02226,0.13889,0.04049,0.39931,0.05650,0.70479,0.02180,0.06780,0.00462,0.25409,0.00532,0.26787,0.08439
counterfactual_prefix_search,stress_08,0.88889,4,48,0.67708,0.05949,0.41667,0.05238,0.43056,0.06366,0.06250,0.03170,0.25000,0.06074,0.03125,0.01860,0.09722,0.03050,0.38542,0.05767,0.70453,0.02181,0.06744,0.00474,0.25403,0.00485,0.31231,0.06858
counterfactual_prefix_search,stress_08,0.88889,5,48,0.68056,0.06291,0.42014,0.04764,0.44792,0.04878,0.08333,0.03369,0.25000,0.04457,0.04167,0.02281,0.16667,0.04457,0.33333,0.04863,0.70412,0.02161,0.06763,0.00478,0.25383,0.00507,0.25132,0.08707
counterfactual_prefix_search,stress_08,0.88889,6,48,0.67361,0.05668,0.41319,0.06227,0.35069,0.07486,0.07292,0.03061,0.25694,0.04956,0.06944,0.03484,0.11458,0.03660,0.35764,0.05586,0.70451,0.02171,0.06761,0.00480,0.25328,0.00495,0.24813,0.08108
counterfactual_prefix_search,stress_08,0.88889,7,48,0.68056,0.05313,0.46528,0.05584,0.38194,0.04453,0.08681,0.03368,0.25694,0.05412,0.03819,0.02003,0.11806,0.04122,0.32639,0.05498,0.70572,0.02185,0.06759,0.00481,0.25350,0.00493,0.28044,0.06687
counterfactual_prefix_search,stress_08,0.88889,8,48,0.68056,0.05822,0.41319,0.05146,0.42014,0.04238,0.08681,0.03638,0.27431,0.05458,0.04514,0.02525,0.11806,0.04005,0.34028,0.04956,0.70373,0.02167,0.06753,0.00474,0.25511,0.00470,0.26584,0.07632
counterfactual_prefix_search,stress_08,0.88889,9,48,0.72569,0.05006,0.44097,0.05006,0.42361,0.05234,0.06944,0.02722,0.22569,0.04813,0.06250,0.02503,0.13542,0.04421,0.37847,0.05480,0.70402,0.02187,0.06768,0.00469,0.25421,0.00538,0.30980,0.07121
counterfactual_prefix_search,stress_09,1.00000,0,48,0.66667,0.06151,0.40972,0.05584,0.44444,0.06022,0.08333,0.03076,0.28125,0.05684,0.03472,0.01935,0.11806,0.04005,0.31250,0.05886,0.72634,0.02261,0.07881,0.00481,0.25895,0.00533,0.25763,0.06959
counterfactual_prefix_search,stress_09,1.00000,1,48,0.67708,0.05537,0.47222,0.06900,0.38542,0.06008,0.07639,0.03363,0.27083,0.05556,0.05903,0.02834,0.14931,0.04483,0.37847,0.05393,0.72588,0.02273,0.07874,0.00472,0.25939,0.00553,0.22973,0.07761
counterfactual_prefix_search,stress_09,1.00000,2,48,0.66667,0.05916,0.42708,0.05138,0.39931,0.05975,0.06250,0.02686,0.27431,0.05629,0.04861,0.02166,0.10069,0.03472,0.39236,0.05629,0.72556,0.02287,0.07846,0.00484,0.26118,0.00530,0.26619,0.06761
counterfactual_prefix_search,stress_09,1.00000,3,48,0.67361,0.05498,0.39236,0.04714,0.41667,0.05238,0.07986,0.03368,0.26736,0.04838,0.04514,0.02330,0.18056,0.04545,0.32639,0.04859,0.72546,0.02261,0.07866,0.00488,0.26046,0.00517,0.22202,0.09139
counterfactual_prefix_search,stress_09,1.00000,4,48,0.68750,0.05886,0.40972,0.05050,0.32292,0.06481,0.07986,0.03074,0.29861,0.05143,0.07986,0.03889,0.12847,0.04038,0.34722,0.05903,0.72586,0.02271,0.07859,0.00487,0.25978,0.00508,0.21682,0.09353
counterfactual_prefix_search,stress_09,1.00000,5,48,0.65972,0.05412,0.44097,0.05006,0.36806,0.04558,0.10069,0.03333,0.29167,0.05283,0.04514,0.02117,0.11111,0.04165,0.28472,0.05324,0.72640,0.02270,0.07863,0.00488,0.25894,0.00526,0.23083,0.06928
counterfactual_prefix_search,stress_09,1.00000,6,48,0.67014,0.05875,0.42014,0.04862,0.41319,0.04764,0.09028,0.03501,0.29861,0.05584,0.04167,0.02281,0.13542,0.03970,0.34375,0.05787,0.72494,0.02260,0.07863,0.00482,0.26148,0.00485,0.23232,0.07609
counterfactual_prefix_search,stress_09,1.00000,7,48,0.69097,0.04664,0.45833,0.05283,0.42708,0.05045,0.07292,0.02364,0.23611,0.04545,0.06944,0.02722,0.12847,0.03920,0.34722,0.05401,0.72541,0.02291,0.07851,0.00476,0.26074,0.00543,0.26142,0.07200
counterfactual_prefix_search,stress_09,1.00000,8,48,0.67014,0.05794,0.46528,0.05050,0.36111,0.05943,0.08681,0.04349,0.28125,0.05601,0.05903,0.02478,0.13194,0.04558,0.35417,0.05470,0.72616,0.02279,0.07894,0.00477,0.26071,0.00509,0.22411,0.08085
counterfactual_prefix_search,stress_09,1.00000,9,48,0.66319,0.06265,0.38194,0.05751,0.41319,0.06945,0.09028,0.03634,0.28472,0.04453,0.05556,0.02448,0.11458,0.03660,0.38194,0.05584,0.72310,0.02306,0.07857,0.00482,0.25899,0.00516,0.22914,0.08186
diffusion_policy_credit_probe,stress_00,0.00000,0,48,0.67708,0.04903,0.53819,0.06246,0.52083,0.05470,0.03819,0.02003,0.14583,0.03720,0.02083,0.01576,0.09722,0.03870,0.43056,0.05983,0.57613,0.01151,0.00728,0.00164,0.22464,0.00482,0.40554,0.06352
diffusion_policy_credit_probe,stress_00,0.00000,1,48,0.69444,0.06253,0.52083,0.05019,0.48958,0.06259,0.04167,0.02281,0.21875,0.05161,0.03125,0.02099,0.07986,0.03505,0.38194,0.06806,0.57636,0.01137,0.00746,0.00167,0.22484,0.00530,0.38987,0.07074
diffusion_policy_credit_probe,stress_00,0.00000,2,48,0.67361,0.05992,0.48611,0.06291,0.53472,0.05412,0.03819,0.02226,0.20139,0.05324,0.01736,0.01456,0.08333,0.02918,0.40625,0.05988,0.57604,0.01162,0.00722,0.00166,0.22609,0.00492,0.39119,0.05975
diffusion_policy_credit_probe,stress_00,0.00000,3,48,0.67014,0.06034,0.54514,0.05815,0.48611,0.06440,0.03472,0.02166,0.22222,0.05085,0.01389,0.01317,0.08333,0.02751,0.44097,0.06112,0.57736,0.01131,0.00736,0.00162,0.22497,0.00526,0.38423,0.06497
diffusion_policy_credit_probe,stress_00,0.00000,4,48,0.70486,0.05259,0.56944,0.05740,0.53819,0.06015,0.06944,0.03050,0.18403,0.04483,0.03819,0.02226,0.07639,0.02744,0.41667,0.05754,0.57740,0.01153,0.00741,0.00168,0.22460,0.00514,0.39589,0.05659
diffusion_policy_credit_probe,stress_00,0.00000,5,48,0.70139,0.04859,0.56944,0.05488,0.52431,0.05501,0.03472,0.02166,0.21181,0.05733,0.03819,0.02003,0.13194,0.03885,0.42708,0.06371,0.57539,0.01165,0.00735,0.00163,0.22459,0.00532,0.36329,0.06992
diffusion_policy_credit_probe,stress_00,0.00000,6,48,0.73611,0.05401,0.47222,0.06100,0.51042,0.05869,0.05903,0.02478,0.18403,0.04038,0.04514,0.02330,0.06944,0.02891,0.44444,0.05616,0.57572,0.01184,0.00727,0.00165,0.22574,0.00518,0.42908,0.07346
diffusion_policy_credit_probe,stress_00,0.00000,7,48,0.66319,0.05794,0.52778,0.05177,0.46528,0.05832,0.03472,0.02374,0.15972,0.04235,0.02083,0.01852,0.10764,0.03437,0.43403,0.06359,0.57629,0.01171,0.00747,0.00169,0.22596,0.00503,0.38099,0.06231
diffusion_policy_credit_probe,stress_00,0.00000,8,48,0.70833,0.05956,0.54514,0.05123,0.50694,0.04956,0.05556,0.02808,0.19444,0.04991,0.01736,0.01456,0.09722,0.03346,0.42361,0.05832,0.57762,0.01167,0.00737,0.00168,0.22398,0.00513,0.41162,0.06082
diffusion_policy_credit_probe,stress_00,0.00000,9,48,0.64583,0.06350,0.48264,0.06825,0.50694,0.05751,0.03819,0.02226,0.19444,0.04698,0.01389,0.01317,0.12847,0.03539,0.44792,0.05515,0.57675,0.01123,0.00720,0.00162,0.22409,0.00507,0.34205,0.06493
diffusion_policy_credit_probe,stress_01,0.11111,0,48,0.67361,0.05324,0.44444,0.06832,0.52083,0.05556,0.03819,0.02617,0.20833,0.05459,0.02431,0.01682,0.08333,0.03076,0.38194,0.05584,0.59824,0.01286,0.01583,0.00273,0.23605,0.00509,0.37639,0.05846
diffusion_policy_credit_probe,stress_01,0.11111,1,48,0.64931,0.05691,0.51736,0.05691,0.49306,0.07078,0.04167,0.02836,0.23611,0.04648,0.01389,0.01317,0.09028,0.03069,0.43750,0.06424,0.59906,0.01266,0.01605,0.00272,0.23530,0.00534,0.34575,0.06499
diffusion_policy_credit_probe,stress_01,0.11111,2,48,0.70486,0.05076,0.51042,0.06259,0.51389,0.06139,0.06944,0.03050,0.19097,0.04349,0.04514,0.02330,0.09722,0.03346,0.40278,0.06366,0.59900,0.01264,0.01588,0.00282,0.23518,0.00538,0.36828,0.05843
diffusion_policy_credit_probe,stress_01,0.11111,3,48,0.65972,0.05498,0.56250,0.05470,0.46875,0.05808,0.04167,0.02664,0.20486,0.04587,0.04861,0.02374,0.11458,0.03391,0.42014,0.06524,0.59757,0.01306,0.01592,0.00275,0.23462,0.00537,0.31628,0.06802
diffusion_policy_credit_probe,stress_01,0.11111,4,48,0.70139,0.05913,0.45833,0.06488,0.47569,0.05146,0.06250,0.02856,0.19444,0.04492,0.05903,0.02478,0.07986,0.02749,0.41319,0.05501,0.59774,0.01288,0.01612,0.00273,0.23570,0.00532,0.36235,0.07343
diffusion_policy_credit_probe,stress_01,0.11111,5,48,0.65278,0.05740,0.51389,0.04944,0.45139,0.06300,0.04167,0.02281,0.18403,0.04154,0.02083,0.01852,0.11806,0.03634,0.40278,0.05740,0.59807,0.01284,0.01608,0.00282,0.23619,0.00513,0.34640,0.06444
diffusion_policy_credit_probe,stress_01,0.11111,6,48,0.68403,0.05608,0.53472,0.05412,0.49653,0.05371,0.04514,0.02525,0.20139,0.04956,0.01042,0.01153,0.11806,0.03501,0.37847,0.05733,0.59979,0.01297,0.01603,0.00277,0.23519,0.00525,0.37988,0.06009
diffusion_policy_credit_probe,stress_01,0.11111,7,48,0.64931,0.05774,0.47917,0.06712,0.48611,0.05822,0.05208,0.02602,0.22569,0.04911,0.03472,0.01935,0.13542,0.03970,0.44444,0.06476,0.59898,0.01257,0.01582,0.00274,0.23575,0.00529,0.29426,0.06773
diffusion_policy_credit_probe,stress_01,0.11111,8,48,0.66319,0.05371,0.48958,0.05274,0.49653,0.06340,0.05208,0.03249,0.18750,0.04198,0.03125,0.01860,0.07986,0.02749,0.34028,0.05050,0.59958,0.01310,0.01602,0.00276,0.23541,0.00540,0.36234,0.05816
diffusion_policy_credit_probe,stress_01,0.11111,9,48,0.61806,0.05751,0.48958,0.06259,0.47222,0.05444,0.03472,0.01935,0.24653,0.04349,0.03125,0.01860,0.12500,0.04069,0.38194,0.05324,0.59844,0.01245,0.01647,0.00277,0.23620,0.00544,0.27290,0.06881
diffusion_policy_credit_probe,stress_02,0.22222,0,48,0.69444,0.05268,0.49306,0.06300,0.52431,0.05835,0.06597,0.03333,0.22917,0.04309,0.05208,0.02413,0.11458,0.03528,0.37500,0.06113,0.62046,0.01394,0.02696,0.00319,0.24457,0.00516,0.32076,0.06832
diffusion_policy_credit_probe,stress_02,0.22222,1,48,0.64583,0.05723,0.54167,0.05372,0.45833,0.05876,0.05556,0.02971,0.25000,0.04665,0.04861,0.02566,0.12500,0.03829,0.40972,0.06449,0.61997,0.01424,0.02708,0.00320,0.24504,0.00517,0.26583,0.07102
diffusion_policy_credit_probe,stress_02,0.22222,2,48,0.69444,0.05177,0.45833,0.06561,0.45139,0.05324,0.07292,0.02735,0.22569,0.05192,0.04861,0.02566,0.09375,0.03356,0.38889,0.05943,0.61974,0.01397,0.02732,0.00311,0.24530,0.00544,0.33571,0.06666
diffusion_policy_credit_probe,stress_02,0.22222,3,48,0.64236,0.05414,0.50694,0.05234,0.44792,0.06608,0.05208,0.02602,0.20139,0.04122,0.02083,0.01852,0.11458,0.03787,0.39236,0.04911,0.62005,0.01406,0.02734,0.00312,0.24640,0.00506,0.32142,0.06988
diffusion_policy_credit_probe,stress_02,0.22222,4,48,0.69444,0.05085,0.52083,0.05204,0.46875,0.05207,0.04167,0.02281,0.20486,0.04886,0.01042,0.01153,0.11111,0.03274,0.36806,0.04859,0.62082,0.01427,0.02745,0.00305,0.24604,0.00512,0.39053,0.05019
diffusion_policy_credit_probe,stress_02,0.22222,5,48,0.66319,0.05794,0.43750,0.06497,0.47222,0.06253,0.05208,0.02602,0.23611,0.05038,0.05208,0.02602,0.13542,0.04201,0.42361,0.06375,0.62086,0.01416,0.02708,0.00307,0.24618,0.00534,0.28027,0.07428
diffusion_policy_credit_probe,stress_02,0.22222,6,48,0.64236,0.05414,0.46181,0.06015,0.46181,0.05935,0.06250,0.02856,0.22222,0.05085,0.04167,0.02281,0.08681,0.02916,0.33333,0.04959,0.62087,0.01428,0.02725,0.00307,0.24456,0.00525,0.30186,0.05355
diffusion_policy_credit_probe,stress_02,0.22222,7,48,0.63542,0.05969,0.45139,0.06449,0.45486,0.05975,0.04514,0.02330,0.27431,0.04182,0.03819,0.02226,0.13194,0.04122,0.34028,0.06225,0.62112,0.01396,0.02743,0.00314,0.24555,0.00564,0.25715,0.07510
diffusion_policy_credit_probe,stress_02,0.22222,8,48,0.62500,0.05630,0.52083,0.05805,0.48611,0.05573,0.05556,0.02808,0.26042,0.04552,0.04514,0.02330,0.10417,0.03590,0.34722,0.05488,0.61964,0.01468,0.02735,0.00307,0.24550,0.00550,0.25739,0.07411
diffusion_policy_credit_probe,stress_02,0.22222,9,48,0.67014,0.06034,0.53472,0.06665,0.44444,0.06328,0.05903,0.02662,0.20139,0.04558,0.02083,0.01576,0.10764,0.03828,0.35764,0.06151,0.61989,0.01411,0.02739,0.00312,0.24447,0.00521,0.35020,0.07356
diffusion_policy_credit_probe,stress_03,0.33333,0,48,0.66667,0.05587,0.43403,0.05480,0.43056,0.04944,0.08333,0.02918,0.25000,0.05671,0.05556,0.02808,0.09722,0.03201,0.36111,0.05863,0.64196,0.01530,0.03880,0.00333,0.25427,0.00534,0.27846,0.07126
diffusion_policy_credit_probe,stress_03,0.33333,1,48,0.65972,0.05584,0.51736,0.05935,0.43750,0.05886,0.07986,0.02916,0.21181,0.04739,0.01736,0.01751,0.13194,0.03634,0.38889,0.04991,0.64167,0.01527,0.03866,0.00340,0.25516,0.00500,0.30977,0.06764
diffusion_policy_credit_probe,stress_03,0.33333,2,48,0.67361,0.05234,0.45486,0.05123,0.46875,0.05472,0.06250,0.02856,0.21181,0.05030,0.02083,0.01576,0.11458,0.03660,0.35417,0.05886,0.64174,0.01585,0.03895,0.00330,0.25532,0.00494,0.33890,0.05964
diffusion_policy_credit_probe,stress_03,0.33333,3,48,0.64583,0.05556,0.43056,0.06139,0.46181,0.06170,0.07292,0.03212,0.26736,0.05393,0.05208,0.02602,0.14931,0.04266,0.38889,0.05943,0.64233,0.01536,0.03851,0.00338,0.25577,0.00502,0.22683,0.07761
diffusion_policy_credit_probe,stress_03,0.33333,4,48,0.64931,0.04886,0.47917,0.06275,0.44792,0.06163,0.06250,0.02856,0.26389,0.05488,0.04861,0.02566,0.09722,0.03050,0.34375,0.04604,0.64253,0.01535,0.03850,0.00338,0.25389,0.00506,0.27284,0.05644
diffusion_policy_credit_probe,stress_03,0.33333,5,48,0.63889,0.05699,0.45833,0.06341,0.45139,0.06148,0.04167,0.02281,0.27778,0.04596,0.04514,0.02330,0.12153,0.03605,0.30903,0.05501,0.64336,0.01529,0.03883,0.00344,0.25561,0.00541,0.25518,0.07946
diffusion_policy_credit_probe,stress_03,0.33333,6,48,0.64931,0.05608,0.53125,0.05808,0.47569,0.05671,0.05556,0.02971,0.25000,0.05147,0.04514,0.02330,0.11111,0.03809,0.34028,0.05324,0.64173,0.01584,0.03892,0.00336,0.25442,0.00534,0.27731,0.07719
diffusion_policy_credit_probe,stress_03,0.33333,7,48,0.67361,0.05992,0.50347,0.05629,0.44097,0.06340,0.07986,0.03224,0.20833,0.04183,0.02778,0.01776,0.10764,0.03297,0.38194,0.05992,0.64160,0.01531,0.03877,0.00339,0.25350,0.00525,0.32873,0.07297
diffusion_policy_credit_probe,stress_03,0.33333,8,48,0.63889,0.06177,0.53819,0.05855,0.39931,0.05480,0.04514,0.02875,0.27083,0.05470,0.04167,0.02664,0.13889,0.04698,0.37153,0.06246,0.64179,0.01485,0.03886,0.00336,0.25362,0.00506,0.24973,0.07503
diffusion_policy_credit_probe,stress_03,0.33333,9,48,0.65972,0.05668,0.46875,0.06426,0.39931,0.06506,0.08333,0.03076,0.26736,0.05393,0.04861,0.02166,0.07639,0.03069,0.43056,0.04332,0.64171,0.01534,0.03877,0.00321,0.25615,0.00499,0.28482,0.07121
diffusion_policy_credit_probe,stress_04,0.44444,0,48,0.64931,0.05608,0.45139,0.05584,0.46528,0.05913,0.06597,0.03035,0.21528,0.04956,0.03125,0.02099,0.11806,0.04005,0.36458,0.06202,0.66384,0.01703,0.05043,0.00359,0.26452,0.00495,0.29340,0.06259
diffusion_policy_credit_probe,stress_04,0.44444,1,48,0.65278,0.05131,0.42361,0.05668,0.44792,0.05929,0.08333,0.03369,0.29167,0.05192,0.05208,0.02413,0.16319,0.04403,0.36806,0.05584,0.66440,0.01666,0.05009,0.00371,0.26457,0.00493,0.20550,0.07108
diffusion_policy_credit_probe,stress_04,0.44444,2,48,0.63542,0.05115,0.49653,0.06632,0.42708,0.06067,0.06597,0.02706,0.27431,0.05458,0.05556,0.02634,0.11806,0.03501,0.35417,0.05204,0.66490,0.01666,0.04989,0.00367,0.26314,0.00495,0.22786,0.05634
diffusion_policy_credit_probe,stress_04,0.44444,3,48,0.62847,0.06321,0.43403,0.05480,0.44792,0.05929,0.05903,0.02834,0.27431,0.04294,0.06597,0.02706,0.11111,0.03552,0.34375,0.05184,0.66517,0.01652,0.05010,0.00370,0.26443,0.00524,0.21704,0.08438
diffusion_policy_credit_probe,stress_04,0.44444,4,48,0.62847,0.05436,0.51389,0.05223,0.45139,0.05751,0.06944,0.03346,0.25347,0.05237,0.05556,0.02808,0.10417,0.03720,0.32986,0.05458,0.66409,0.01686,0.05029,0.00366,0.26314,0.00539,0.23671,0.07074
diffusion_policy_credit_probe,stress_04,0.44444,5,48,0.63542,0.06278,0.50000,0.05502,0.44097,0.05544,0.09375,0.03879,0.22569,0.05006,0.02778,0.01776,0.11458,0.03528,0.37847,0.06284,0.66356,0.01669,0.05031,0.00367,0.26311,0.00533,0.26783,0.07904
diffusion_policy_credit_probe,stress_04,0.44444,6,48,0.62847,0.06093,0.51736,0.06093,0.41667,0.05327,0.04861,0.02911,0.28125,0.05161,0.05556,0.02808,0.13889,0.04596,0.34028,0.06736,0.66370,0.01623,0.05016,0.00364,0.26286,0.00500,0.21359,0.07664
diffusion_policy_credit_probe,stress_04,0.44444,7,48,0.64931,0.05259,0.48958,0.05787,0.39583,0.05966,0.10069,0.03472,0.28125,0.05601,0.04861,0.02166,0.09722,0.03346,0.41667,0.04665,0.66321,0.01669,0.05019,0.00351,0.26542,0.00510,0.24297,0.06964
diffusion_policy_credit_probe,stress_04,0.44444,8,48,0.62153,0.06359,0.44444,0.06328,0.45486,0.05480,0.07639,0.02911,0.20486,0.05076,0.03472,0.02166,0.14931,0.04587,0.34028,0.05832,0.66383,0.01633,0.04985,0.00369,0.26505,0.00542,0.24185,0.07028
diffusion_policy_credit_probe,stress_04,0.44444,9,48,0.63194,0.06375,0.49306,0.06449,0.42361,0.05584,0.10417,0.03170,0.26042,0.05579,0.08333,0.03639,0.10764,0.03702,0.35764,0.05915,0.66469,0.01609,0.05046,0.00371,0.26385,0.00496,0.18778,0.09001
diffusion_policy_credit_probe,stress_05,0.55556,0,48,0.59722,0.05903,0.46181,0.06755,0.36806,0.05913,0.06250,0.02503,0.27431,0.05794,0.05556,0.02808,0.11806,0.03885,0.35764,0.05501,0.68674,0.01788,0.06136,0.00392,0.27194,0.00497,0.18692,0.05925
diffusion_policy_credit_probe,stress_05,0.55556,1,48,0.62500,0.05876,0.42014,0.05501,0.43056,0.05313,0.07639,0.03069,0.26389,0.04545,0.06944,0.02891,0.11111,0.04277,0.32639,0.05324,0.68733,0.01785,0.06144,0.00398,0.27297,0.00532,0.20134,0.08686
diffusion_policy_credit_probe,stress_05,0.55556,2,48,0.62153,0.04638,0.50347,0.04911,0.43056,0.05488,0.06944,0.03050,0.24653,0.05237,0.06597,0.02875,0.11458,0.03660,0.33333,0.05671,0.68657,0.01791,0.06157,0.00391,0.27311,0.00541,0.21026,0.07666
diffusion_policy_credit_probe,stress_05,0.55556,3,48,0.62500,0.06632,0.47917,0.05886,0.40625,0.06144,0.09028,0.03634,0.23264,0.04838,0.02431,0.01682,0.11111,0.03809,0.35069,0.05523,0.68573,0.01802,0.06162,0.00399,0.27229,0.00531,0.25769,0.08100
diffusion_policy_credit_probe,stress_05,0.55556,4,48,0.64236,0.05586,0.50000,0.05836,0.38542,0.05341,0.05208,0.03100,0.29167,0.05192,0.06597,0.02875,0.12500,0.04295,0.37153,0.06685,0.68659,0.01768,0.06167,0.00392,0.27180,0.00505,0.21400,0.07997
diffusion_policy_credit_probe,stress_05,0.55556,5,48,0.63194,0.05412,0.48958,0.06028,0.37153,0.05935,0.10417,0.03966,0.29514,0.05349,0.04167,0.02480,0.13889,0.04049,0.40972,0.05324,0.68466,0.01804,0.06171,0.00385,0.27460,0.00519,0.19556,0.07148
diffusion_policy_credit_probe,stress_05,0.55556,6,48,0.64583,0.06045,0.46528,0.06148,0.45139,0.05412,0.09375,0.03494,0.21181,0.04838,0.03472,0.02166,0.14583,0.04827,0.32292,0.06259,0.68582,0.01766,0.06135,0.00398,0.27403,0.00556,0.25262,0.07127
diffusion_policy_credit_probe,stress_05,0.55556,7,48,0.63889,0.05531,0.45486,0.05650,0.41667,0.05916,0.12153,0.03734,0.27083,0.05383,0.08681,0.03368,0.10764,0.04068,0.35417,0.05383,0.68623,0.01747,0.06188,0.00395,0.27315,0.00511,0.17384,0.07942
diffusion_policy_credit_probe,stress_05,0.55556,8,48,0.60764,0.05458,0.45486,0.05565,0.38542,0.06315,0.08681,0.03638,0.22917,0.04728,0.05208,0.02413,0.13889,0.04492,0.39583,0.05019,0.68599,0.01790,0.06160,0.00394,0.27213,0.00520,0.19563,0.06838
diffusion_policy_credit_probe,stress_05,0.55556,9,48,0.64236,0.05326,0.45139,0.06071,0.43056,0.04439,0.07639,0.02911,0.23958,0.04756,0.09722,0.03050,0.14931,0.04038,0.35417,0.04626,0.68600,0.01743,0.06162,0.00396,0.27335,0.00528,0.17487,0.08202
diffusion_policy_credit_probe,stress_06,0.66667,0,48,0.63889,0.05357,0.47569,0.05146,0.43403,0.05815,0.07639,0.03220,0.25694,0.05412,0.06944,0.02891,0.13889,0.03416,0.32639,0.05498,0.70867,0.01904,0.07300,0.00426,0.28221,0.00559,0.19658,0.07578
diffusion_policy_credit_probe,stress_06,0.66667,1,48,0.62500,0.06843,0.44792,0.05929,0.37500,0.06912,0.09722,0.03746,0.23958,0.04951,0.02778,0.01776,0.10764,0.03572,0.36458,0.05297,0.70756,0.01921,0.07305,0.00421,0.28120,0.00527,0.24536,0.08181
diffusion_policy_credit_probe,stress_06,0.66667,2,48,0.65278,0.04944,0.46875,0.05808,0.40278,0.05313,0.06250,0.03720,0.28819,0.06131,0.06250,0.02686,0.13194,0.04235,0.35069,0.05774,0.70829,0.01894,0.07313,0.00419,0.28059,0.00523,0.21600,0.07913
diffusion_policy_credit_probe,stress_06,0.66667,3,48,0.64236,0.05237,0.45486,0.05565,0.36111,0.05699,0.12153,0.04429,0.29167,0.05283,0.03819,0.02003,0.15625,0.04173,0.38889,0.05782,0.70639,0.01923,0.07302,0.00416,0.28308,0.00548,0.18778,0.07638
diffusion_policy_credit_probe,stress_06,0.66667,4,48,0.63889,0.05444,0.44792,0.06315,0.44792,0.05252,0.09028,0.03885,0.24306,0.05143,0.05556,0.02634,0.14583,0.04523,0.32639,0.05992,0.70851,0.01904,0.07288,0.00422,0.28247,0.00565,0.20675,0.06760
diffusion_policy_credit_probe,stress_06,0.66667,5,48,0.65278,0.05657,0.44444,0.05782,0.39583,0.05966,0.11806,0.04235,0.27431,0.05955,0.08681,0.03224,0.10764,0.03950,0.34722,0.04748,0.70813,0.01880,0.07326,0.00424,0.28214,0.00517,0.18352,0.08639
diffusion_policy_credit_probe,stress_06,0.66667,6,48,0.60069,0.05565,0.42708,0.05909,0.36806,0.05832,0.09028,0.03762,0.23958,0.04447,0.04861,0.02166,0.14236,0.04349,0.38194,0.05584,0.70794,0.01921,0.07298,0.00417,0.28073,0.00524,0.17989,0.06673
diffusion_policy_credit_probe,stress_06,0.66667,7,48,0.63194,0.04859,0.44792,0.06086,0.39583,0.05383,0.09028,0.02744,0.25694,0.05412,0.09028,0.03069,0.14236,0.03638,0.33681,0.04911,0.70736,0.01887,0.07307,0.00421,0.28153,0.00551,0.15810,0.07128
diffusion_policy_credit_probe,stress_06,0.66667,8,48,0.64583,0.04924,0.43403,0.05393,0.35069,0.04789,0.07986,0.03224,0.23264,0.05815,0.04514,0.02330,0.12847,0.03112,0.29514,0.05169,0.70784,0.01937,0.07304,0.00423,0.28242,0.00501,0.24539,0.06098
diffusion_policy_credit_probe,stress_06,0.66667,9,48,0.62847,0.05608,0.48264,0.05608,0.34722,0.05740,0.09375,0.03061,0.28819,0.04210,0.06597,0.02525,0.13542,0.03970,0.33333,0.06378,0.70678,0.01946,0.07290,0.00419,0.28115,0.00528,0.17099,0.06929
diffusion_policy_credit_probe,stress_07,0.77778,0,48,0.65278,0.04748,0.44792,0.06240,0.38542,0.04878,0.06597,0.03333,0.27431,0.05458,0.07639,0.02566,0.13542,0.04312,0.30903,0.05053,0.73004,0.02042,0.08468,0.00448,0.29017,0.00546,0.19834,0.07495
diffusion_policy_credit_probe,stress_07,0.77778,1,48,0.64236,0.05146,0.42014,0.05995,0.35417,0.06275,0.12847,0.04154,0.29861,0.05668,0.04167,0.02281,0.17014,0.04714,0.37153,0.05169,0.72830,0.02049,0.08444,0.00439,0.29172,0.00558,0.16467,0.07367
diffusion_policy_credit_probe,stress_07,0.77778,2,48,0.59722,0.05313,0.41319,0.06073,0.43403,0.05214,0.09375,0.03755,0.25347,0.05586,0.06250,0.02856,0.13889,0.03931,0.34722,0.05573,0.73015,0.02038,0.08451,0.00452,0.29141,0.00563,0.15132,0.08162
diffusion_policy_credit_probe,stress_07,0.77778,3,48,0.66667,0.04959,0.44097,0.05794,0.36806,0.06225,0.12153,0.03859,0.29167,0.05795,0.08681,0.03074,0.11458,0.03787,0.32986,0.05100,0.72987,0.02021,0.08452,0.00449,0.29040,0.00528,0.17976,0.08208
diffusion_policy_credit_probe,stress_07,0.77778,4,48,0.62153,0.06433,0.39236,0.06112,0.36458,0.05472,0.09375,0.03627,0.26389,0.04748,0.04167,0.02063,0.14236,0.03766,0.36806,0.05913,0.72965,0.02038,0.08456,0.00447,0.29053,0.00534,0.19209,0.07750
diffusion_policy_credit_probe,stress_07,0.77778,5,48,0.63542,0.05207,0.44444,0.06900,0.39236,0.05371,0.09722,0.02722,0.27431,0.05712,0.09028,0.03069,0.14931,0.04154,0.34375,0.05184,0.72926,0.02017,0.08447,0.00447,0.29084,0.00564,0.14223,0.06623
diffusion_policy_credit_probe,stress_07,0.77778,6,48,0.64931,0.04689,0.38889,0.05782,0.36458,0.04927,0.08333,0.03226,0.25694,0.05913,0.05556,0.02448,0.13889,0.03127,0.30903,0.04664,0.72989,0.02064,0.08457,0.00449,0.29084,0.00522,0.21462,0.05544
diffusion_policy_credit_probe,stress_07,0.77778,7,48,0.64236,0.05414,0.48264,0.05436,0.33333,0.06597,0.07986,0.03074,0.29861,0.04005,0.08333,0.02918,0.15625,0.04173,0.30903,0.06808,0.72825,0.02066,0.08440,0.00449,0.28976,0.00546,0.15080,0.06997
diffusion_policy_credit_probe,stress_07,0.77778,8,48,0.65625,0.05092,0.39583,0.05204,0.38542,0.05252,0.11806,0.03634,0.31597,0.05259,0.04861,0.02166,0.13194,0.03363,0.27431,0.05006,0.73094,0.02048,0.08458,0.00450,0.29004,0.00556,0.19188,0.07392
diffusion_policy_credit_probe,stress_07,0.77778,9,48,0.64583,0.05383,0.40972,0.05050,0.39583,0.05640,0.07986,0.03074,0.28472,0.04122,0.05556,0.02634,0.11806,0.02566,0.34375,0.05705,0.73008,0.02045,0.08422,0.00454,0.28980,0.00539,0.21406,0.07610
diffusion_policy_credit_probe,stress_08,0.88889,0,48,0.54514,0.05393,0.40278,0.06366,0.41319,0.05326,0.11111,0.03552,0.25000,0.05502,0.06597,0.02875,0.12847,0.03797,0.35069,0.06093,0.75219,0.02159,0.09596,0.00475,0.29941,0.00586,0.09056,0.08207
diffusion_policy_credit_probe,stress_08,0.88889,1,48,0.65972,0.04558,0.42708,0.06445,0.36458,0.05889,0.14236,0.04349,0.29167,0.05713,0.08681,0.03224,0.15972,0.04122,0.27778,0.05268,0.75096,0.02167,0.09569,0.00472,0.29859,0.00554,0.13057,0.08026
diffusion_policy_credit_probe,stress_08,0.88889,2,48,0.60764,0.07114,0.37153,0.05608,0.34028,0.05324,0.10764,0.03572,0.28125,0.04878,0.06250,0.02686,0.13889,0.04049,0.36806,0.05668,0.75090,0.02179,0.09584,0.00471,0.29968,0.00543,0.13918,0.07485
diffusion_policy_credit_probe,stress_08,0.88889,3,48,0.62153,0.05304,0.41319,0.06877,0.37153,0.05169,0.11458,0.03100,0.28125,0.05429,0.08681,0.02916,0.17014,0.04509,0.32639,0.05832,0.75128,0.02158,0.09578,0.00474,0.29954,0.00547,0.10356,0.06870
diffusion_policy_credit_probe,stress_08,0.88889,4,48,0.66667,0.05054,0.36806,0.06449,0.34028,0.04859,0.07986,0.03074,0.27083,0.05294,0.04167,0.02480,0.13889,0.03682,0.28819,0.04739,0.75154,0.02187,0.09589,0.00470,0.29920,0.00555,0.23872,0.06288
diffusion_policy_credit_probe,stress_08,0.88889,5,48,0.61806,0.05584,0.45486,0.05815,0.28472,0.05498,0.10417,0.03456,0.29167,0.04295,0.08681,0.03074,0.15972,0.04453,0.28472,0.05832,0.75026,0.02198,0.09579,0.00475,0.29767,0.00573,0.10734,0.07294
diffusion_policy_credit_probe,stress_08,0.88889,6,48,0.68403,0.04689,0.39931,0.05030,0.35417,0.05470,0.13542,0.04201,0.34722,0.06656,0.05556,0.02634,0.13542,0.03724,0.26736,0.05393,0.75279,0.02181,0.09604,0.00474,0.29853,0.00588,0.18400,0.07129
diffusion_policy_credit_probe,stress_08,0.88889,7,48,0.63542,0.05558,0.40278,0.05573,0.38542,0.05684,0.10417,0.03590,0.27778,0.04386,0.05556,0.02808,0.13194,0.03069,0.35417,0.06045,0.75185,0.02173,0.09557,0.00478,0.29819,0.00559,0.18189,0.08065
diffusion_policy_credit_probe,stress_08,0.88889,8,48,0.62847,0.04886,0.42708,0.05746,0.36458,0.05726,0.11806,0.04235,0.26042,0.05138,0.04167,0.02063,0.15972,0.04453,0.30208,0.06500,0.75165,0.02164,0.09566,0.00471,0.29909,0.00563,0.17365,0.06320
diffusion_policy_credit_probe,stress_08,0.88889,9,48,0.63889,0.05699,0.40625,0.05407,0.41667,0.05502,0.07986,0.03638,0.27778,0.05616,0.05903,0.02478,0.14236,0.04125,0.31250,0.06123,0.75090,0.02162,0.09603,0.00466,0.29804,0.00588,0.18687,0.08110
diffusion_policy_credit_probe,stress_09,1.00000,0,48,0.60417,0.06852,0.35069,0.06246,0.34028,0.05412,0.11111,0.03682,0.29167,0.05372,0.05556,0.02634,0.16319,0.04403,0.35417,0.04728,0.77191,0.02269,0.10681,0.00480,0.30737,0.00548,0.11799,0.07713
diffusion_policy_credit_probe,stress_09,1.00000,1,48,0.60417,0.05383,0.39931,0.06131,0.35417,0.05204,0.12847,0.03403,0.27778,0.05085,0.09028,0.03069,0.17708,0.04058,0.27778,0.05357,0.77275,0.02276,0.10686,0.00485,0.30715,0.00556,0.06855,0.07561
diffusion_policy_credit_probe,stress_09,1.00000,2,48,0.65625,0.04706,0.36458,0.06714,0.35764,0.05915,0.07986,0.03224,0.28472,0.05913,0.06250,0.03590,0.13194,0.03885,0.28125,0.04578,0.77272,0.02292,0.10673,0.00479,0.30773,0.00582,0.19960,0.08124
diffusion_policy_credit_probe,stress_09,1.00000,3,48,0.60069,0.05565,0.43056,0.05488,0.26042,0.05045,0.13889,0.04386,0.30903,0.05146,0.07292,0.02903,0.17708,0.04285,0.27083,0.05294,0.77235,0.02288,0.10681,0.00485,0.30605,0.00569,0.06611,0.06757
diffusion_policy_credit_probe,stress_09,1.00000,4,48,0.71181,0.04535,0.39236,0.05629,0.31250,0.05383,0.14931,0.04266,0.35417,0.06424,0.06250,0.02686,0.14583,0.04083,0.27431,0.05006,0.77433,0.02261,0.10675,0.00484,0.30543,0.00575,0.18379,0.06709
diffusion_policy_credit_probe,stress_09,1.00000,5,48,0.62153,0.05733,0.35417,0.05112,0.34722,0.05488,0.12500,0.04069,0.27083,0.05204,0.06944,0.03484,0.13194,0.03634,0.36806,0.05992,0.77338,0.02280,0.10663,0.00488,0.30662,0.00564,0.14131,0.08452
diffusion_policy_credit_probe,stress_09,1.00000,6,48,0.62153,0.05565,0.40278,0.05740,0.37153,0.05523,0.11111,0.04165,0.29167,0.05545,0.04514,0.02117,0.18056,0.04847,0.28819,0.05975,0.77396,0.02256,0.10658,0.00485,0.30716,0.00540,0.13574,0.07694
diffusion_policy_credit_probe,stress_09,1.00000,7,48,0.59375,0.06445,0.38542,0.05069,0.39931,0.05393,0.10417,0.04083,0.29167,0.05283,0.06250,0.02856,0.15972,0.03762,0.30903,0.06524,0.77314,0.02258,0.10691,0.00470,0.30617,0.00581,0.10522,0.08636
diffusion_policy_credit_probe,stress_09,1.00000,8,48,0.62153,0.05123,0.38194,0.05234,0.32292,0.05092,0.12847,0.04266,0.31944,0.06440,0.05556,0.02808,0.18056,0.04648,0.31597,0.05608,0.77420,0.02279,0.10660,0.00489,0.30732,0.00556,0.10424,0.06211
diffusion_policy_credit_probe,stress_09,1.00000,9,48,0.64583,0.05294,0.43056,0.06061,0.37500,0.05545,0.10417,0.03316,0.34028,0.05324,0.07639,0.03220,0.15972,0.04453,0.34028,0.06148,0.77274,0.02282,0.10656,0.00476,0.30706,0.00594,0.12170,0.08372
oracle_event_credit_labels,stress_00,0.00000,0,48,0.91319,0.03889,0.76389,0.04545,0.79861,0.04558,0.00347,0.00681,0.02083,0.02307,0.00000,0.00000,0.00347,0.00681,0.62153,0.06054,0.31536,0.01130,0.00200,0.00000,0.00000,0.00000,0.84101,0.04081
oracle_event_credit_labels,stress_00,0.00000,1,48,0.88194,0.04558,0.75347,0.04664,0.84722,0.03991,0.00000,0.00000,0.02083,0.01576,0.00000,0.00000,0.00347,0.00681,0.66319,0.06112,0.31564,0.01147,0.00200,0.00000,0.00000,0.00000,0.81138,0.04498
oracle_event_credit_labels,stress_00,0.00000,2,48,0.93056,0.02891,0.76042,0.05319,0.79167,0.04814,0.01389,0.01317,0.00694,0.00952,0.00347,0.00681,0.00000,0.00000,0.68750,0.06350,0.31563,0.01116,0.00200,0.00000,0.00000,0.00000,0.85749,0.02896
oracle_event_credit_labels,stress_00,0.00000,3,48,0.92708,0.02556,0.78125,0.05252,0.83333,0.03891,0.00000,0.00000,0.02431,0.01682,0.00000,0.00000,0.00347,0.00681,0.62500,0.05459,0.31632,0.01147,0.00200,0.00000,0.00000,0.00000,0.85495,0.02708
oracle_event_credit_labels,stress_00,0.00000,4,48,0.89583,0.02856,0.76042,0.05045,0.80903,0.04664,0.00347,0.00681,0.01389,0.01317,0.00000,0.00000,0.00000,0.00000,0.62500,0.05630,0.31560,0.01121,0.00200,0.00000,0.00000,0.00000,0.82868,0.02809
oracle_event_credit_labels,stress_00,0.00000,5,48,0.87500,0.04183,0.77778,0.03809,0.81250,0.04728,0.00000,0.00000,0.01042,0.01153,0.00000,0.00000,0.01042,0.01153,0.67708,0.05869,0.31658,0.01127,0.00200,0.00000,0.00000,0.00000,0.80435,0.04161
oracle_event_credit_labels,stress_00,0.00000,6,48,0.91319,0.02916,0.80208,0.04312,0.79514,0.05259,0.00000,0.00000,0.01389,0.01317,0.00347,0.00681,0.00000,0.00000,0.62500,0.05876,0.31555,0.01166,0.00200,0.00000,0.00000,0.00000,0.84389,0.02932
oracle_event_credit_labels,stress_00,0.00000,7,48,0.93056,0.03346,0.72569,0.05282,0.81250,0.04523,0.00000,0.00000,0.01736,0.01456,0.00000,0.00000,0.00000,0.00000,0.62153,0.05393,0.31725,0.01145,0.00200,0.00000,0.00000,0.00000,0.86334,0.03229
oracle_event_credit_labels,stress_00,0.00000,8,48,0.90278,0.03050,0.81597,0.05259,0.78472,0.04859,0.00000,0.00000,0.01389,0.01317,0.00000,0.00000,0.00347,0.00681,0.65972,0.04345,0.31563,0.01085,0.00200,0.00000,0.00000,0.00000,0.83513,0.03018
oracle_event_credit_labels,stress_00,0.00000,9,48,0.87847,0.03859,0.72917,0.05204,0.82639,0.04558,0.00347,0.00681,0.03125,0.02509,0.00347,0.00681,0.00000,0.00000,0.61806,0.06071,0.31717,0.01095,0.00200,0.00000,0.00000,0.00000,0.79995,0.04073
oracle_event_credit_labels,stress_01,0.11111,0,48,0.92708,0.03061,0.73264,0.05123,0.79167,0.05372,0.01389,0.01317,0.01389,0.01637,0.00694,0.00952,0.00000,0.00000,0.65972,0.06375,0.33719,0.01248,0.00200,0.00000,0.00000,0.00000,0.84383,0.03211
oracle_event_credit_labels,stress_01,0.11111,1,48,0.92708,0.02556,0.76736,0.05393,0.81597,0.04154,0.00000,0.00000,0.03819,0.02003,0.00000,0.00000,0.00347,0.00681,0.63542,0.05643,0.33692,0.01271,0.00200,0.00000,0.00000,0.00000,0.84582,0.02692
oracle_event_credit_labels,stress_01,0.11111,2,48,0.89583,0.03018,0.75694,0.05234,0.79514,0.04266,0.00347,0.00681,0.01389,0.01317,0.00000,0.00000,0.00000,0.00000,0.61806,0.05668,0.33628,0.01255,0.00200,0.00000,0.00000,0.00000,0.82537,0.03023
oracle_event_credit_labels,stress_01,0.11111,3,48,0.89236,0.03828,0.77083,0.03845,0.81944,0.04107,0.00000,0.00000,0.02431,0.01943,0.00000,0.00000,0.01042,0.01153,0.68403,0.05349,0.33690,0.01264,0.00200,0.00000,0.00000,0.00000,0.81263,0.03880
oracle_event_credit_labels,stress_01,0.11111,4,48,0.91319,0.03074,0.77431,0.04294,0.79861,0.04859,0.00000,0.00000,0.01389,0.01637,0.00347,0.00681,0.00000,0.00000,0.60764,0.05629,0.33644,0.01289,0.00200,0.00000,0.00000,0.00000,0.84055,0.03055
oracle_event_credit_labels,stress_01,0.11111,5,48,0.92361,0.03069,0.69097,0.05414,0.80208,0.03970,0.00000,0.00000,0.01736,0.01456,0.00000,0.00000,0.00000,0.00000,0.62847,0.04886,0.33731,0.01286,0.00200,0.00000,0.00000,0.00000,0.85319,0.03048
oracle_event_credit_labels,stress_01,0.11111,6,48,0.89583,0.03170,0.77778,0.04991,0.77431,0.04509,0.00000,0.00000,0.01736,0.01751,0.00000,0.00000,0.00000,0.00000,0.65278,0.04847,0.33662,0.01220,0.00200,0.00000,0.00000,0.00000,0.82552,0.03104
oracle_event_credit_labels,stress_01,0.11111,7,48,0.89583,0.03845,0.72569,0.05371,0.81597,0.04154,0.00347,0.00681,0.02778,0.02246,0.00000,0.00000,0.00000,0.00000,0.60069,0.05815,0.33812,0.01232,0.00200,0.00000,0.00000,0.00000,0.81924,0.03943
oracle_event_credit_labels,stress_01,0.11111,8,48,0.90625,0.03494,0.73611,0.04847,0.75694,0.04660,0.00347,0.00681,0.04514,0.02706,0.00347,0.00681,0.00000,0.00000,0.62847,0.05608,0.33772,0.01243,0.00200,0.00000,0.00000,0.00000,0.81861,0.03809
oracle_event_credit_labels,stress_01,0.11111,9,48,0.91319,0.03224,0.72222,0.04698,0.79167,0.05101,0.00694,0.00952,0.03125,0.01860,0.00000,0.00000,0.00347,0.00681,0.61111,0.05357,0.33695,0.01261,0.00200,0.00000,0.00000,0.00000,0.83151,0.03077
oracle_event_credit_labels,stress_02,0.22222,0,48,0.89931,0.03333,0.75347,0.05414,0.79514,0.04483,0.00000,0.00000,0.02778,0.01776,0.00000,0.00000,0.00000,0.00000,0.59028,0.05668,0.35774,0.01380,0.00200,0.00000,0.00000,0.00000,0.82124,0.03231
oracle_event_credit_labels,stress_02,0.22222,1,48,0.90625,0.03494,0.75347,0.05053,0.80208,0.04201,0.00000,0.00000,0.03125,0.01860,0.00000,0.00000,0.00694,0.00952,0.62847,0.05774,0.35834,0.01413,0.00200,0.00000,0.00000,0.00000,0.82233,0.03777
oracle_event_credit_labels,stress_02,0.22222,2,48,0.91319,0.03638,0.75000,0.05054,0.78125,0.04367,0.00000,0.00000,0.03125,0.01860,0.00347,0.00681,0.00000,0.00000,0.61458,0.05515,0.35732,0.01399,0.00200,0.00000,0.00000,0.00000,0.82992,0.03548
oracle_event_credit_labels,stress_02,0.22222,3,48,0.92361,0.02911,0.66667,0.06228,0.77083,0.04198,0.00000,0.00000,0.03472,0.01935,0.00000,0.00000,0.00000,0.00000,0.61458,0.05515,0.35883,0.01405,0.00200,0.00000,0.00000,0.00000,0.84246,0.03010
oracle_event_credit_labels,stress_02,0.22222,4,48,0.91667,0.02918,0.73958,0.05746,0.77431,0.04813,0.00000,0.00000,0.02778,0.02025,0.00000,0.00000,0.00000,0.00000,0.61806,0.05234,0.35756,0.01342,0.00200,0.00000,0.00000,0.00000,0.83863,0.02897
oracle_event_credit_labels,stress_02,0.22222,5,48,0.89931,0.03859,0.69444,0.06177,0.79861,0.04558,0.00347,0.00681,0.03472,0.01935,0.00000,0.00000,0.00000,0.00000,0.58333,0.06074,0.35948,0.01384,0.00200,0.00000,0.00000,0.00000,0.81638,0.03797
oracle_event_credit_labels,stress_02,0.22222,6,48,0.90625,0.03212,0.72222,0.04165,0.74306,0.04453,0.00000,0.00000,0.04514,0.02525,0.00694,0.00952,0.00000,0.00000,0.62153,0.06359,0.35842,0.01391,0.00200,0.00000,0.00000,0.00000,0.81314,0.03199
oracle_event_credit_labels,stress_02,0.22222,7,48,0.91319,0.03074,0.71181,0.05030,0.76042,0.05229,0.00694,0.00952,0.02431,0.01682,0.00000,0.00000,0.00347,0.00681,0.60069,0.05733,0.35801,0.01402,0.00200,0.00000,0.00000,0.00000,0.83106,0.03100
oracle_event_credit_labels,stress_02,0.22222,8,48,0.89583,0.03720,0.75000,0.05327,0.76042,0.05494,0.00000,0.00000,0.03819,0.02430,0.00000,0.00000,0.00000,0.00000,0.64583,0.06199,0.35813,0.01433,0.00200,0.00000,0.00000,0.00000,0.81333,0.03511
oracle_event_credit_labels,stress_02,0.22222,9,48,0.92014,0.03074,0.71528,0.05498,0.76042,0.04756,0.00347,0.00681,0.04514,0.02706,0.00347,0.00681,0.00000,0.00000,0.61111,0.05943,0.35733,0.01380,0.00200,0.00000,0.00000,0.00000,0.82936,0.03225
oracle_event_credit_labels,stress_03,0.33333,0,48,0.91667,0.03226,0.72222,0.06022,0.75694,0.04660,0.00000,0.00000,0.05556,0.02634,0.00000,0.00000,0.00000,0.00000,0.59375,0.05909,0.37827,0.01532,0.00200,0.00000,0.00000,0.00000,0.82365,0.03273
oracle_event_credit_labels,stress_03,0.33333,1,48,0.92361,0.02911,0.68056,0.05657,0.75694,0.04453,0.00000,0.00000,0.03125,0.01860,0.00000,0.00000,0.00000,0.00000,0.57986,0.05835,0.37947,0.01523,0.00200,0.00000,0.00000,0.00000,0.84061,0.03132
oracle_event_credit_labels,stress_03,0.33333,2,48,0.93750,0.02856,0.70486,0.05523,0.76389,0.04648,0.00000,0.00000,0.05208,0.02413,0.00000,0.00000,0.00000,0.00000,0.64931,0.05855,0.37837,0.01476,0.00200,0.00000,0.00000,0.00000,0.84593,0.02781
oracle_event_credit_labels,stress_03,0.33333,3,48,0.89583,0.03720,0.68750,0.05640,0.79167,0.05283,0.00347,0.00681,0.06250,0.02307,0.00000,0.00000,0.00000,0.00000,0.59028,0.05832,0.38033,0.01511,0.00200,0.00000,0.00000,0.00000,0.79790,0.03711
oracle_event_credit_labels,stress_03,0.33333,4,48,0.92361,0.03069,0.68403,0.04886,0.71528,0.05498,0.00000,0.00000,0.05903,0.02662,0.00694,0.00952,0.00000,0.00000,0.59722,0.05903,0.37945,0.01511,0.00200,0.00000,0.00000,0.00000,0.82131,0.03298
oracle_event_credit_labels,stress_03,0.33333,5,48,0.91667,0.02751,0.70833,0.05372,0.73611,0.05038,0.00347,0.00681,0.03472,0.01935,0.00000,0.00000,0.00694,0.00952,0.61111,0.05699,0.37976,0.01537,0.00200,0.00000,0.00000,0.00000,0.82619,0.02867
oracle_event_credit_labels,stress_03,0.33333,6,48,0.87847,0.03859,0.70833,0.05372,0.77083,0.05112,0.00000,0.00000,0.05556,0.02634,0.00000,0.00000,0.00000,0.00000,0.64583,0.06988,0.37931,0.01573,0.00200,0.00000,0.00000,0.00000,0.78529,0.03582
oracle_event_credit_labels,stress_03,0.33333,7,48,0.92361,0.02566,0.72222,0.04895,0.74306,0.04660,0.00347,0.00681,0.05208,0.02943,0.00347,0.00681,0.00000,0.00000,0.59722,0.05903,0.37861,0.01518,0.00200,0.00000,0.00000,0.00000,0.82651,0.02812
oracle_event_credit_labels,stress_03,0.33333,8,48,0.91667,0.03369,0.68403,0.05855,0.78125,0.04578,0.00347,0.00681,0.04514,0.02525,0.00000,0.00000,0.00000,0.00000,0.56944,0.05131,0.37953,0.01486,0.00200,0.00000,0.00000,0.00000,0.82616,0.03360
oracle_event_credit_labels,stress_03,0.33333,9,48,0.89931,0.03472,0.71875,0.03909,0.76042,0.04552,0.00347,0.00681,0.05556,0.02634,0.00347,0.00681,0.00000,0.00000,0.61111,0.05616,0.37912,0.01537,0.00200,0.00000,0.00000,0.00000,0.80067,0.03759
oracle_event_credit_labels,stress_04,0.44444,0,48,0.95139,0.02374,0.69792,0.05297,0.74306,0.04956,0.00000,0.00000,0.05903,0.02662,0.00000,0.00000,0.00000,0.00000,0.64583,0.05723,0.39964,0.01618,0.00200,0.00000,0.00000,0.00000,0.85349,0.02482
oracle_event_credit_labels,stress_04,0.44444,1,48,0.89236,0.03950,0.71528,0.05668,0.75347,0.04862,0.00347,0.00681,0.06250,0.02503,0.00000,0.00000,0.00000,0.00000,0.57986,0.05835,0.40081,0.01638,0.00200,0.00000,0.00000,0.00000,0.79115,0.03743
oracle_event_credit_labels,stress_04,0.44444,2,48,0.91319,0.03638,0.69097,0.04958,0.70833,0.05192,0.00000,0.00000,0.06944,0.02722,0.00694,0.00952,0.00000,0.00000,0.60764,0.06265,0.40033,0.01640,0.00200,0.00000,0.00000,0.00000,0.80318,0.03573
oracle_event_credit_labels,stress_04,0.44444,3,48,0.92014,0.02916,0.71528,0.04761,0.71181,0.05650,0.00000,0.00000,0.05556,0.02634,0.00000,0.00000,0.00694,0.00952,0.60069,0.06790,0.40053,0.01656,0.00200,0.00000,0.00000,0.00000,0.81926,0.03099
oracle_event_credit_labels,stress_04,0.44444,4,48,0.88542,0.03528,0.70833,0.05007,0.77778,0.04991,0.00000,0.00000,0.07639,0.03363,0.00000,0.00000,0.00000,0.00000,0.63542,0.06352,0.40042,0.01695,0.00200,0.00000,0.00000,0.00000,0.78011,0.03609
oracle_event_credit_labels,stress_04,0.44444,5,48,0.93056,0.02722,0.69792,0.04927,0.73958,0.04951,0.00000,0.00000,0.06250,0.02856,0.00347,0.00681,0.00000,0.00000,0.57986,0.06303,0.40000,0.01623,0.00200,0.00000,0.00000,0.00000,0.82733,0.02935
oracle_event_credit_labels,stress_04,0.44444,6,48,0.92708,0.02903,0.66319,0.05629,0.74306,0.05584,0.00347,0.00681,0.04861,0.02744,0.00000,0.00000,0.00000,0.00000,0.54861,0.05412,0.40077,0.01620,0.00200,0.00000,0.00000,0.00000,0.83172,0.02965
oracle_event_credit_labels,stress_04,0.44444,7,48,0.89583,0.03966,0.69444,0.04596,0.74306,0.04558,0.00347,0.00681,0.07639,0.02911,0.00000,0.00000,0.00000,0.00000,0.62500,0.05101,0.40016,0.01674,0.00200,0.00000,0.00000,0.00000,0.78890,0.04049
oracle_event_credit_labels,stress_04,0.44444,8,48,0.93403,0.03187,0.69097,0.05237,0.72222,0.04991,0.00000,0.00000,0.05903,0.02662,0.00000,0.00000,0.00347,0.00681,0.54861,0.05143,0.39964,0.01673,0.00200,0.00000,0.00000,0.00000,0.83398,0.03318
oracle_event_credit_labels,stress_04,0.44444,9,48,0.90972,0.03363,0.70139,0.05234,0.71528,0.04345,0.00347,0.00681,0.05556,0.02634,0.00347,0.00681,0.00000,0.00000,0.57639,0.06522,0.40075,0.01633,0.00200,0.00000,0.00000,0.00000,0.80762,0.03694
oracle_event_credit_labels,stress_05,0.55556,0,48,0.92708,0.03356,0.66667,0.05587,0.72569,0.04403,0.00000,0.00000,0.09375,0.03061,0.01042,0.01153,0.00000,0.00000,0.58333,0.06525,0.42091,0.01754,0.00200,0.00000,0.00000,0.00000,0.79974,0.03153
oracle_event_credit_labels,stress_05,0.55556,1,48,0.92361,0.02911,0.68056,0.05038,0.68403,0.05349,0.00000,0.00000,0.05208,0.02602,0.00000,0.00000,0.00347,0.00681,0.60764,0.06340,0.42171,0.01786,0.00200,0.00000,0.00000,0.00000,0.82295,0.03264
oracle_event_credit_labels,stress_05,0.55556,2,48,0.90278,0.03484,0.69097,0.04664,0.77083,0.04827,0.00000,0.00000,0.09028,0.03363,0.00000,0.00000,0.00000,0.00000,0.61806,0.06225,0.42145,0.01812,0.00200,0.00000,0.00000,0.00000,0.78827,0.03617
oracle_event_credit_labels,stress_05,0.55556,3,48,0.93056,0.03201,0.67014,0.04613,0.70833,0.05007,0.00000,0.00000,0.08681,0.03224,0.00000,0.00000,0.00000,0.00000,0.55208,0.05601,0.42141,0.01744,0.00200,0.00000,0.00000,0.00000,0.81751,0.03399
oracle_event_credit_labels,stress_05,0.55556,4,48,0.92014,0.02916,0.67361,0.05234,0.71875,0.05848,0.00347,0.00681,0.05556,0.02971,0.00000,0.00000,0.00000,0.00000,0.59028,0.05498,0.42158,0.01755,0.00200,0.00000,0.00000,0.00000,0.81853,0.03171
oracle_event_credit_labels,stress_05,0.55556,5,48,0.90278,0.04221,0.65625,0.05184,0.72222,0.04895,0.00347,0.00681,0.09028,0.03220,0.00000,0.00000,0.00000,0.00000,0.60417,0.05640,0.42118,0.01799,0.00200,0.00000,0.00000,0.00000,0.78665,0.04018
oracle_event_credit_labels,stress_05,0.55556,6,48,0.93750,0.03316,0.69792,0.04630,0.70139,0.04761,0.00000,0.00000,0.06597,0.02875,0.00000,0.00000,0.00347,0.00681,0.54861,0.05832,0.42083,0.01790,0.00200,0.00000,0.00000,0.00000,0.83115,0.03217
oracle_event_credit_labels,stress_05,0.55556,7,48,0.92014,0.03368,0.69444,0.04698,0.69444,0.04277,0.00000,0.00000,0.06250,0.03170,0.00347,0.00681,0.00000,0.00000,0.59722,0.05903,0.42238,0.01765,0.00200,0.00000,0.00000,0.00000,0.81333,0.03962
oracle_event_credit_labels,stress_05,0.55556,8,48,0.89236,0.04403,0.68056,0.04748,0.71181,0.05030,0.00000,0.00000,0.04167,0.02664,0.00000,0.00000,0.00000,0.00000,0.62153,0.05733,0.41987,0.01790,0.00200,0.00000,0.00000,0.00000,0.79852,0.04622
oracle_event_credit_labels,stress_05,0.55556,9,48,0.92708,0.02903,0.77083,0.04198,0.70833,0.05630,0.00000,0.00000,0.06944,0.02891,0.00000,0.00000,0.00000,0.00000,0.56250,0.06123,0.42143,0.01762,0.00200,0.00000,0.00000,0.00000,0.82133,0.03079
oracle_event_credit_labels,stress_06,0.66667,0,48,0.91667,0.03076,0.67014,0.04613,0.74653,0.04561,0.00000,0.00000,0.09722,0.04107,0.00000,0.00000,0.00000,0.00000,0.59028,0.05832,0.44209,0.01928,0.00200,0.00000,0.00000,0.00000,0.79594,0.03360
oracle_event_credit_labels,stress_06,0.66667,1,48,0.93750,0.02503,0.64583,0.04827,0.69792,0.04927,0.00000,0.00000,0.09722,0.03618,0.00000,0.00000,0.00000,0.00000,0.55903,0.05192,0.44299,0.01868,0.00200,0.00000,0.00000,0.00000,0.81663,0.02860
oracle_event_credit_labels,stress_06,0.66667,2,48,0.93403,0.02706,0.63889,0.05531,0.68750,0.05204,0.00694,0.00952,0.06597,0.02875,0.00000,0.00000,0.00000,0.00000,0.58333,0.05671,0.44254,0.01885,0.00200,0.00000,0.00000,0.00000,0.82302,0.02861
oracle_event_credit_labels,stress_06,0.66667,3,48,0.92014,0.04125,0.64931,0.05608,0.70486,0.04789,0.00347,0.00681,0.08681,0.03224,0.00000,0.00000,0.00000,0.00000,0.60069,0.05393,0.44221,0.01928,0.00200,0.00000,0.00000,0.00000,0.80210,0.04138
oracle_event_credit_labels,stress_06,0.66667,4,48,0.94097,0.02996,0.69097,0.05414,0.67708,0.05787,0.00000,0.00000,0.08333,0.03767,0.00000,0.00000,0.00347,0.00681,0.56944,0.05740,0.44182,0.01902,0.00200,0.00000,0.00000,0.00000,0.82397,0.03330
oracle_event_credit_labels,stress_06,0.66667,5,48,0.92361,0.03220,0.70833,0.05372,0.68403,0.04982,0.00000,0.00000,0.07639,0.03069,0.00347,0.00681,0.00000,0.00000,0.57639,0.05913,0.44232,0.01891,0.00200,0.00000,0.00000,0.00000,0.80778,0.03719
oracle_event_credit_labels,stress_06,0.66667,6,48,0.90278,0.04107,0.67014,0.05712,0.70486,0.04982,0.00000,0.00000,0.06250,0.03590,0.00000,0.00000,0.00000,0.00000,0.57639,0.05751,0.44115,0.01918,0.00200,0.00000,0.00000,0.00000,0.79678,0.04564
oracle_event_credit_labels,stress_06,0.66667,7,48,0.93403,0.02875,0.72917,0.04827,0.70139,0.05668,0.00000,0.00000,0.10417,0.03170,0.00000,0.00000,0.00000,0.00000,0.56250,0.06123,0.44201,0.01898,0.00200,0.00000,0.00000,0.00000,0.81040,0.03102
oracle_event_credit_labels,stress_06,0.66667,8,48,0.94792,0.02602,0.63542,0.04927,0.65278,0.05038,0.00000,0.00000,0.11111,0.03552,0.00347,0.00681,0.00347,0.00681,0.52083,0.05966,0.44182,0.01916,0.00200,0.00000,0.00000,0.00000,0.81543,0.02917
oracle_event_credit_labels,stress_06,0.66667,9,48,0.92708,0.03494,0.67708,0.05363,0.71181,0.04739,0.00000,0.00000,0.09028,0.03220,0.00347,0.00681,0.00347,0.00681,0.55208,0.05429,0.44154,0.01908,0.00200,0.00000,0.00000,0.00000,0.80339,0.04017
oracle_event_credit_labels,stress_07,0.77778,0,48,0.93750,0.02856,0.64583,0.05294,0.70139,0.04859,0.00694,0.00952,0.07986,0.03224,0.00000,0.00000,0.00000,0.00000,0.54167,0.05713,0.46347,0.02006,0.00200,0.00000,0.00000,0.00000,0.81731,0.03282
oracle_event_credit_labels,stress_07,0.77778,1,48,0.91319,0.04238,0.64931,0.05436,0.68403,0.04789,0.00347,0.00681,0.10069,0.03979,0.00000,0.00000,0.00000,0.00000,0.59722,0.05488,0.46296,0.02038,0.00200,0.00000,0.00000,0.00000,0.78600,0.04539
oracle_event_credit_labels,stress_07,0.77778,2,48,0.93056,0.03050,0.69444,0.05268,0.70833,0.05713,0.00000,0.00000,0.07639,0.03634,0.00000,0.00000,0.00347,0.00681,0.55208,0.05848,0.46228,0.02018,0.00200,0.00000,0.00000,0.00000,0.81319,0.03415
oracle_event_credit_labels,stress_07,0.77778,3,48,0.93750,0.02503,0.68403,0.05691,0.69792,0.05558,0.00000,0.00000,0.07639,0.02744,0.00347,0.00681,0.00000,0.00000,0.54861,0.05668,0.46258,0.02017,0.00200,0.00000,0.00000,0.00000,0.81842,0.03035
oracle_event_credit_labels,stress_07,0.77778,4,48,0.90625,0.03999,0.65278,0.05657,0.68403,0.04982,0.00000,0.00000,0.08333,0.03507,0.00000,0.00000,0.00000,0.00000,0.57292,0.05988,0.46236,0.02049,0.00200,0.00000,0.00000,0.00000,0.78811,0.04597
oracle_event_credit_labels,stress_07,0.77778,5,48,0.93403,0.03035,0.67708,0.04706,0.69097,0.05053,0.00000,0.00000,0.10417,0.03590,0.00000,0.00000,0.00000,0.00000,0.52778,0.06403,0.46363,0.02035,0.00200,0.00000,0.00000,0.00000,0.80694,0.03214
oracle_event_credit_labels,stress_07,0.77778,6,48,0.94444,0.02634,0.65625,0.05274,0.63889,0.04895,0.00000,0.00000,0.09375,0.03212,0.00347,0.00681,0.00000,0.00000,0.52431,0.05753,0.46433,0.02035,0.00200,0.00000,0.00000,0.00000,0.81780,0.02976
oracle_event_credit_labels,stress_07,0.77778,7,48,0.92708,0.03212,0.66667,0.04665,0.69444,0.05444,0.00000,0.00000,0.10417,0.03720,0.00347,0.00681,0.00694,0.00952,0.54861,0.04859,0.46266,0.02033,0.00200,0.00000,0.00000,0.00000,0.79202,0.03979
oracle_event_credit_labels,stress_07,0.77778,8,48,0.92014,0.03368,0.62847,0.05774,0.69097,0.04958,0.00000,0.00000,0.07292,0.02735,0.00000,0.00000,0.00000,0.00000,0.59722,0.04439,0.46268,0.01977,0.00200,0.00000,0.00000,0.00000,0.80633,0.03294
oracle_event_credit_labels,stress_07,0.77778,9,48,0.93403,0.03035,0.61806,0.05498,0.70833,0.04614,0.00000,0.00000,0.07986,0.03224,0.00347,0.00681,0.00000,0.00000,0.60764,0.05955,0.46382,0.02013,0.00200,0.00000,0.00000,0.00000,0.81330,0.03411
oracle_event_credit_labels,stress_08,0.88889,0,48,0.94444,0.02634,0.69792,0.05207,0.70486,0.06015,0.00000,0.00000,0.07639,0.03634,0.00347,0.00681,0.00347,0.00681,0.55208,0.05848,0.48360,0.02148,0.00202,0.00003,0.00000,0.00000,0.81985,0.03283
oracle_event_credit_labels,stress_08,0.88889,1,48,0.96181,0.02226,0.64931,0.05855,0.69444,0.05863,0.00000,0.00000,0.09722,0.03050,0.00000,0.00000,0.00000,0.00000,0.54167,0.06341,0.48400,0.02131,0.00203,0.00003,0.00000,0.00000,0.83437,0.02660
oracle_event_credit_labels,stress_08,0.88889,2,48,0.90972,0.03634,0.64583,0.05723,0.65625,0.05451,0.00000,0.00000,0.10069,0.03605,0.00000,0.00000,0.00000,0.00000,0.54514,0.06506,0.48336,0.02170,0.00200,0.00000,0.00000,0.00000,0.78093,0.04364
oracle_event_credit_labels,stress_08,0.88889,3,48,0.93403,0.03035,0.65972,0.05498,0.64931,0.05436,0.00000,0.00000,0.11458,0.03787,0.00000,0.00000,0.00000,0.00000,0.51042,0.05622,0.48468,0.02159,0.00203,0.00004,0.00000,0.00000,0.79919,0.03184
oracle_event_credit_labels,stress_08,0.88889,4,48,0.95139,0.02374,0.66319,0.05006,0.64236,0.05146,0.00000,0.00000,0.12847,0.04154,0.00000,0.00000,0.00000,0.00000,0.51736,0.05855,0.48539,0.02160,0.00203,0.00003,0.00000,0.00000,0.81061,0.02949
oracle_event_credit_labels,stress_08,0.88889,5,48,0.94097,0.02834,0.63542,0.04830,0.67014,0.05282,0.00000,0.00000,0.10069,0.03979,0.00694,0.00952,0.00694,0.00952,0.52431,0.04664,0.48373,0.02152,0.00204,0.00005,0.00000,0.00000,0.80018,0.03663
oracle_event_credit_labels,stress_08,0.88889,6,48,0.91319,0.03224,0.61806,0.05324,0.63194,0.05668,0.00000,0.00000,0.09028,0.03885,0.00000,0.00000,0.00000,0.00000,0.57639,0.04761,0.48398,0.02111,0.00201,0.00001,0.00000,0.00000,0.78868,0.03658
oracle_event_credit_labels,stress_08,0.88889,7,48,0.92708,0.03212,0.60069,0.05393,0.67361,0.04859,0.00000,0.00000,0.09375,0.03494,0.00347,0.00681,0.00000,0.00000,0.56250,0.06497,0.48460,0.02146,0.00200,0.00000,0.00000,0.00000,0.79719,0.03616
oracle_event_credit_labels,stress_08,0.88889,8,48,0.94792,0.03391,0.60417,0.06199,0.68403,0.05774,0.00000,0.00000,0.11806,0.03762,0.00347,0.00681,0.00000,0.00000,0.47222,0.05085,0.48508,0.02174,0.00203,0.00003,0.00000,0.00000,0.80774,0.03517
oracle_event_credit_labels,stress_08,0.88889,9,48,0.94097,0.03150,0.63542,0.04830,0.68403,0.05259,0.00000,0.00000,0.09375,0.03879,0.00000,0.00000,0.00347,0.00681,0.57292,0.05494,0.48502,0.02138,0.00204,0.00004,0.00000,0.00000,0.81268,0.03587
oracle_event_credit_labels,stress_09,1.00000,0,48,0.93056,0.03050,0.62847,0.05349,0.63889,0.05616,0.00000,0.00000,0.11458,0.03787,0.00000,0.00000,0.00000,0.00000,0.53472,0.06375,0.50457,0.02250,0.00313,0.00064,0.00000,0.00000,0.79245,0.03548
oracle_event_credit_labels,stress_09,1.00000,1,48,0.95486,0.02330,0.63542,0.05115,0.62847,0.05774,0.00000,0.00000,0.13194,0.04122,0.00000,0.00000,0.00000,0.00000,0.52083,0.05886,0.50546,0.02261,0.00328,0.00072,0.00000,0.00000,0.80931,0.02622
oracle_event_credit_labels,stress_09,1.00000,2,48,0.94097,0.02478,0.61458,0.05252,0.64236,0.05326,0.00000,0.00000,0.14931,0.04038,0.00000,0.00000,0.00000,0.00000,0.46528,0.05584,0.50594,0.02259,0.00326,0.00072,0.00000,0.00000,0.78805,0.02709
oracle_event_credit_labels,stress_09,1.00000,3,48,0.94792,0.02778,0.65625,0.05184,0.65278,0.05223,0.00000,0.00000,0.13194,0.04122,0.00694,0.00952,0.01042,0.01153,0.52083,0.05470,0.50494,0.02233,0.00331,0.00077,0.00000,0.00000,0.78835,0.03637
oracle_event_credit_labels,stress_09,1.00000,4,48,0.90972,0.03363,0.61806,0.05913,0.60417,0.06641,0.00000,0.00000,0.09722,0.03991,0.00000,0.00000,0.00000,0.00000,0.55903,0.05458,0.50428,0.02211,0.00320,0.00068,0.00000,0.00000,0.77895,0.03702
oracle_event_credit_labels,stress_09,1.00000,5,48,0.93056,0.03201,0.59028,0.05832,0.66319,0.05100,0.00694,0.00952,0.12153,0.03859,0.00347,0.00681,0.00000,0.00000,0.56944,0.06366,0.50490,0.02231,0.00310,0.00062,0.00000,0.00000,0.78233,0.03569
oracle_event_credit_labels,stress_09,1.00000,6,48,0.94792,0.03249,0.61458,0.04974,0.66667,0.05671,0.00000,0.00000,0.11458,0.04029,0.00347,0.00681,0.00347,0.00681,0.47222,0.05357,0.50521,0.02266,0.00339,0.00080,0.00000,0.00000,0.80371,0.03644
oracle_event_credit_labels,stress_09,1.00000,7,48,0.92708,0.03755,0.64236,0.05146,0.66667,0.05415,0.00000,0.00000,0.09722,0.04107,0.00000,0.00000,0.00347,0.00681,0.54514,0.05733,0.50498,0.02249,0.00330,0.00080,0.00000,0.00000,0.79404,0.04077
oracle_event_credit_labels,stress_09,1.00000,8,48,0.94792,0.02413,0.60417,0.05723,0.67361,0.06594,0.00694,0.00952,0.12500,0.04614,0.00000,0.00000,0.00694,0.00952,0.54861,0.05412,0.50429,0.02251,0.00332,0.00076,0.00000,0.00000,0.79783,0.03169
oracle_event_credit_labels,stress_09,1.00000,9,48,0.93750,0.02856,0.64583,0.05112,0.67361,0.04235,0.00000,0.00000,0.11111,0.03809,0.00347,0.00681,0.00694,0.00952,0.53125,0.06047,0.50428,0.02289,0.00315,0.00067,0.00000,0.00000,0.79277,0.03436
proposed_reward_free_temporal_credit_v4,stress_00,0.00000,0,48,0.76736,0.04321,0.60417,0.05470,0.64236,0.05835,0.00000,0.00000,0.12847,0.04376,0.00000,0.00000,0.05903,0.02478,0.45486,0.05393,0.44923,0.01182,0.00200,0.00000,0.15028,0.00338,0.59277,0.04388
proposed_reward_free_temporal_credit_v4,stress_00,0.00000,1,48,0.75000,0.05671,0.63542,0.05643,0.59028,0.05668,0.00694,0.00952,0.08681,0.03224,0.00347,0.00681,0.05208,0.02413,0.52778,0.05444,0.44741,0.01129,0.00200,0.00000,0.15069,0.00334,0.59035,0.05769
proposed_reward_free_temporal_credit_v4,stress_00,0.00000,2,48,0.79167,0.04814,0.61458,0.05161,0.65278,0.05313,0.00347,0.00681,0.12153,0.03472,0.00000,0.00000,0.06597,0.03333,0.51389,0.04648,0.44813,0.01150,0.00200,0.00000,0.15227,0.00309,0.61419,0.05906
proposed_reward_free_temporal_credit_v4,stress_00,0.00000,3,48,0.76042,0.04756,0.64236,0.05753,0.64236,0.05146,0.00694,0.00952,0.12500,0.04069,0.00347,0.00681,0.04514,0.02330,0.53472,0.06736,0.44821,0.01124,0.00200,0.00000,0.15120,0.00311,0.58890,0.05032
proposed_reward_free_temporal_credit_v4,stress_00,0.00000,4,48,0.72917,0.05723,0.62500,0.05192,0.63194,0.05913,0.00000,0.00000,0.11458,0.03660,0.00000,0.00000,0.03125,0.02099,0.53819,0.06015,0.44830,0.01134,0.00200,0.00000,0.15002,0.00326,0.57778,0.05917
proposed_reward_free_temporal_credit_v4,stress_00,0.00000,5,48,0.74306,0.04660,0.64931,0.05774,0.59028,0.05668,0.00000,0.00000,0.07639,0.03069,0.00347,0.00681,0.04514,0.02117,0.52431,0.05326,0.44953,0.01152,0.00200,0.00000,0.15170,0.00294,0.59508,0.04994
proposed_reward_free_temporal_credit_v4,stress_00,0.00000,6,48,0.77083,0.05470,0.59722,0.04847,0.70486,0.05169,0.00347,0.00681,0.15625,0.04998,0.00000,0.00000,0.03819,0.02226,0.50347,0.04714,0.44819,0.01166,0.00200,0.00000,0.14972,0.00328,0.59599,0.06403
proposed_reward_free_temporal_credit_v4,stress_00,0.00000,7,48,0.78819,0.04210,0.61111,0.05531,0.63194,0.05992,0.00347,0.00681,0.12847,0.04038,0.00694,0.00952,0.05208,0.02602,0.53472,0.04761,0.44955,0.01127,0.00200,0.00000,0.15081,0.00333,0.60855,0.05602
proposed_reward_free_temporal_credit_v4,stress_00,0.00000,8,48,0.74306,0.06071,0.66667,0.05502,0.63889,0.05444,0.00000,0.00000,0.12500,0.04069,0.00347,0.00681,0.04167,0.02281,0.49653,0.06265,0.44862,0.01181,0.00200,0.00000,0.15131,0.00317,0.57696,0.06363
proposed_reward_free_temporal_credit_v4,stress_00,0.00000,9,48,0.76389,0.04439,0.63194,0.05832,0.59722,0.04847,0.00694,0.00952,0.11458,0.03787,0.00347,0.00681,0.04861,0.02374,0.47222,0.05943,0.44979,0.01136,0.00200,0.00000,0.14835,0.00340,0.59435,0.05089
proposed_reward_free_temporal_credit_v4,stress_01,0.11111,0,48,0.80208,0.04830,0.61111,0.05357,0.62500,0.05795,0.00694,0.00952,0.13889,0.03416,0.00000,0.00000,0.06944,0.03201,0.50347,0.04714,0.46942,0.01271,0.00200,0.00000,0.15721,0.00323,0.61009,0.06192
proposed_reward_free_temporal_credit_v4,stress_01,0.11111,1,48,0.75000,0.05671,0.59375,0.05909,0.65625,0.05622,0.01042,0.01153,0.12847,0.03920,0.01042,0.01153,0.04861,0.03220,0.55556,0.06621,0.46985,0.01266,0.00200,0.00000,0.15671,0.00305,0.56211,0.05802
proposed_reward_free_temporal_credit_v4,stress_01,0.11111,2,48,0.73264,0.05304,0.59028,0.05668,0.64236,0.05146,0.01736,0.01456,0.12847,0.03539,0.00000,0.00000,0.03819,0.02226,0.55556,0.06100,0.46990,0.01260,0.00200,0.00000,0.15629,0.00350,0.55932,0.05535
proposed_reward_free_temporal_credit_v4,stress_01,0.11111,3,48,0.71875,0.05069,0.65625,0.05092,0.59722,0.05573,0.00347,0.00681,0.10417,0.03456,0.00347,0.00681,0.04167,0.02281,0.52083,0.05294,0.47061,0.01288,0.00200,0.00000,0.15641,0.00297,0.55622,0.05247
proposed_reward_free_temporal_credit_v4,stress_01,0.11111,4,48,0.75347,0.05586,0.60069,0.05815,0.67361,0.05050,0.00347,0.00681,0.15625,0.04805,0.00347,0.00681,0.03819,0.02003,0.48611,0.05573,0.46950,0.01286,0.00200,0.00000,0.15534,0.00334,0.57140,0.06054
proposed_reward_free_temporal_credit_v4,stress_01,0.11111,5,48,0.76042,0.04340,0.62153,0.05895,0.60069,0.05975,0.00694,0.00952,0.12153,0.03734,0.01042,0.01153,0.05556,0.02808,0.50694,0.05412,0.47082,0.01271,0.00200,0.00000,0.15644,0.00315,0.57265,0.05985
proposed_reward_free_temporal_credit_v4,stress_01,0.11111,6,48,0.74653,0.06451,0.62500,0.05372,0.61458,0.06086,0.00000,0.00000,0.12500,0.04183,0.00347,0.00681,0.04861,0.02566,0.51042,0.05537,0.47054,0.01316,0.00200,0.00000,0.15674,0.00320,0.57262,0.06770
proposed_reward_free_temporal_credit_v4,stress_01,0.11111,7,48,0.76736,0.04535,0.60069,0.06284,0.57986,0.05835,0.00694,0.00952,0.14931,0.04689,0.01389,0.01317,0.06597,0.02525,0.48958,0.05949,0.47104,0.01285,0.00200,0.00000,0.15470,0.00355,0.55761,0.05382
proposed_reward_free_temporal_credit_v4,stress_01,0.11111,8,48,0.73611,0.05131,0.58333,0.05054,0.59028,0.04660,0.00347,0.00681,0.15972,0.04235,0.00000,0.00000,0.04167,0.02480,0.51042,0.05451,0.46995,0.01299,0.00200,0.00000,0.15592,0.00327,0.55418,0.05424
proposed_reward_free_temporal_credit_v4,stress_01,0.11111,9,48,0.72569,0.05192,0.56597,0.05733,0.59722,0.05401,0.01389,0.01637,0.09375,0.03212,0.01042,0.01153,0.06597,0.03035,0.51736,0.05523,0.47044,0.01270,0.00200,0.00000,0.15719,0.00309,0.53986,0.06186
proposed_reward_free_temporal_credit_v4,stress_02,0.22222,0,48,0.71875,0.05252,0.58333,0.05996,0.61111,0.05616,0.02778,0.01776,0.14236,0.04238,0.00000,0.00000,0.04861,0.02566,0.52431,0.05995,0.49185,0.01381,0.00215,0.00010,0.16144,0.00329,0.52462,0.05585
proposed_reward_free_temporal_credit_v4,stress_02,0.22222,1,48,0.72222,0.05268,0.62153,0.04739,0.58333,0.05671,0.01042,0.01153,0.12153,0.03605,0.00347,0.00681,0.04514,0.02525,0.51389,0.05822,0.49215,0.01416,0.00225,0.00017,0.16130,0.00286,0.54345,0.05471
proposed_reward_free_temporal_credit_v4,stress_02,0.22222,2,48,0.75347,0.05915,0.60417,0.05723,0.63194,0.05584,0.00694,0.00952,0.17014,0.04911,0.00347,0.00681,0.04514,0.02117,0.49653,0.04911,0.49175,0.01411,0.00216,0.00011,0.16057,0.00317,0.55602,0.06105
proposed_reward_free_temporal_credit_v4,stress_02,0.22222,3,48,0.78819,0.04321,0.60069,0.05815,0.57292,0.05138,0.01389,0.01317,0.12847,0.03920,0.01042,0.01153,0.05903,0.02478,0.48611,0.05822,0.49161,0.01419,0.00224,0.00018,0.16166,0.00313,0.58868,0.05494
proposed_reward_free_temporal_credit_v4,stress_02,0.22222,4,48,0.74306,0.06148,0.62153,0.04935,0.57986,0.06227,0.00000,0.00000,0.14583,0.03966,0.00694,0.00952,0.04514,0.02706,0.48958,0.05787,0.49268,0.01438,0.00215,0.00011,0.16209,0.00308,0.55518,0.06324
proposed_reward_free_temporal_credit_v4,stress_02,0.22222,5,48,0.77431,0.05458,0.57986,0.05586,0.54861,0.05832,0.01042,0.01153,0.16667,0.04765,0.01736,0.01751,0.06944,0.02543,0.46528,0.05992,0.49248,0.01410,0.00222,0.00017,0.16050,0.00361,0.54618,0.06144
proposed_reward_free_temporal_credit_v4,stress_02,0.22222,6,48,0.72222,0.04698,0.60417,0.05886,0.55903,0.05100,0.00694,0.00952,0.18403,0.04982,0.00000,0.00000,0.04167,0.02281,0.49653,0.05712,0.49114,0.01409,0.00223,0.00015,0.16096,0.00319,0.52500,0.05406
proposed_reward_free_temporal_credit_v4,stress_02,0.22222,7,48,0.73611,0.04648,0.53819,0.06685,0.57639,0.04761,0.02083,0.01852,0.09722,0.03201,0.01042,0.01153,0.06250,0.03720,0.49653,0.05629,0.49238,0.01417,0.00218,0.00015,0.16188,0.00313,0.54411,0.06050
proposed_reward_free_temporal_credit_v4,stress_02,0.22222,8,48,0.76042,0.05664,0.58333,0.05754,0.65972,0.05498,0.00000,0.00000,0.16667,0.04665,0.00000,0.00000,0.03472,0.02166,0.52083,0.05383,0.49204,0.01391,0.00225,0.00015,0.15983,0.00319,0.57798,0.06039
proposed_reward_free_temporal_credit_v4,stress_02,0.22222,9,48,0.74653,0.05671,0.55903,0.05875,0.63542,0.05726,0.00694,0.00952,0.13542,0.03970,0.00347,0.00681,0.04167,0.02480,0.48611,0.05038,0.49153,0.01390,0.00219,0.00012,0.16009,0.00300,0.56585,0.06292
proposed_reward_free_temporal_credit_v4,stress_03,0.33333,0,48,0.75000,0.05415,0.59028,0.05234,0.59375,0.06221,0.01389,0.01317,0.17708,0.04285,0.00347,0.00681,0.04514,0.02117,0.49306,0.05324,0.51354,0.01530,0.00532,0.00136,0.16467,0.00313,0.54256,0.05729
proposed_reward_free_temporal_credit_v4,stress_03,0.33333,1,48,0.77431,0.03950,0.56944,0.05740,0.54167,0.05283,0.02431,0.01682,0.15972,0.03501,0.00694,0.00952,0.06597,0.02525,0.46528,0.05832,0.51334,0.01560,0.00567,0.00148,0.16632,0.00323,0.55243,0.04990
proposed_reward_free_temporal_credit_v4,stress_03,0.33333,2,48,0.72569,0.06703,0.62847,0.05169,0.57292,0.06371,0.01389,0.01317,0.16319,0.04294,0.00694,0.00952,0.05208,0.03249,0.49306,0.05584,0.51440,0.01569,0.00537,0.00132,0.16687,0.00295,0.51582,0.07038
proposed_reward_free_temporal_credit_v4,stress_03,0.33333,3,48,0.76389,0.05488,0.55903,0.05282,0.53472,0.06225,0.01736,0.01751,0.16667,0.04240,0.02778,0.02025,0.06597,0.02875,0.42708,0.06371,0.51365,0.01530,0.00556,0.00146,0.16555,0.00359,0.51947,0.06393
proposed_reward_free_temporal_credit_v4,stress_03,0.33333,4,48,0.71875,0.04878,0.56250,0.06045,0.53819,0.05436,0.00694,0.00952,0.18403,0.04982,0.00000,0.00000,0.04861,0.02911,0.48958,0.06554,0.51224,0.01512,0.00560,0.00148,0.16623,0.00307,0.51358,0.05806
proposed_reward_free_temporal_credit_v4,stress_03,0.33333,5,48,0.74306,0.04558,0.52778,0.06476,0.57292,0.04340,0.04167,0.02480,0.11111,0.03682,0.01042,0.01153,0.06250,0.03590,0.49653,0.05371,0.51335,0.01535,0.00554,0.00145,0.16709,0.00325,0.53160,0.06154
proposed_reward_free_temporal_credit_v4,stress_03,0.33333,6,48,0.79514,0.06015,0.59028,0.05832,0.63194,0.05668,0.00347,0.00681,0.18403,0.05259,0.00694,0.00952,0.05208,0.02602,0.51042,0.05622,0.51315,0.01532,0.00569,0.00146,0.16452,0.00303,0.58169,0.07163
proposed_reward_free_temporal_credit_v4,stress_03,0.33333,7,48,0.75347,0.05053,0.55556,0.05531,0.62153,0.06433,0.01736,0.01751,0.13542,0.04201,0.00347,0.00681,0.04514,0.02525,0.45833,0.05283,0.51308,0.01515,0.00540,0.00138,0.16479,0.00286,0.56193,0.05352
proposed_reward_free_temporal_credit_v4,stress_03,0.33333,8,48,0.73958,0.05138,0.53125,0.06047,0.57292,0.05828,0.01042,0.01153,0.16667,0.04863,0.00694,0.00952,0.04514,0.02330,0.46875,0.06500,0.51403,0.01553,0.00525,0.00130,0.16584,0.00295,0.53429,0.05989
proposed_reward_free_temporal_credit_v4,stress_03,0.33333,9,48,0.72222,0.05863,0.60069,0.05123,0.60069,0.05123,0.01042,0.01153,0.12500,0.03152,0.00694,0.00952,0.07986,0.03074,0.50000,0.05671,0.51253,0.01493,0.00532,0.00140,0.16585,0.00300,0.51314,0.06850
proposed_reward_free_temporal_credit_v4,stress_04,0.44444,0,48,0.72917,0.06045,0.59375,0.05319,0.54514,0.06054,0.02083,0.01576,0.15972,0.03885,0.01736,0.01456,0.05556,0.03274,0.48958,0.05451,0.53613,0.01676,0.01185,0.00273,0.17185,0.00325,0.49981,0.06558
proposed_reward_free_temporal_credit_v4,stress_04,0.44444,1,48,0.74653,0.05326,0.55208,0.05161,0.52431,0.05501,0.02083,0.02092,0.21528,0.04761,0.02083,0.01576,0.06597,0.02875,0.41319,0.05915,0.53549,0.01665,0.01206,0.00283,0.17091,0.00354,0.48365,0.06441
proposed_reward_free_temporal_credit_v4,stress_04,0.44444,2,48,0.73264,0.05393,0.52778,0.06253,0.52431,0.04862,0.01736,0.01456,0.19097,0.05053,0.00347,0.00681,0.04514,0.02706,0.46528,0.06225,0.53406,0.01649,0.01212,0.00283,0.17020,0.00290,0.51387,0.06103
proposed_reward_free_temporal_credit_v4,stress_04,0.44444,3,48,0.76389,0.04107,0.55208,0.06240,0.59375,0.04116,0.05556,0.02634,0.13889,0.03931,0.01736,0.01456,0.06944,0.03484,0.46528,0.05832,0.53522,0.01664,0.01216,0.00283,0.17058,0.00310,0.51813,0.05435
proposed_reward_free_temporal_credit_v4,stress_04,0.44444,4,48,0.77778,0.05357,0.57292,0.06144,0.58681,0.05586,0.01389,0.01317,0.20139,0.05143,0.00694,0.00952,0.05556,0.02634,0.54167,0.05283,0.53401,0.01687,0.01229,0.00285,0.16875,0.00327,0.54602,0.06759
proposed_reward_free_temporal_credit_v4,stress_04,0.44444,5,48,0.77778,0.05085,0.54514,0.05393,0.60069,0.06131,0.02778,0.02246,0.14583,0.04523,0.00347,0.00681,0.05903,0.02996,0.46875,0.05115,0.53471,0.01640,0.01182,0.00276,0.16954,0.00301,0.56428,0.05550
proposed_reward_free_temporal_credit_v4,stress_04,0.44444,6,48,0.75347,0.04764,0.52431,0.05995,0.55208,0.04974,0.01736,0.01456,0.17014,0.04068,0.00347,0.00681,0.05903,0.02662,0.45486,0.05975,0.53518,0.01682,0.01192,0.00273,0.16989,0.00297,0.53468,0.05332
proposed_reward_free_temporal_credit_v4,stress_04,0.44444,7,48,0.76042,0.05319,0.57292,0.04756,0.58333,0.05054,0.01389,0.01317,0.14583,0.03966,0.01042,0.01153,0.08681,0.03638,0.47917,0.05640,0.53454,0.01627,0.01199,0.00278,0.17023,0.00316,0.52874,0.06246
proposed_reward_free_temporal_credit_v4,stress_04,0.44444,8,48,0.71181,0.05304,0.54861,0.05234,0.54167,0.05101,0.01389,0.01637,0.20833,0.05101,0.01389,0.01317,0.07292,0.03212,0.42361,0.05751,0.53374,0.01630,0.01206,0.00283,0.17157,0.00308,0.45879,0.06295
proposed_reward_free_temporal_credit_v4,stress_04,0.44444,9,48,0.73611,0.05223,0.52083,0.06570,0.65278,0.06139,0.00694,0.00952,0.19444,0.04596,0.01042,0.01153,0.07639,0.02744,0.47569,0.06227,0.53513,0.01679,0.01218,0.00280,0.17044,0.00292,0.49370,0.05909
proposed_reward_free_temporal_credit_v4,stress_05,0.55556,0,48,0.74306,0.05412,0.51042,0.06334,0.49306,0.05751,0.02778,0.02025,0.19444,0.04798,0.01042,0.01153,0.05556,0.02808,0.48264,0.05855,0.55661,0.01783,0.02101,0.00390,0.17455,0.00315,0.49941,0.05966
proposed_reward_free_temporal_credit_v4,stress_05,0.55556,1,48,0.74653,0.04664,0.53125,0.05726,0.56597,0.05030,0.05208,0.02778,0.17708,0.04604,0.02083,0.01576,0.07986,0.03368,0.48264,0.05349,0.55670,0.01801,0.02112,0.00388,0.17475,0.00346,0.47196,0.05863
proposed_reward_free_temporal_credit_v4,stress_05,0.55556,2,48,0.75694,0.04859,0.53819,0.06469,0.58333,0.05327,0.02431,0.01682,0.22917,0.05640,0.00694,0.00952,0.06944,0.03050,0.51736,0.05436,0.55595,0.01815,0.02134,0.00386,0.17445,0.00357,0.49567,0.06705
proposed_reward_free_temporal_credit_v4,stress_05,0.55556,3,48,0.79514,0.04886,0.51736,0.04982,0.61111,0.06328,0.03472,0.02374,0.16319,0.05006,0.00347,0.00681,0.05556,0.02634,0.42014,0.05753,0.55636,0.01789,0.02108,0.00376,0.17382,0.00330,0.56896,0.04941
proposed_reward_free_temporal_credit_v4,stress_05,0.55556,4,48,0.74306,0.04122,0.49306,0.05751,0.52431,0.05146,0.02431,0.01682,0.19444,0.04492,0.00694,0.00952,0.06944,0.03201,0.45486,0.06578,0.55664,0.01803,0.02120,0.00374,0.17457,0.00341,0.49627,0.05149
proposed_reward_free_temporal_credit_v4,stress_05,0.55556,5,48,0.73958,0.05579,0.54167,0.05630,0.59028,0.05832,0.01736,0.01456,0.16667,0.04350,0.02083,0.01852,0.08333,0.03076,0.46181,0.04587,0.55611,0.01756,0.02121,0.00384,0.17448,0.00348,0.48399,0.05974
proposed_reward_free_temporal_credit_v4,stress_05,0.55556,6,48,0.75000,0.04562,0.52083,0.06199,0.53819,0.05259,0.02778,0.02025,0.20833,0.05459,0.01042,0.01153,0.08333,0.03076,0.42361,0.05498,0.55509,0.01772,0.02100,0.00389,0.17550,0.00358,0.48355,0.05233
proposed_reward_free_temporal_credit_v4,stress_05,0.55556,7,48,0.70486,0.04789,0.50000,0.06228,0.59028,0.06300,0.03125,0.01860,0.19792,0.03849,0.01389,0.01317,0.08681,0.03368,0.47222,0.05357,0.55723,0.01791,0.02110,0.00380,0.17462,0.00344,0.43479,0.05638
proposed_reward_free_temporal_credit_v4,stress_05,0.55556,8,48,0.77778,0.04277,0.51042,0.04998,0.52431,0.05501,0.02431,0.01682,0.19097,0.04456,0.01389,0.01317,0.07639,0.03363,0.45833,0.06415,0.55596,0.01799,0.02116,0.00377,0.17393,0.00377,0.52062,0.05543
proposed_reward_free_temporal_credit_v4,stress_05,0.55556,9,48,0.75694,0.04660,0.55903,0.04911,0.49653,0.06189,0.02083,0.01576,0.17361,0.05050,0.01389,0.01317,0.05208,0.02413,0.45486,0.05123,0.55549,0.01803,0.02114,0.00392,0.17509,0.00365,0.52389,0.05532
proposed_reward_free_temporal_credit_v4,stress_06,0.66667,0,48,0.76389,0.03870,0.53472,0.06148,0.57639,0.05751,0.03472,0.02166,0.22917,0.05294,0.01042,0.01153,0.06250,0.03018,0.50000,0.05415,0.57748,0.01941,0.03246,0.00422,0.17919,0.00425,0.49377,0.05724
proposed_reward_free_temporal_credit_v4,stress_06,0.66667,1,48,0.77431,0.04403,0.49653,0.05712,0.62153,0.06208,0.03819,0.02617,0.19444,0.05863,0.01389,0.01317,0.06944,0.03050,0.42014,0.05753,0.57814,0.01942,0.03251,0.00414,0.17843,0.00374,0.50887,0.04960
proposed_reward_free_temporal_credit_v4,stress_06,0.66667,2,48,0.76389,0.03991,0.49653,0.06560,0.52083,0.04924,0.02431,0.01682,0.21528,0.04761,0.00694,0.00952,0.09375,0.03627,0.46181,0.06614,0.57782,0.01933,0.03228,0.00414,0.17946,0.00392,0.48901,0.04959
proposed_reward_free_temporal_credit_v4,stress_06,0.66667,3,48,0.73958,0.04655,0.49306,0.05832,0.58333,0.06378,0.02778,0.01776,0.21181,0.05123,0.03125,0.02313,0.08681,0.02749,0.45486,0.04838,0.57768,0.01914,0.03232,0.00422,0.17892,0.00392,0.44208,0.05722
proposed_reward_free_temporal_credit_v4,stress_06,0.66667,4,48,0.75000,0.04959,0.51736,0.06093,0.51042,0.05363,0.04167,0.02480,0.25000,0.06228,0.01042,0.01153,0.09028,0.03220,0.41667,0.05415,0.57717,0.01906,0.03221,0.00434,0.17989,0.00392,0.45065,0.05646
proposed_reward_free_temporal_credit_v4,stress_06,0.66667,5,48,0.70833,0.05283,0.50000,0.06074,0.55903,0.06414,0.04167,0.02063,0.20486,0.04483,0.02778,0.01776,0.08681,0.03074,0.43750,0.06199,0.57898,0.01918,0.03215,0.00420,0.17958,0.00392,0.41071,0.05750
proposed_reward_free_temporal_credit_v4,stress_06,0.66667,6,48,0.77083,0.04417,0.49306,0.05498,0.54167,0.05101,0.03125,0.02099,0.16319,0.04813,0.02431,0.01682,0.07639,0.03069,0.43403,0.06359,0.57792,0.01932,0.03234,0.00414,0.17857,0.00403,0.50614,0.05687
proposed_reward_free_temporal_credit_v4,stress_06,0.66667,7,48,0.77778,0.05085,0.51042,0.04805,0.50000,0.06228,0.02778,0.02025,0.18750,0.04728,0.02431,0.01682,0.06250,0.02686,0.43750,0.05556,0.57738,0.01912,0.03225,0.00430,0.17962,0.00409,0.51325,0.06267
proposed_reward_free_temporal_credit_v4,stress_06,0.66667,8,48,0.77431,0.04911,0.51736,0.06015,0.52778,0.05444,0.04167,0.02281,0.14931,0.03797,0.01389,0.01637,0.05556,0.02634,0.40972,0.05143,0.57844,0.01917,0.03217,0.00419,0.17987,0.00360,0.53475,0.05737
proposed_reward_free_temporal_credit_v4,stress_06,0.66667,9,48,0.75000,0.06074,0.51736,0.05259,0.57986,0.05053,0.03472,0.02566,0.19444,0.04798,0.01389,0.01317,0.06597,0.03035,0.48264,0.05855,0.57618,0.01917,0.03239,0.00413,0.17820,0.00414,0.48871,0.06519
proposed_reward_free_temporal_credit_v4,stress_07,0.77778,0,48,0.76042,0.04854,0.49653,0.05955,0.52431,0.04664,0.02778,0.02025,0.23611,0.04847,0.01042,0.01153,0.09722,0.03201,0.44792,0.07289,0.59930,0.02037,0.04362,0.00441,0.18375,0.00448,0.46480,0.05521
proposed_reward_free_temporal_credit_v4,stress_07,0.77778,1,48,0.71875,0.04878,0.48264,0.06469,0.55208,0.05684,0.03125,0.01860,0.21181,0.05480,0.02778,0.02025,0.08681,0.02916,0.45486,0.04838,0.60013,0.02069,0.04376,0.00452,0.18277,0.00446,0.41889,0.05728
proposed_reward_free_temporal_credit_v4,stress_07,0.77778,2,48,0.72569,0.05006,0.50000,0.06452,0.51736,0.05774,0.05903,0.03150,0.25694,0.05832,0.02431,0.01682,0.09722,0.03346,0.38194,0.05584,0.59921,0.02058,0.04366,0.00461,0.18397,0.00443,0.39106,0.06238
proposed_reward_free_temporal_credit_v4,stress_07,0.77778,3,48,0.70833,0.04814,0.50000,0.06228,0.53472,0.05992,0.04514,0.02117,0.21528,0.05324,0.03472,0.01935,0.10069,0.03187,0.42014,0.05995,0.60110,0.02038,0.04339,0.00449,0.18406,0.00452,0.38398,0.06134
proposed_reward_free_temporal_credit_v4,stress_07,0.77778,4,48,0.76736,0.04838,0.47569,0.05753,0.51736,0.04886,0.02083,0.01576,0.19444,0.04386,0.01736,0.01456,0.09028,0.03501,0.42014,0.06303,0.59965,0.02078,0.04362,0.00442,0.18311,0.00451,0.48919,0.06082
proposed_reward_free_temporal_credit_v4,stress_07,0.77778,5,48,0.77431,0.05192,0.48958,0.05363,0.47222,0.06022,0.02778,0.01776,0.19097,0.04862,0.02778,0.01776,0.06597,0.02706,0.45833,0.05713,0.59928,0.02028,0.04374,0.00455,0.18366,0.00461,0.49792,0.06069
proposed_reward_free_temporal_credit_v4,stress_07,0.77778,6,48,0.76389,0.04648,0.50000,0.04765,0.50000,0.05327,0.05556,0.02808,0.17708,0.03692,0.01389,0.01637,0.06250,0.03018,0.39931,0.05480,0.59960,0.02064,0.04368,0.00451,0.18407,0.00418,0.49739,0.05853
proposed_reward_free_temporal_credit_v4,stress_07,0.77778,7,48,0.73264,0.06359,0.50000,0.05502,0.58681,0.05753,0.04167,0.02480,0.20833,0.05007,0.01736,0.01456,0.08681,0.03224,0.47569,0.05237,0.59873,0.02049,0.04386,0.00443,0.18300,0.00474,0.44092,0.06578
proposed_reward_free_temporal_credit_v4,stress_07,0.77778,8,48,0.75347,0.05237,0.50347,0.05794,0.48611,0.05401,0.03819,0.02226,0.20139,0.05234,0.01389,0.01317,0.07986,0.03224,0.42708,0.05494,0.59888,0.02044,0.04371,0.00457,0.18384,0.00484,0.47445,0.06107
proposed_reward_free_temporal_credit_v4,stress_07,0.77778,9,48,0.72569,0.04813,0.47917,0.06045,0.46875,0.05808,0.02083,0.01576,0.21181,0.04739,0.01389,0.01317,0.05556,0.02448,0.44097,0.05794,0.59987,0.01998,0.04363,0.00462,0.18406,0.00463,0.46554,0.05614
proposed_reward_free_temporal_credit_v4,stress_08,0.88889,0,48,0.73264,0.05030,0.45486,0.06208,0.49653,0.05794,0.06597,0.02525,0.25000,0.04765,0.02778,0.01776,0.07986,0.03074,0.36458,0.05207,0.62043,0.02168,0.05516,0.00487,0.18723,0.00512,0.40022,0.05564
proposed_reward_free_temporal_credit_v4,stress_08,0.88889,1,48,0.70833,0.05007,0.50347,0.05458,0.51389,0.05657,0.04861,0.02374,0.24306,0.05412,0.02431,0.01682,0.09028,0.02744,0.42361,0.06225,0.62216,0.02172,0.05467,0.00474,0.18723,0.00510,0.38429,0.06156
proposed_reward_free_temporal_credit_v4,stress_08,0.88889,2,48,0.77083,0.04728,0.45139,0.05668,0.50000,0.05327,0.02083,0.01576,0.24306,0.03634,0.01736,0.01456,0.10417,0.04309,0.42361,0.05668,0.62151,0.02213,0.05506,0.00471,0.18833,0.00505,0.45922,0.06066
proposed_reward_free_temporal_credit_v4,stress_08,0.88889,3,48,0.75000,0.05147,0.47222,0.05268,0.47222,0.06100,0.04167,0.02281,0.22222,0.04991,0.02083,0.01576,0.06944,0.03050,0.43403,0.05895,0.62038,0.02147,0.05519,0.00476,0.18785,0.00496,0.45502,0.06455
proposed_reward_free_temporal_credit_v4,stress_08,0.88889,4,48,0.80208,0.03724,0.47569,0.05501,0.48611,0.04648,0.05556,0.02808,0.17014,0.04403,0.01389,0.01317,0.07639,0.03501,0.37500,0.05713,0.62096,0.02215,0.05509,0.00476,0.18872,0.00488,0.52556,0.05470
proposed_reward_free_temporal_credit_v4,stress_08,0.88889,5,48,0.68750,0.06497,0.48958,0.05705,0.59028,0.05143,0.04167,0.02281,0.21181,0.04535,0.01736,0.01456,0.08681,0.03074,0.44792,0.05341,0.62060,0.02183,0.05522,0.00470,0.18702,0.00533,0.38991,0.06411
proposed_reward_free_temporal_credit_v4,stress_08,0.88889,6,48,0.73958,0.04655,0.49306,0.05234,0.48958,0.06106,0.04861,0.02744,0.23264,0.06131,0.02431,0.01943,0.07986,0.02916,0.40278,0.04748,0.62083,0.02177,0.05504,0.00480,0.18813,0.00536,0.42656,0.05620
proposed_reward_free_temporal_credit_v4,stress_08,0.88889,7,48,0.73611,0.04332,0.46875,0.06352,0.48958,0.06028,0.03125,0.02099,0.26042,0.05579,0.01736,0.01456,0.05903,0.02996,0.42014,0.05995,0.62114,0.02123,0.05502,0.00483,0.18767,0.00515,0.44026,0.05941
proposed_reward_free_temporal_credit_v4,stress_08,0.88889,8,48,0.74653,0.04561,0.47917,0.06497,0.54861,0.05913,0.03819,0.02003,0.23958,0.06221,0.02778,0.01776,0.09028,0.03069,0.38542,0.05601,0.62138,0.02168,0.05542,0.00472,0.19026,0.00521,0.42519,0.06059
proposed_reward_free_temporal_credit_v4,stress_08,0.88889,9,48,0.74306,0.05498,0.50000,0.06452,0.49306,0.05832,0.04167,0.02063,0.19792,0.04630,0.03472,0.02374,0.07986,0.02380,0.46875,0.05385,0.62199,0.02153,0.05500,0.00470,0.18801,0.00538,0.43630,0.06198
proposed_reward_free_temporal_credit_v4,stress_09,1.00000,0,48,0.75694,0.05412,0.45139,0.05913,0.48611,0.05573,0.03125,0.02099,0.23611,0.04332,0.02083,0.01576,0.09375,0.04340,0.40278,0.05903,0.64279,0.02309,0.06613,0.00483,0.19212,0.00561,0.44160,0.06577
proposed_reward_free_temporal_credit_v4,stress_09,1.00000,1,48,0.75694,0.05050,0.47569,0.05835,0.47222,0.05863,0.04861,0.02374,0.22569,0.05282,0.02431,0.02380,0.06944,0.03050,0.42708,0.06067,0.64191,0.02235,0.06613,0.00483,0.19192,0.00553,0.44903,0.07326
proposed_reward_free_temporal_credit_v4,stress_09,1.00000,2,48,0.77778,0.04386,0.44444,0.06022,0.46875,0.05643,0.06944,0.03050,0.18403,0.04154,0.01389,0.01317,0.07986,0.03224,0.38542,0.05767,0.64213,0.02315,0.06604,0.00482,0.19249,0.00539,0.48234,0.05961
proposed_reward_free_temporal_credit_v4,stress_09,1.00000,3,48,0.70486,0.06396,0.50694,0.06449,0.55208,0.05684,0.04167,0.02281,0.20139,0.04122,0.01736,0.01456,0.09375,0.03356,0.42708,0.05828,0.64169,0.02282,0.06622,0.00485,0.19129,0.00566,0.40309,0.06046
proposed_reward_free_temporal_credit_v4,stress_09,1.00000,4,48,0.75000,0.04765,0.48958,0.06106,0.47569,0.05835,0.05208,0.02943,0.24653,0.05753,0.03125,0.02099,0.10069,0.03734,0.34722,0.04847,0.64152,0.02273,0.06594,0.00487,0.19137,0.00578,0.40473,0.05709
proposed_reward_free_temporal_credit_v4,stress_09,1.00000,5,48,0.76042,0.04447,0.46181,0.05608,0.50347,0.05875,0.04167,0.02480,0.28125,0.05767,0.02778,0.01776,0.06597,0.03187,0.38194,0.06071,0.64163,0.02211,0.06573,0.00492,0.19107,0.00568,0.43091,0.05873
proposed_reward_free_temporal_credit_v4,stress_09,1.00000,6,48,0.75347,0.04561,0.48264,0.05855,0.51042,0.06106,0.04514,0.02117,0.21528,0.05498,0.03472,0.02166,0.11111,0.03682,0.38542,0.05601,0.64261,0.02265,0.06646,0.00483,0.19378,0.00561,0.41417,0.06075
proposed_reward_free_temporal_credit_v4,stress_09,1.00000,7,48,0.73611,0.05401,0.47917,0.06424,0.44444,0.05699,0.04514,0.02330,0.22917,0.04728,0.03125,0.01860,0.07639,0.03069,0.43750,0.06123,0.64280,0.02271,0.06585,0.00485,0.19144,0.00561,0.41634,0.05814
proposed_reward_free_temporal_credit_v4,stress_09,1.00000,8,48,0.78125,0.04367,0.48611,0.05740,0.47569,0.05671,0.03819,0.02430,0.22917,0.05112,0.02778,0.01776,0.09375,0.04552,0.44097,0.04403,0.64133,0.02248,0.06610,0.00479,0.19053,0.00514,0.45809,0.05888
proposed_reward_free_temporal_credit_v4,stress_09,1.00000,9,48,0.74306,0.05143,0.53125,0.05385,0.51042,0.06905,0.05556,0.03127,0.21181,0.04321,0.03819,0.02003,0.06597,0.03035,0.44792,0.05429,0.64182,0.02263,0.06609,0.00484,0.19080,0.00559,0.42454,0.06464
pseudo_reward_td_relabeling,stress_00,0.00000,0,48,0.66319,0.05282,0.47222,0.06022,0.52778,0.05699,0.03472,0.01935,0.19792,0.04312,0.01042,0.01153,0.09722,0.03201,0.34028,0.04761,0.56392,0.01131,0.01033,0.00222,0.22997,0.00577,0.38561,0.06034
pseudo_reward_td_relabeling,stress_00,0.00000,1,48,0.64236,0.05053,0.46875,0.05969,0.46528,0.05412,0.05556,0.02634,0.23611,0.05903,0.03819,0.02226,0.11458,0.03528,0.35417,0.06045,0.56437,0.01130,0.01047,0.00215,0.22996,0.00575,0.29733,0.05935
pseudo_reward_td_relabeling,stress_00,0.00000,2,48,0.69444,0.06177,0.47569,0.05671,0.52083,0.05723,0.07986,0.02749,0.21875,0.04974,0.02431,0.01943,0.10069,0.03472,0.42708,0.04951,0.56500,0.01144,0.01038,0.00219,0.22942,0.00583,0.36884,0.06940
pseudo_reward_td_relabeling,stress_00,0.00000,3,48,0.62153,0.04935,0.48264,0.05259,0.55556,0.05782,0.05208,0.02413,0.20833,0.05007,0.01389,0.01637,0.14583,0.04626,0.37500,0.05630,0.56420,0.01127,0.01043,0.00218,0.22977,0.00557,0.29723,0.06622
pseudo_reward_td_relabeling,stress_00,0.00000,4,48,0.66667,0.04863,0.49306,0.05584,0.51736,0.05691,0.04861,0.02374,0.17361,0.04345,0.03472,0.01935,0.12500,0.03152,0.39236,0.06189,0.56505,0.01208,0.01033,0.00212,0.22870,0.00556,0.34849,0.05469
pseudo_reward_td_relabeling,stress_00,0.00000,5,48,0.64236,0.06073,0.43750,0.06045,0.51042,0.06481,0.05903,0.02662,0.21875,0.04878,0.02431,0.01682,0.11111,0.02971,0.38542,0.05515,0.56539,0.01141,0.01045,0.00219,0.22877,0.00588,0.32023,0.06849
pseudo_reward_td_relabeling,stress_00,0.00000,6,48,0.64236,0.05501,0.50694,0.05050,0.46875,0.05297,0.03819,0.02226,0.20833,0.05007,0.02778,0.01776,0.10069,0.03605,0.37153,0.06093,0.56361,0.01138,0.01051,0.00216,0.22926,0.00583,0.33752,0.06348
pseudo_reward_td_relabeling,stress_00,0.00000,7,48,0.65625,0.06183,0.46875,0.05022,0.46875,0.05115,0.05208,0.02209,0.21528,0.05050,0.01736,0.01456,0.11458,0.03100,0.42014,0.05995,0.56430,0.01156,0.01039,0.00215,0.23030,0.00558,0.34457,0.06756
pseudo_reward_td_relabeling,stress_00,0.00000,8,48,0.69097,0.06303,0.50694,0.04558,0.53125,0.06426,0.04167,0.02480,0.22569,0.04813,0.04861,0.02374,0.11806,0.04005,0.41319,0.05835,0.56485,0.01173,0.01037,0.00212,0.22921,0.00558,0.34331,0.08211
pseudo_reward_td_relabeling,stress_00,0.00000,9,48,0.62153,0.05393,0.40972,0.06300,0.53472,0.05832,0.04861,0.02911,0.18750,0.04626,0.02431,0.01682,0.07639,0.04005,0.38194,0.06375,0.56421,0.01142,0.01067,0.00222,0.22884,0.00576,0.33922,0.05997
pseudo_reward_td_relabeling,stress_01,0.11111,0,48,0.69792,0.06047,0.45139,0.05992,0.50000,0.05327,0.09028,0.03069,0.22569,0.05100,0.02083,0.01576,0.09722,0.03346,0.40625,0.05746,0.58708,0.01267,0.02065,0.00282,0.24028,0.00604,0.36601,0.06740
pseudo_reward_td_relabeling,stress_01,0.11111,1,48,0.64931,0.05436,0.47917,0.05470,0.54861,0.06148,0.05903,0.02662,0.22222,0.05782,0.02431,0.01943,0.15625,0.04500,0.38542,0.05252,0.58581,0.01253,0.02059,0.00293,0.24015,0.00577,0.29365,0.07193
pseudo_reward_td_relabeling,stress_01,0.11111,2,48,0.65972,0.04558,0.49653,0.06340,0.48958,0.06028,0.07986,0.02749,0.20486,0.04038,0.03819,0.02226,0.13542,0.03321,0.41667,0.06378,0.58640,0.01334,0.02064,0.00281,0.24032,0.00599,0.29890,0.04884
pseudo_reward_td_relabeling,stress_01,0.11111,3,48,0.62153,0.05815,0.44097,0.06112,0.48264,0.05523,0.06597,0.02706,0.22569,0.04068,0.02431,0.01943,0.12500,0.03152,0.38889,0.05444,0.58752,0.01277,0.02056,0.00289,0.23948,0.00589,0.28019,0.05944
pseudo_reward_td_relabeling,stress_01,0.11111,4,48,0.66667,0.05147,0.51389,0.05223,0.47222,0.05863,0.04167,0.02281,0.20833,0.04404,0.03125,0.01860,0.12153,0.03472,0.37500,0.05630,0.58639,0.01262,0.02074,0.00283,0.24097,0.00598,0.33896,0.05717
pseudo_reward_td_relabeling,stress_01,0.11111,5,48,0.64583,0.06045,0.48264,0.05169,0.44792,0.05252,0.05556,0.02448,0.23958,0.05746,0.01736,0.01456,0.11458,0.03100,0.40278,0.05740,0.58678,0.01268,0.02060,0.00283,0.24113,0.00588,0.31787,0.07023
pseudo_reward_td_relabeling,stress_01,0.11111,6,48,0.67361,0.06449,0.49653,0.05629,0.52431,0.06451,0.04167,0.02281,0.21528,0.03762,0.05903,0.02478,0.11806,0.03762,0.40972,0.05668,0.58632,0.01304,0.02053,0.00278,0.24025,0.00592,0.31462,0.08181
pseudo_reward_td_relabeling,stress_01,0.11111,7,48,0.59375,0.05494,0.41319,0.06596,0.53472,0.05832,0.03819,0.02226,0.20139,0.04660,0.02778,0.01776,0.08333,0.03891,0.36111,0.05863,0.58633,0.01262,0.02084,0.00290,0.24127,0.00616,0.29813,0.06267
pseudo_reward_td_relabeling,stress_01,0.11111,8,48,0.69097,0.05146,0.44444,0.06403,0.43750,0.04924,0.06250,0.02686,0.20139,0.04122,0.04861,0.03069,0.11111,0.04049,0.40625,0.06371,0.58669,0.01284,0.02066,0.00282,0.24124,0.00616,0.34351,0.06511
pseudo_reward_td_relabeling,stress_01,0.11111,9,48,0.65278,0.04847,0.47569,0.05237,0.48264,0.05523,0.05556,0.02448,0.25000,0.05754,0.02431,0.01943,0.13194,0.03885,0.37847,0.06208,0.58693,0.01281,0.02060,0.00271,0.24170,0.00588,0.30201,0.07241
pseudo_reward_td_relabeling,stress_02,0.22222,0,48,0.64583,0.05470,0.47917,0.06350,0.47917,0.05966,0.09722,0.03346,0.23611,0.04545,0.03819,0.02226,0.14583,0.03966,0.42014,0.06073,0.60800,0.01438,0.03204,0.00318,0.25099,0.00609,0.25273,0.06494
pseudo_reward_td_relabeling,stress_02,0.22222,1,48,0.61806,0.05412,0.42361,0.06665,0.47222,0.05943,0.06250,0.02503,0.25347,0.04561,0.02778,0.02025,0.17014,0.04294,0.37500,0.05459,0.60879,0.01412,0.03196,0.00314,0.25031,0.00575,0.23059,0.05417
pseudo_reward_td_relabeling,stress_02,0.22222,2,48,0.65625,0.05092,0.45486,0.04935,0.45486,0.05565,0.03472,0.02166,0.24306,0.04235,0.03472,0.01935,0.11111,0.03552,0.36458,0.06125,0.60868,0.01398,0.03196,0.00309,0.25148,0.00605,0.31547,0.06049
pseudo_reward_td_relabeling,stress_02,0.22222,3,48,0.64583,0.06920,0.48958,0.05537,0.43403,0.05030,0.09375,0.03061,0.23611,0.04847,0.02083,0.01576,0.13542,0.04087,0.36458,0.05558,0.60910,0.01412,0.03211,0.00312,0.25240,0.00596,0.27977,0.07425
pseudo_reward_td_relabeling,stress_02,0.22222,4,48,0.66667,0.06074,0.48611,0.06215,0.51736,0.05935,0.05903,0.02662,0.21528,0.03885,0.06597,0.02706,0.12500,0.04295,0.35764,0.05501,0.60856,0.01459,0.03196,0.00310,0.25121,0.00571,0.28292,0.07732
pseudo_reward_td_relabeling,stress_02,0.22222,5,48,0.59375,0.05579,0.40625,0.05828,0.53125,0.05889,0.03819,0.02226,0.19444,0.04895,0.03819,0.02003,0.11806,0.04345,0.34028,0.05234,0.60871,0.01374,0.03210,0.00321,0.25238,0.00623,0.26358,0.06929
pseudo_reward_td_relabeling,stress_02,0.22222,6,48,0.70139,0.04859,0.41667,0.05415,0.44444,0.05616,0.08681,0.03074,0.21875,0.05252,0.04167,0.02480,0.11111,0.03552,0.36806,0.06225,0.60934,0.01406,0.03212,0.00310,0.25127,0.00594,0.33806,0.05964
pseudo_reward_td_relabeling,stress_02,0.22222,7,48,0.67014,0.05006,0.43403,0.04838,0.47569,0.05671,0.05556,0.02634,0.23958,0.05138,0.03472,0.02374,0.13542,0.03849,0.38542,0.06315,0.60881,0.01422,0.03217,0.00300,0.25164,0.00612,0.30571,0.07024
pseudo_reward_td_relabeling,stress_02,0.22222,8,48,0.67708,0.05092,0.47569,0.06303,0.52083,0.05556,0.05208,0.02943,0.21875,0.05601,0.03472,0.01935,0.14931,0.03403,0.34028,0.05234,0.60589,0.01449,0.03200,0.00310,0.25110,0.00600,0.31494,0.06612
pseudo_reward_td_relabeling,stress_02,0.22222,9,48,0.63542,0.06426,0.45833,0.06632,0.43750,0.05640,0.03819,0.02226,0.22569,0.04714,0.03125,0.01860,0.14583,0.04198,0.38542,0.05684,0.60865,0.01375,0.03175,0.00307,0.25074,0.00599,0.28258,0.06520
pseudo_reward_td_relabeling,stress_03,0.33333,0,48,0.64931,0.05523,0.45833,0.04614,0.44097,0.05955,0.05556,0.02808,0.24653,0.04238,0.03472,0.02166,0.11111,0.04165,0.37847,0.06359,0.63066,0.01535,0.04347,0.00338,0.26184,0.00603,0.29263,0.06788
pseudo_reward_td_relabeling,stress_03,0.33333,1,48,0.66667,0.06946,0.46181,0.05169,0.43056,0.05313,0.11111,0.03416,0.24653,0.04862,0.03819,0.02003,0.12500,0.03829,0.34722,0.06215,0.63109,0.01547,0.04351,0.00341,0.26250,0.00605,0.27082,0.07714
pseudo_reward_td_relabeling,stress_03,0.33333,2,48,0.65625,0.05949,0.45833,0.06632,0.48958,0.05451,0.06944,0.02722,0.24653,0.03889,0.06597,0.02875,0.12153,0.04321,0.34028,0.04660,0.63039,0.01560,0.04346,0.00336,0.26126,0.00561,0.25212,0.07333
pseudo_reward_td_relabeling,stress_03,0.33333,3,48,0.59722,0.05401,0.41667,0.05996,0.50000,0.06378,0.06250,0.02856,0.22222,0.05616,0.04167,0.02063,0.13194,0.04345,0.34375,0.05092,0.63085,0.01503,0.04337,0.00347,0.26293,0.00616,0.22685,0.07137
pseudo_reward_td_relabeling,stress_03,0.33333,4,48,0.70486,0.05076,0.37153,0.05691,0.46528,0.05498,0.11111,0.03682,0.22917,0.04728,0.05903,0.02478,0.11806,0.03634,0.35069,0.06015,0.63108,0.01538,0.04359,0.00345,0.26172,0.00573,0.29769,0.06433
pseudo_reward_td_relabeling,stress_03,0.33333,5,48,0.65625,0.06183,0.39236,0.04403,0.46875,0.05808,0.06250,0.02856,0.25694,0.05412,0.04167,0.02480,0.11806,0.03634,0.36458,0.06202,0.63109,0.01559,0.04366,0.00328,0.26255,0.00613,0.27984,0.07879
pseudo_reward_td_relabeling,stress_03,0.33333,6,48,0.66319,0.04813,0.43750,0.06045,0.47569,0.05326,0.08681,0.03766,0.23611,0.05740,0.04167,0.02063,0.12847,0.02956,0.35069,0.05349,0.62811,0.01567,0.04336,0.00337,0.26107,0.00594,0.27791,0.05479
pseudo_reward_td_relabeling,stress_03,0.33333,7,48,0.61111,0.06253,0.42361,0.07594,0.42361,0.05498,0.06944,0.02722,0.22222,0.04798,0.03819,0.02003,0.14236,0.04125,0.39931,0.05393,0.63067,0.01533,0.04310,0.00334,0.26079,0.00611,0.23481,0.06638
pseudo_reward_td_relabeling,stress_03,0.33333,8,48,0.71181,0.04838,0.45486,0.05895,0.47917,0.06123,0.11111,0.03809,0.22569,0.04613,0.01736,0.01456,0.10764,0.03150,0.38194,0.05832,0.63067,0.01550,0.04343,0.00336,0.26166,0.00612,0.35847,0.05829
pseudo_reward_td_relabeling,stress_03,0.33333,9,48,0.63542,0.05726,0.41319,0.06303,0.44792,0.05341,0.10764,0.03828,0.26736,0.05304,0.02083,0.01576,0.13542,0.04087,0.39236,0.04294,0.63081,0.01514,0.04317,0.00336,0.26191,0.00586,0.24520,0.06648
pseudo_reward_td_relabeling,stress_04,0.44444,0,48,0.66319,0.05712,0.42014,0.06877,0.47917,0.05294,0.09375,0.03212,0.26389,0.04545,0.05208,0.02602,0.11806,0.03885,0.32986,0.05371,0.65188,0.01682,0.05476,0.00363,0.27140,0.00556,0.25319,0.06341
pseudo_reward_td_relabeling,stress_04,0.44444,1,48,0.60764,0.05629,0.39931,0.04739,0.46528,0.06071,0.07986,0.02916,0.26736,0.05975,0.03125,0.01860,0.15625,0.04500,0.33333,0.04665,0.65327,0.01634,0.05471,0.00372,0.27344,0.00612,0.20186,0.07407
pseudo_reward_td_relabeling,stress_04,0.44444,2,48,0.68403,0.04982,0.34722,0.05903,0.44444,0.04698,0.12153,0.03605,0.25694,0.04660,0.04861,0.02566,0.13194,0.03762,0.37153,0.05349,0.65314,0.01669,0.05507,0.00372,0.27214,0.00566,0.25859,0.05795
pseudo_reward_td_relabeling,stress_04,0.44444,3,48,0.65278,0.06656,0.36458,0.05022,0.46181,0.06015,0.08681,0.03638,0.26389,0.04439,0.03819,0.02003,0.15625,0.04173,0.34375,0.05451,0.65350,0.01683,0.05500,0.00355,0.27146,0.00607,0.23743,0.08346
pseudo_reward_td_relabeling,stress_04,0.44444,4,48,0.65972,0.05412,0.42014,0.06667,0.46181,0.05855,0.09375,0.04340,0.23958,0.05664,0.03819,0.02003,0.12500,0.03298,0.34028,0.05324,0.65041,0.01684,0.05481,0.00366,0.27079,0.00600,0.27113,0.05901
pseudo_reward_td_relabeling,stress_04,0.44444,5,48,0.61806,0.06148,0.39236,0.07047,0.41319,0.05586,0.08333,0.02573,0.24653,0.04958,0.03819,0.02003,0.13542,0.03460,0.38194,0.05668,0.65221,0.01653,0.05452,0.00362,0.27072,0.00600,0.22483,0.07085
pseudo_reward_td_relabeling,stress_04,0.44444,6,48,0.68056,0.04847,0.42361,0.05143,0.46875,0.06644,0.10417,0.03966,0.22917,0.03966,0.04514,0.02330,0.13542,0.03594,0.38542,0.05515,0.65298,0.01668,0.05490,0.00367,0.27225,0.00604,0.27683,0.05595
pseudo_reward_td_relabeling,stress_04,0.44444,7,48,0.63194,0.05498,0.40278,0.05573,0.42708,0.05494,0.12500,0.03574,0.25694,0.05913,0.02431,0.01682,0.17014,0.05006,0.36111,0.04165,0.65223,0.01651,0.05458,0.00362,0.27166,0.00625,0.20808,0.07176
pseudo_reward_td_relabeling,stress_04,0.44444,8,48,0.65278,0.05657,0.36458,0.04927,0.42014,0.05753,0.07639,0.02911,0.27431,0.06034,0.04861,0.02374,0.14931,0.03403,0.34375,0.05705,0.65302,0.01640,0.05473,0.00375,0.27197,0.00629,0.23100,0.06671
pseudo_reward_td_relabeling,stress_04,0.44444,9,48,0.67708,0.06554,0.38542,0.04878,0.47917,0.05204,0.10069,0.02875,0.24306,0.04859,0.03472,0.01935,0.15972,0.04761,0.35764,0.05586,0.65163,0.01664,0.05474,0.00366,0.27321,0.00586,0.26580,0.08864
pseudo_reward_td_relabeling,stress_05,0.55556,0,48,0.67014,0.05371,0.30208,0.05726,0.40972,0.05143,0.11111,0.03682,0.29514,0.04886,0.04861,0.02744,0.15972,0.04453,0.36111,0.05085,0.67456,0.01791,0.06660,0.00399,0.28105,0.00572,0.21209,0.06692
pseudo_reward_td_relabeling,stress_05,0.55556,1,48,0.65625,0.06697,0.35764,0.04958,0.43056,0.06440,0.09722,0.03991,0.25000,0.05054,0.03819,0.02226,0.15972,0.04956,0.32292,0.05092,0.67514,0.01829,0.06645,0.00385,0.28054,0.00631,0.23520,0.08442
pseudo_reward_td_relabeling,stress_05,0.55556,2,48,0.64931,0.05855,0.42014,0.06738,0.44097,0.05458,0.10764,0.03950,0.26736,0.05650,0.04514,0.02706,0.12153,0.03035,0.33333,0.05147,0.67318,0.01821,0.06618,0.00389,0.28159,0.00602,0.23234,0.07300
pseudo_reward_td_relabeling,stress_05,0.55556,3,48,0.62500,0.06415,0.37847,0.06208,0.43403,0.05393,0.09722,0.02891,0.27083,0.05019,0.03125,0.01860,0.14236,0.03766,0.36458,0.05808,0.67488,0.01779,0.06598,0.00391,0.28041,0.00616,0.21369,0.07789
pseudo_reward_td_relabeling,stress_05,0.55556,4,48,0.66319,0.04403,0.40278,0.05822,0.44097,0.06773,0.11458,0.03528,0.24653,0.04561,0.05556,0.02634,0.18056,0.03870,0.35764,0.04958,0.67501,0.01783,0.06636,0.00396,0.28209,0.00610,0.20329,0.04974
pseudo_reward_td_relabeling,stress_05,0.55556,5,48,0.61111,0.05357,0.40972,0.05913,0.42708,0.05909,0.10764,0.03572,0.27431,0.05794,0.02778,0.01776,0.17014,0.05629,0.35764,0.04238,0.67447,0.01802,0.06615,0.00394,0.28111,0.00625,0.17999,0.07441
pseudo_reward_td_relabeling,stress_05,0.55556,6,48,0.64583,0.06123,0.35417,0.04827,0.37153,0.04982,0.07639,0.02566,0.29167,0.06113,0.05208,0.02602,0.15972,0.03885,0.33681,0.05458,0.67484,0.01774,0.06604,0.00397,0.28143,0.00641,0.20209,0.06885
pseudo_reward_td_relabeling,stress_05,0.55556,7,48,0.65972,0.06736,0.38194,0.05143,0.46528,0.05412,0.09028,0.02911,0.25347,0.05237,0.03472,0.02166,0.14583,0.04309,0.35417,0.05470,0.67349,0.01799,0.06621,0.00398,0.28288,0.00591,0.25326,0.07916
pseudo_reward_td_relabeling,stress_05,0.55556,8,48,0.64583,0.05723,0.35417,0.06275,0.43056,0.05131,0.10764,0.04403,0.25694,0.05050,0.05903,0.02834,0.16319,0.04613,0.31597,0.05691,0.67475,0.01780,0.06658,0.00399,0.27901,0.00598,0.19185,0.08539
pseudo_reward_td_relabeling,stress_05,0.55556,9,48,0.64236,0.05586,0.44792,0.06240,0.42708,0.05407,0.10764,0.03828,0.27431,0.05371,0.04167,0.02281,0.15625,0.03561,0.36806,0.06375,0.67336,0.01788,0.06634,0.00392,0.28212,0.00626,0.20473,0.07259
pseudo_reward_td_relabeling,stress_06,0.66667,0,48,0.64931,0.04982,0.40278,0.05573,0.40625,0.05138,0.10764,0.03950,0.27778,0.05268,0.06944,0.03050,0.12153,0.03187,0.30208,0.05643,0.69525,0.01946,0.07764,0.00421,0.29146,0.00632,0.19679,0.07518
pseudo_reward_td_relabeling,stress_06,0.66667,1,48,0.62847,0.06093,0.38542,0.06086,0.39931,0.05030,0.10417,0.03018,0.27431,0.05371,0.03819,0.02003,0.15278,0.03870,0.34375,0.05274,0.69667,0.01939,0.07733,0.00419,0.29057,0.00604,0.19387,0.07984
pseudo_reward_td_relabeling,stress_06,0.66667,2,48,0.65625,0.04903,0.40278,0.05657,0.41319,0.06808,0.10417,0.03316,0.26736,0.05480,0.05208,0.02413,0.16667,0.04127,0.33681,0.04813,0.69711,0.01904,0.07795,0.00426,0.29102,0.00606,0.20056,0.04997
pseudo_reward_td_relabeling,stress_06,0.66667,3,48,0.58333,0.05415,0.37153,0.04982,0.42014,0.05501,0.12847,0.03403,0.29167,0.05459,0.05556,0.02448,0.16667,0.05415,0.31944,0.04648,0.69663,0.01929,0.07774,0.00420,0.29063,0.00630,0.10204,0.08819
pseudo_reward_td_relabeling,stress_06,0.66667,4,48,0.61458,0.06163,0.34028,0.04761,0.39236,0.04613,0.08333,0.03076,0.31597,0.05774,0.05903,0.02834,0.15278,0.03870,0.32639,0.05143,0.69607,0.01895,0.07734,0.00420,0.29069,0.00665,0.14966,0.08403
pseudo_reward_td_relabeling,stress_06,0.66667,5,48,0.62847,0.06093,0.36806,0.05412,0.44792,0.05515,0.11111,0.03931,0.27431,0.05192,0.03819,0.02226,0.13889,0.04596,0.36806,0.06225,0.69574,0.01921,0.07761,0.00428,0.29239,0.00605,0.19928,0.07424
pseudo_reward_td_relabeling,stress_06,0.66667,6,48,0.62500,0.05713,0.37500,0.06113,0.39583,0.05204,0.09722,0.03870,0.27778,0.04698,0.06597,0.03035,0.17361,0.04660,0.32639,0.05412,0.69722,0.01903,0.07801,0.00421,0.28862,0.00614,0.14866,0.08288
pseudo_reward_td_relabeling,stress_06,0.66667,7,48,0.60764,0.05192,0.42361,0.05751,0.39583,0.05112,0.11458,0.04029,0.30556,0.05357,0.05208,0.02209,0.15625,0.03692,0.37847,0.06650,0.69577,0.01905,0.07783,0.00416,0.29118,0.00645,0.13759,0.06000
pseudo_reward_td_relabeling,stress_06,0.66667,8,48,0.62847,0.05349,0.36458,0.05558,0.35417,0.05556,0.12153,0.04097,0.25347,0.05053,0.07639,0.02566,0.13889,0.04165,0.36111,0.05943,0.69711,0.01916,0.07776,0.00418,0.29146,0.00577,0.16078,0.07585
pseudo_reward_td_relabeling,stress_06,0.66667,9,48,0.65972,0.05913,0.39236,0.04813,0.32292,0.05622,0.12500,0.04069,0.25694,0.04956,0.05208,0.02413,0.16667,0.04240,0.29167,0.05876,0.69652,0.01927,0.07763,0.00419,0.29036,0.00611,0.19853,0.08010
pseudo_reward_td_relabeling,stress_07,0.77778,0,48,0.66319,0.04714,0.35417,0.05886,0.41319,0.06596,0.10417,0.03590,0.31597,0.06246,0.05556,0.02634,0.18403,0.04982,0.31944,0.04944,0.71866,0.02035,0.08937,0.00461,0.30104,0.00645,0.16814,0.05727
pseudo_reward_td_relabeling,stress_07,0.77778,1,48,0.57986,0.05326,0.36806,0.04761,0.40278,0.04648,0.14583,0.03966,0.28125,0.04578,0.06250,0.02686,0.16319,0.04182,0.29861,0.05143,0.71850,0.02081,0.08954,0.00446,0.30016,0.00639,0.08468,0.07793
pseudo_reward_td_relabeling,stress_07,0.77778,2,48,0.60417,0.06123,0.35069,0.05169,0.40278,0.04847,0.10764,0.03572,0.32986,0.05955,0.04514,0.02525,0.15625,0.04173,0.32986,0.05794,0.71734,0.02028,0.08886,0.00446,0.30044,0.00689,0.13055,0.08807
pseudo_reward_td_relabeling,stress_07,0.77778,3,48,0.64583,0.05556,0.34375,0.04805,0.40972,0.05050,0.12500,0.04069,0.32639,0.05832,0.04861,0.02744,0.14931,0.05076,0.35069,0.05935,0.71728,0.02045,0.08911,0.00451,0.30140,0.00623,0.16582,0.07396
pseudo_reward_td_relabeling,stress_07,0.77778,4,48,0.62153,0.05650,0.34722,0.04748,0.40278,0.05313,0.09722,0.03618,0.29514,0.05523,0.07292,0.03212,0.18056,0.04332,0.31250,0.05112,0.71875,0.02052,0.08938,0.00444,0.29907,0.00630,0.12160,0.08395
pseudo_reward_td_relabeling,stress_07,0.77778,5,48,0.62153,0.04535,0.39236,0.05712,0.39236,0.05458,0.12153,0.04210,0.32986,0.05712,0.05208,0.02209,0.15278,0.04107,0.39583,0.06045,0.71752,0.02037,0.08932,0.00443,0.30110,0.00645,0.13569,0.05918
pseudo_reward_td_relabeling,stress_07,0.77778,6,48,0.61111,0.05782,0.36458,0.05022,0.34722,0.05313,0.12500,0.03951,0.27431,0.05371,0.09375,0.03212,0.17361,0.04453,0.35417,0.05470,0.71920,0.02053,0.08915,0.00448,0.30128,0.00585,0.08794,0.08192
pseudo_reward_td_relabeling,stress_07,0.77778,7,48,0.63889,0.06621,0.40278,0.05313,0.32986,0.05544,0.12153,0.04097,0.27778,0.05444,0.06944,0.02891,0.15972,0.04005,0.26389,0.05313,0.71814,0.02084,0.08915,0.00445,0.30008,0.00646,0.15144,0.08696
pseudo_reward_td_relabeling,stress_07,0.77778,8,48,0.59028,0.05324,0.31597,0.05169,0.40972,0.05412,0.11458,0.03787,0.31250,0.05470,0.07292,0.03494,0.19444,0.04386,0.32986,0.05629,0.71877,0.02064,0.08924,0.00455,0.30021,0.00638,0.06612,0.06900
pseudo_reward_td_relabeling,stress_07,0.77778,9,48,0.60764,0.05955,0.32986,0.06112,0.34028,0.05992,0.12847,0.04038,0.32986,0.04813,0.06250,0.02686,0.18750,0.04523,0.32292,0.04706,0.71892,0.02073,0.08948,0.00443,0.30140,0.00651,0.08525,0.07595
pseudo_reward_td_relabeling,stress_08,0.88889,0,48,0.61111,0.06253,0.35417,0.05470,0.39583,0.05640,0.12153,0.03734,0.32292,0.05622,0.05903,0.02996,0.15625,0.04058,0.34722,0.05903,0.73918,0.02146,0.10022,0.00467,0.30920,0.00695,0.11406,0.08865
pseudo_reward_td_relabeling,stress_08,0.88889,1,48,0.62847,0.05935,0.34375,0.04998,0.37500,0.04614,0.11458,0.03909,0.35069,0.06015,0.05208,0.02602,0.16667,0.05054,0.35764,0.04958,0.73990,0.02189,0.10068,0.00478,0.30990,0.00643,0.12412,0.07705
pseudo_reward_td_relabeling,stress_08,0.88889,2,48,0.60764,0.06112,0.33681,0.05371,0.37847,0.05565,0.10417,0.03456,0.32639,0.05913,0.08681,0.03505,0.18056,0.04332,0.28819,0.04638,0.74042,0.02177,0.10087,0.00471,0.30934,0.00637,0.07159,0.07647
pseudo_reward_td_relabeling,stress_08,0.88889,3,48,0.61806,0.05412,0.38194,0.05324,0.36458,0.05889,0.13194,0.03762,0.34375,0.06106,0.06597,0.02330,0.14931,0.04154,0.36458,0.06278,0.73942,0.02170,0.10077,0.00470,0.31041,0.00646,0.10384,0.07623
pseudo_reward_td_relabeling,stress_08,0.88889,4,48,0.60764,0.06112,0.35417,0.05383,0.34722,0.05822,0.15625,0.04394,0.27431,0.05794,0.06597,0.02875,0.17361,0.04122,0.34722,0.04944,0.74104,0.02182,0.10061,0.00473,0.31097,0.00608,0.09561,0.07227
pseudo_reward_td_relabeling,stress_08,0.88889,5,48,0.60417,0.06570,0.36458,0.04630,0.32639,0.05324,0.11458,0.04144,0.27431,0.05955,0.09028,0.03220,0.18403,0.04154,0.27778,0.05357,0.74027,0.02209,0.10096,0.00472,0.30936,0.00669,0.07904,0.08583
pseudo_reward_td_relabeling,stress_08,0.88889,6,48,0.57986,0.05671,0.29514,0.04789,0.38194,0.05050,0.12500,0.04295,0.33681,0.04911,0.07986,0.04009,0.20486,0.04376,0.32639,0.05832,0.74135,0.02183,0.10079,0.00478,0.30958,0.00661,0.02186,0.07915
pseudo_reward_td_relabeling,stress_08,0.88889,7,48,0.57639,0.05584,0.29514,0.05691,0.32639,0.05324,0.15278,0.03991,0.33681,0.05192,0.06944,0.02891,0.17014,0.04613,0.32292,0.05363,0.74053,0.02197,0.10086,0.00472,0.31038,0.00668,0.03817,0.07861
pseudo_reward_td_relabeling,stress_08,0.88889,8,48,0.61458,0.05767,0.34375,0.05184,0.38194,0.05668,0.15278,0.03618,0.29514,0.05169,0.05556,0.02448,0.17014,0.04714,0.30556,0.05357,0.74107,0.02174,0.10094,0.00478,0.31181,0.00631,0.10905,0.08026
pseudo_reward_td_relabeling,stress_08,0.88889,9,48,0.57986,0.04664,0.35417,0.05723,0.45486,0.05565,0.10764,0.03572,0.35764,0.05053,0.07986,0.03505,0.20833,0.04814,0.30903,0.05915,0.73892,0.02190,0.10065,0.00475,0.31015,0.00691,0.01969,0.06998
pseudo_reward_td_relabeling,stress_09,1.00000,0,48,0.59028,0.05992,0.31597,0.05169,0.39583,0.05640,0.11806,0.03220,0.38542,0.06240,0.10417,0.03845,0.18056,0.04439,0.28472,0.04761,0.76171,0.02280,0.11177,0.00475,0.31812,0.00661,-0.00061,0.07513
pseudo_reward_td_relabeling,stress_09,1.00000,1,48,0.60764,0.05955,0.35069,0.04886,0.35764,0.06073,0.16667,0.04240,0.36458,0.06047,0.06597,0.02706,0.16667,0.04457,0.33681,0.05544,0.76102,0.02266,0.11162,0.00481,0.31816,0.00654,0.05292,0.08670
pseudo_reward_td_relabeling,stress_09,1.00000,2,48,0.61111,0.06549,0.31250,0.05640,0.35417,0.06852,0.15278,0.04221,0.29861,0.05412,0.06944,0.03201,0.15972,0.04235,0.34028,0.04859,0.76284,0.02266,0.11157,0.00484,0.32021,0.00612,0.09097,0.07177
pseudo_reward_td_relabeling,stress_09,1.00000,3,48,0.57292,0.06732,0.35069,0.04789,0.34375,0.04805,0.13194,0.04235,0.31597,0.05169,0.10069,0.03605,0.18403,0.04266,0.26736,0.04935,0.76152,0.02300,0.11185,0.00479,0.31835,0.00657,0.00622,0.08610
pseudo_reward_td_relabeling,stress_09,1.00000,4,48,0.59375,0.05138,0.29514,0.05259,0.39583,0.05019,0.12847,0.04376,0.37500,0.05192,0.07292,0.03627,0.21181,0.04429,0.30903,0.04862,0.76175,0.02279,0.11161,0.00483,0.31793,0.00644,0.01725,0.07774
pseudo_reward_td_relabeling,stress_09,1.00000,5,48,0.56597,0.05030,0.30208,0.05558,0.31944,0.05131,0.16667,0.04240,0.37500,0.06113,0.06597,0.02330,0.16667,0.04863,0.30208,0.05207,0.76202,0.02301,0.11170,0.00481,0.31857,0.00671,0.00671,0.08024
pseudo_reward_td_relabeling,stress_09,1.00000,6,48,0.63194,0.05668,0.31250,0.04417,0.32986,0.05794,0.15972,0.04235,0.30903,0.05146,0.10417,0.03170,0.16319,0.04714,0.29167,0.04715,0.76294,0.02281,0.11185,0.00488,0.32077,0.00608,0.06370,0.07822
pseudo_reward_td_relabeling,stress_09,1.00000,7,48,0.58681,0.04456,0.34375,0.05451,0.43403,0.05975,0.13542,0.04421,0.36458,0.06047,0.07986,0.03505,0.18750,0.04309,0.30208,0.05808,0.76013,0.02289,0.11169,0.00485,0.31885,0.00661,0.01903,0.06176
pseudo_reward_td_relabeling,stress_09,1.00000,8,48,0.59375,0.05746,0.28819,0.05815,0.33333,0.05238,0.11806,0.03363,0.32292,0.05787,0.08333,0.02918,0.18750,0.05294,0.30903,0.05586,0.76184,0.02290,0.11141,0.00483,0.31887,0.00630,0.04773,0.08431
pseudo_reward_td_relabeling,stress_09,1.00000,9,48,0.63194,0.04122,0.31597,0.05436,0.39236,0.05544,0.14583,0.03966,0.38542,0.05684,0.06597,0.02706,0.14931,0.04266,0.29514,0.04689,0.76091,0.02256,0.11150,0.00482,0.31871,0.00605,0.08927,0.06759
risk_calibrated_temporal_credit_v5,stress_00,0.00000,0,48,0.85764,0.04009,0.76389,0.04545,0.74653,0.04862,0.00000,0.00000,0.03819,0.02003,0.00347,0.00681,0.01042,0.01153,0.59375,0.05579,0.36647,0.01119,0.00200,0.00000,0.07070,0.00203,0.76002,0.04015
risk_calibrated_temporal_credit_v5,stress_00,0.00000,1,48,0.84028,0.03634,0.70833,0.05459,0.72222,0.05268,0.00000,0.00000,0.05903,0.02478,0.00000,0.00000,0.00347,0.00681,0.58333,0.06597,0.36635,0.01129,0.00200,0.00000,0.07026,0.00215,0.74206,0.03670
risk_calibrated_temporal_credit_v5,stress_00,0.00000,2,48,0.80556,0.04492,0.75347,0.05586,0.73611,0.04545,0.00347,0.00681,0.05903,0.03150,0.00694,0.00952,0.00694,0.00952,0.56250,0.05640,0.36795,0.01088,0.00200,0.00000,0.07024,0.00216,0.69562,0.04601
risk_calibrated_temporal_credit_v5,stress_00,0.00000,3,48,0.81944,0.04439,0.68750,0.05204,0.72917,0.04924,0.00000,0.00000,0.04861,0.02374,0.00000,0.00000,0.01042,0.01153,0.57986,0.05671,0.36475,0.01105,0.00200,0.00000,0.07037,0.00232,0.72155,0.04442
risk_calibrated_temporal_credit_v5,stress_00,0.00000,4,48,0.83681,0.03950,0.65278,0.05131,0.73958,0.04854,0.00000,0.00000,0.07986,0.02571,0.00000,0.00000,0.01389,0.01317,0.57639,0.05913,0.36708,0.01111,0.00200,0.00000,0.06925,0.00239,0.72326,0.03939
risk_calibrated_temporal_credit_v5,stress_00,0.00000,5,48,0.81597,0.04154,0.64931,0.05169,0.69792,0.05115,0.00347,0.00681,0.05556,0.02634,0.00000,0.00000,0.01389,0.01317,0.55208,0.05684,0.36537,0.01147,0.00200,0.00000,0.07080,0.00203,0.71124,0.04581
risk_calibrated_temporal_credit_v5,stress_00,0.00000,6,48,0.85069,0.04154,0.74306,0.04956,0.71875,0.04878,0.00000,0.00000,0.06944,0.03484,0.00000,0.00000,0.02083,0.01576,0.57639,0.06225,0.36562,0.01161,0.00200,0.00000,0.07036,0.00234,0.73745,0.04236
risk_calibrated_temporal_credit_v5,stress_00,0.00000,7,48,0.85764,0.04349,0.65625,0.05274,0.70486,0.04689,0.00347,0.00681,0.04861,0.02166,0.00000,0.00000,0.00347,0.00681,0.54514,0.05393,0.36490,0.01084,0.00200,0.00000,0.07178,0.00200,0.76236,0.04458
risk_calibrated_temporal_credit_v5,stress_00,0.00000,8,48,0.85764,0.04456,0.67361,0.05412,0.68403,0.04982,0.00000,0.00000,0.03472,0.01935,0.00347,0.00681,0.01042,0.01153,0.56944,0.04748,0.36724,0.01145,0.00200,0.00000,0.06995,0.00200,0.76136,0.04226
risk_calibrated_temporal_credit_v5,stress_00,0.00000,9,48,0.84028,0.04345,0.68750,0.05204,0.70486,0.04689,0.00000,0.00000,0.05208,0.02413,0.00000,0.00000,0.01389,0.01317,0.55208,0.05161,0.36623,0.01124,0.00200,0.00000,0.06976,0.00224,0.73854,0.04683
risk_calibrated_temporal_credit_v5,stress_01,0.11111,0,48,0.82292,0.04285,0.72569,0.05192,0.72569,0.05192,0.00347,0.00681,0.06597,0.03333,0.00694,0.00952,0.01042,0.01153,0.56597,0.05214,0.38909,0.01233,0.00200,0.00000,0.07242,0.00213,0.70453,0.04324
risk_calibrated_temporal_credit_v5,stress_01,0.11111,1,48,0.84375,0.04173,0.64931,0.05608,0.71528,0.04453,0.00000,0.00000,0.06597,0.02875,0.00000,0.00000,0.01042,0.01153,0.59028,0.05584,0.38624,0.01242,0.00200,0.00000,0.07257,0.00205,0.73513,0.04051
risk_calibrated_temporal_credit_v5,stress_01,0.11111,2,48,0.84722,0.03870,0.65278,0.05313,0.72917,0.05204,0.00000,0.00000,0.09028,0.03762,0.00000,0.00000,0.01736,0.01751,0.56250,0.05723,0.38799,0.01242,0.00200,0.00000,0.07220,0.00228,0.72380,0.04233
risk_calibrated_temporal_credit_v5,stress_01,0.11111,3,48,0.82639,0.04660,0.62153,0.05214,0.71181,0.04838,0.00347,0.00681,0.06250,0.03018,0.00000,0.00000,0.01736,0.01456,0.53125,0.06352,0.38736,0.01292,0.00200,0.00000,0.07248,0.00179,0.71307,0.05040
risk_calibrated_temporal_credit_v5,stress_01,0.11111,4,48,0.86458,0.03970,0.72222,0.04798,0.68750,0.05383,0.00347,0.00681,0.07292,0.03212,0.00000,0.00000,0.02431,0.01943,0.59375,0.06518,0.38618,0.01288,0.00200,0.00000,0.07308,0.00228,0.74277,0.03942
risk_calibrated_temporal_credit_v5,stress_01,0.11111,5,48,0.85764,0.04009,0.67014,0.04911,0.69097,0.04238,0.00347,0.00681,0.06944,0.02891,0.00000,0.00000,0.01042,0.01153,0.54167,0.05876,0.38646,0.01218,0.00200,0.00000,0.07334,0.00185,0.74585,0.04248
risk_calibrated_temporal_credit_v5,stress_01,0.11111,6,48,0.85764,0.04125,0.66319,0.05100,0.65972,0.05412,0.00000,0.00000,0.04514,0.02525,0.00347,0.00681,0.01042,0.01153,0.59375,0.04655,0.38833,0.01267,0.00200,0.00000,0.07262,0.00202,0.75361,0.04309
risk_calibrated_temporal_credit_v5,stress_01,0.11111,7,48,0.82639,0.04558,0.67708,0.05705,0.68056,0.04748,0.00000,0.00000,0.05556,0.02971,0.00000,0.00000,0.01389,0.01317,0.55208,0.05684,0.38716,0.01252,0.00200,0.00000,0.07289,0.00225,0.71984,0.04610
risk_calibrated_temporal_credit_v5,stress_01,0.11111,8,48,0.81597,0.04886,0.67014,0.05006,0.73264,0.05214,0.00000,0.00000,0.05556,0.02246,0.00000,0.00000,0.01389,0.01317,0.62153,0.05565,0.38656,0.01297,0.00200,0.00000,0.07244,0.00239,0.70952,0.04832
risk_calibrated_temporal_credit_v5,stress_01,0.11111,9,48,0.84375,0.04805,0.70833,0.05459,0.72569,0.05100,0.00347,0.00681,0.07292,0.02556,0.00000,0.00000,0.02431,0.01943,0.61458,0.05929,0.38716,0.01278,0.00200,0.00000,0.07314,0.00188,0.72178,0.05146
risk_calibrated_temporal_credit_v5,stress_02,0.22222,0,48,0.85417,0.04083,0.65972,0.05412,0.71875,0.05429,0.00000,0.00000,0.08681,0.03766,0.00000,0.00000,0.02431,0.01943,0.52778,0.06100,0.40884,0.01374,0.00200,0.00000,0.07393,0.00201,0.72456,0.04432
risk_calibrated_temporal_credit_v5,stress_02,0.22222,1,48,0.85764,0.04349,0.61111,0.05268,0.68750,0.05294,0.00347,0.00681,0.08681,0.03074,0.00000,0.00000,0.01389,0.01317,0.52083,0.07123,0.40851,0.01423,0.00200,0.00000,0.07409,0.00172,0.73288,0.04782
risk_calibrated_temporal_credit_v5,stress_02,0.22222,2,48,0.86806,0.03762,0.68403,0.04689,0.68750,0.06045,0.00347,0.00681,0.07986,0.03074,0.00000,0.00000,0.03125,0.02313,0.57292,0.06518,0.40742,0.01440,0.00200,0.00000,0.07423,0.00199,0.73563,0.04011
risk_calibrated_temporal_credit_v5,stress_02,0.22222,3,48,0.85764,0.03766,0.66319,0.04509,0.65972,0.04956,0.00347,0.00681,0.09028,0.03501,0.00000,0.00000,0.01736,0.01456,0.53472,0.05751,0.40801,0.01344,0.00200,0.00000,0.07503,0.00188,0.72935,0.03943
risk_calibrated_temporal_credit_v5,stress_02,0.22222,4,48,0.84722,0.03746,0.67361,0.05234,0.64236,0.06227,0.00347,0.00681,0.05903,0.02662,0.00694,0.00952,0.01389,0.01317,0.59028,0.04453,0.40970,0.01387,0.00200,0.00000,0.07473,0.00198,0.72630,0.04441
risk_calibrated_temporal_credit_v5,stress_02,0.22222,5,48,0.83681,0.04182,0.65972,0.05913,0.64931,0.05436,0.00000,0.00000,0.05903,0.02834,0.00000,0.00000,0.01736,0.01456,0.54514,0.05393,0.40837,0.01383,0.00200,0.00000,0.07412,0.00200,0.72325,0.04044
risk_calibrated_temporal_credit_v5,stress_02,0.22222,6,48,0.82292,0.04805,0.64236,0.05501,0.73958,0.05319,0.00000,0.00000,0.06597,0.02525,0.00000,0.00000,0.00694,0.00952,0.59028,0.05584,0.40760,0.01418,0.00200,0.00000,0.07372,0.00201,0.71303,0.04889
risk_calibrated_temporal_credit_v5,stress_02,0.22222,7,48,0.85069,0.04038,0.67361,0.06071,0.69097,0.05414,0.00347,0.00681,0.09028,0.02744,0.00000,0.00000,0.02431,0.01943,0.61111,0.05943,0.40945,0.01376,0.00200,0.00000,0.07410,0.00211,0.71787,0.04587
risk_calibrated_temporal_credit_v5,stress_02,0.22222,8,48,0.84028,0.04235,0.70833,0.04912,0.72569,0.05192,0.01389,0.01317,0.06597,0.03187,0.00000,0.00000,0.01389,0.01317,0.62847,0.04266,0.40782,0.01419,0.00200,0.00000,0.07464,0.00216,0.71938,0.04286
risk_calibrated_temporal_credit_v5,stress_02,0.22222,9,48,0.84722,0.04332,0.69444,0.05085,0.70486,0.05259,0.00000,0.00000,0.07986,0.03074,0.00347,0.00681,0.03472,0.02374,0.57986,0.06808,0.40815,0.01387,0.00200,0.00000,0.07138,0.00206,0.71037,0.04583
risk_calibrated_temporal_credit_v5,stress_03,0.33333,0,48,0.86111,0.03682,0.65972,0.04345,0.68403,0.05523,0.00347,0.00681,0.08333,0.03076,0.00000,0.00000,0.02778,0.02025,0.57986,0.06151,0.42853,0.01532,0.00200,0.00000,0.07460,0.00205,0.72600,0.03738
risk_calibrated_temporal_credit_v5,stress_03,0.33333,1,48,0.85417,0.03456,0.63889,0.04049,0.65278,0.05038,0.00347,0.00681,0.10764,0.03572,0.00347,0.00681,0.01736,0.01456,0.53472,0.06300,0.42897,0.01470,0.00200,0.00000,0.07554,0.00220,0.71141,0.03196
risk_calibrated_temporal_credit_v5,stress_03,0.33333,2,48,0.85417,0.03720,0.67708,0.04706,0.63889,0.05943,0.00347,0.00681,0.06944,0.02891,0.01042,0.01153,0.01389,0.01317,0.58333,0.05327,0.43022,0.01501,0.00200,0.00000,0.07529,0.00213,0.72177,0.04239
risk_calibrated_temporal_credit_v5,stress_03,0.33333,3,48,0.80208,0.05297,0.64931,0.05691,0.63194,0.05751,0.00000,0.00000,0.07986,0.02916,0.00000,0.00000,0.02431,0.01682,0.52083,0.05966,0.42884,0.01513,0.00200,0.00000,0.07537,0.00226,0.67220,0.05063
risk_calibrated_temporal_credit_v5,stress_03,0.33333,4,48,0.82292,0.04706,0.61458,0.05161,0.72917,0.05294,0.00000,0.00000,0.06944,0.03050,0.00000,0.00000,0.01042,0.01153,0.59028,0.04761,0.42940,0.01549,0.00200,0.00000,0.07454,0.00225,0.70593,0.04789
risk_calibrated_temporal_credit_v5,stress_03,0.33333,5,48,0.85069,0.04376,0.64583,0.06782,0.64236,0.05835,0.00347,0.00681,0.10069,0.02875,0.00000,0.00000,0.02778,0.02634,0.61458,0.06390,0.42990,0.01502,0.00200,0.00000,0.07573,0.00238,0.70807,0.04850
risk_calibrated_temporal_credit_v5,stress_03,0.33333,6,48,0.82986,0.04182,0.68056,0.05488,0.67361,0.05668,0.00694,0.00952,0.09028,0.03501,0.00000,0.00000,0.01389,0.01317,0.62500,0.04912,0.42892,0.01535,0.00200,0.00000,0.07589,0.00233,0.69871,0.04378
risk_calibrated_temporal_credit_v5,stress_03,0.33333,7,48,0.84028,0.04761,0.66667,0.04665,0.70486,0.06093,0.00000,0.00000,0.08681,0.03224,0.00347,0.00681,0.04167,0.02480,0.55903,0.06488,0.42930,0.01516,0.00200,0.00000,0.07275,0.00241,0.69282,0.05032
risk_calibrated_temporal_credit_v5,stress_03,0.33333,8,48,0.89236,0.02996,0.67361,0.05412,0.72222,0.05863,0.00347,0.00681,0.10417,0.03590,0.00000,0.00000,0.01389,0.01637,0.58333,0.06074,0.42907,0.01519,0.00200,0.00000,0.07490,0.00205,0.75702,0.03403
risk_calibrated_temporal_credit_v5,stress_03,0.33333,9,48,0.84028,0.05050,0.63194,0.05498,0.72222,0.04492,0.00347,0.00681,0.09028,0.03363,0.00347,0.00681,0.00694,0.00952,0.51389,0.06139,0.42934,0.01492,0.00200,0.00000,0.07487,0.00221,0.71121,0.04906
risk_calibrated_temporal_credit_v5,stress_04,0.44444,0,48,0.85417,0.03456,0.67014,0.04911,0.63194,0.05668,0.00347,0.00681,0.09028,0.03363,0.01389,0.01317,0.00694,0.00952,0.55903,0.04182,0.45163,0.01621,0.00200,0.00000,0.07618,0.00272,0.71008,0.04133
risk_calibrated_temporal_credit_v5,stress_04,0.44444,1,48,0.81597,0.05608,0.65972,0.05324,0.64931,0.05691,0.00000,0.00000,0.10417,0.03456,0.00000,0.00000,0.02431,0.01943,0.50347,0.06189,0.45002,0.01648,0.00200,0.00000,0.07593,0.00300,0.67249,0.05575
risk_calibrated_temporal_credit_v5,stress_04,0.44444,2,48,0.82639,0.04235,0.58333,0.06151,0.69792,0.04927,0.00000,0.00000,0.07292,0.02903,0.00000,0.00000,0.02083,0.01576,0.57639,0.04956,0.45027,0.01658,0.00200,0.00000,0.07538,0.00292,0.69814,0.04292
risk_calibrated_temporal_credit_v5,stress_04,0.44444,3,48,0.86111,0.04386,0.63889,0.06476,0.62500,0.05795,0.00347,0.00681,0.09028,0.02566,0.00000,0.00000,0.02431,0.02571,0.58681,0.06738,0.45109,0.01631,0.00200,0.00000,0.07621,0.00295,0.72162,0.04801
risk_calibrated_temporal_credit_v5,stress_04,0.44444,4,48,0.84028,0.04122,0.65625,0.06259,0.64236,0.04664,0.00694,0.00952,0.10764,0.04068,0.00347,0.00681,0.01389,0.01317,0.60764,0.04613,0.44910,0.01660,0.00200,0.00000,0.07610,0.00317,0.69479,0.04764
risk_calibrated_temporal_credit_v5,stress_04,0.44444,5,48,0.83681,0.04403,0.64236,0.05053,0.64583,0.06641,0.00000,0.00000,0.09028,0.03069,0.00347,0.00681,0.03472,0.02166,0.55903,0.06340,0.45049,0.01653,0.00200,0.00000,0.07423,0.00306,0.68880,0.04668
risk_calibrated_temporal_credit_v5,stress_04,0.44444,6,48,0.88889,0.03127,0.64931,0.05169,0.66667,0.06074,0.00694,0.00952,0.11806,0.03762,0.00000,0.00000,0.01042,0.01153,0.53819,0.05691,0.45021,0.01652,0.00200,0.00000,0.07584,0.00282,0.74482,0.03586
risk_calibrated_temporal_credit_v5,stress_04,0.44444,7,48,0.85069,0.04483,0.62500,0.05007,0.68750,0.04728,0.00000,0.00000,0.09375,0.03061,0.00000,0.00000,0.01042,0.01153,0.50694,0.05751,0.45037,0.01605,0.00200,0.00000,0.07610,0.00307,0.72014,0.04351
risk_calibrated_temporal_credit_v5,stress_04,0.44444,8,48,0.85417,0.04083,0.65625,0.06106,0.68056,0.06061,0.00000,0.00000,0.12153,0.04097,0.00694,0.00952,0.01736,0.01456,0.60417,0.06275,0.44977,0.01657,0.00200,0.00000,0.07648,0.00318,0.70010,0.04765
risk_calibrated_temporal_credit_v5,stress_04,0.44444,9,48,0.86806,0.03885,0.63889,0.06022,0.68403,0.04689,0.00347,0.00681,0.12847,0.03670,0.00347,0.00681,0.02083,0.01576,0.49653,0.06189,0.45095,0.01639,0.00200,0.00000,0.07560,0.00291,0.71088,0.04802
risk_calibrated_temporal_credit_v5,stress_05,0.55556,0,48,0.84375,0.03818,0.57986,0.06377,0.66319,0.04613,0.00000,0.00000,0.09722,0.03746,0.00000,0.00000,0.02083,0.01576,0.59722,0.04748,0.47140,0.01769,0.00200,0.00000,0.07630,0.00377,0.70192,0.04255
risk_calibrated_temporal_credit_v5,stress_05,0.55556,1,48,0.86458,0.04526,0.60764,0.06034,0.64931,0.05076,0.00347,0.00681,0.09722,0.02891,0.00000,0.00000,0.02778,0.02634,0.60417,0.06045,0.47133,0.01746,0.00200,0.00000,0.07597,0.00389,0.71679,0.05003
risk_calibrated_temporal_credit_v5,stress_05,0.55556,2,48,0.82986,0.04068,0.62500,0.05795,0.64236,0.05053,0.00694,0.00952,0.14236,0.04238,0.00347,0.00681,0.02083,0.01576,0.56597,0.05565,0.47064,0.01784,0.00200,0.00000,0.07768,0.00378,0.66204,0.04825
risk_calibrated_temporal_credit_v5,stress_05,0.55556,3,48,0.86458,0.04421,0.63889,0.05444,0.63889,0.06476,0.00000,0.00000,0.11806,0.03363,0.00347,0.00681,0.03819,0.02792,0.55556,0.06328,0.47149,0.01770,0.00200,0.00000,0.07519,0.00368,0.69940,0.05083
risk_calibrated_temporal_credit_v5,stress_05,0.55556,4,48,0.88542,0.03100,0.63542,0.06047,0.63889,0.05863,0.00694,0.00952,0.13194,0.04122,0.00000,0.00000,0.01042,0.01153,0.52778,0.05699,0.47106,0.01775,0.00200,0.00000,0.07583,0.00368,0.73218,0.03660
risk_calibrated_temporal_credit_v5,stress_05,0.55556,5,48,0.86111,0.04165,0.62847,0.05076,0.66319,0.05006,0.00000,0.00000,0.11111,0.03552,0.00000,0.00000,0.01389,0.01317,0.51389,0.05313,0.47175,0.01749,0.00200,0.00000,0.07779,0.00400,0.71769,0.04448
risk_calibrated_temporal_credit_v5,stress_05,0.55556,6,48,0.85764,0.04125,0.65278,0.05983,0.67708,0.05705,0.00000,0.00000,0.13542,0.04421,0.00694,0.00952,0.02431,0.01682,0.56944,0.06440,0.47079,0.01798,0.00200,0.00000,0.07705,0.00396,0.69007,0.04903
risk_calibrated_temporal_credit_v5,stress_05,0.55556,7,48,0.86806,0.04005,0.61806,0.06225,0.63194,0.05751,0.00347,0.00681,0.12500,0.03704,0.00694,0.00952,0.02431,0.01682,0.47222,0.06476,0.47186,0.01775,0.00200,0.00000,0.07623,0.00371,0.70302,0.04815
risk_calibrated_temporal_credit_v5,stress_05,0.55556,8,48,0.86458,0.04526,0.61111,0.06177,0.64236,0.05053,0.00000,0.00000,0.10764,0.04294,0.00000,0.00000,0.01736,0.01456,0.52083,0.06570,0.47255,0.01764,0.00200,0.00000,0.07525,0.00334,0.72034,0.04537
risk_calibrated_temporal_credit_v5,stress_05,0.55556,9,48,0.85069,0.04483,0.61458,0.06086,0.63542,0.05558,0.00347,0.00681,0.12847,0.04154,0.00000,0.00000,0.01736,0.01751,0.55903,0.07245,0.47130,0.01769,0.00200,0.00000,0.07668,0.00402,0.69624,0.04531
risk_calibrated_temporal_credit_v5,stress_06,0.66667,0,48,0.85764,0.04349,0.61458,0.05429,0.68403,0.05076,0.00694,0.00952,0.14931,0.04266,0.00347,0.00681,0.02778,0.01776,0.54167,0.05956,0.49266,0.01900,0.00200,0.00000,0.07790,0.00455,0.67907,0.04566
risk_calibrated_temporal_credit_v5,stress_06,0.66667,1,48,0.86458,0.04312,0.60417,0.05640,0.62500,0.06980,0.00000,0.00000,0.11111,0.03552,0.00000,0.00000,0.03819,0.02430,0.53125,0.06047,0.49217,0.01888,0.00200,0.00000,0.07611,0.00479,0.70283,0.04517
risk_calibrated_temporal_credit_v5,stress_06,0.66667,2,48,0.91319,0.03368,0.60764,0.05282,0.62500,0.06035,0.00694,0.00952,0.14236,0.04349,0.00000,0.00000,0.01042,0.01153,0.52778,0.05177,0.49245,0.01896,0.00200,0.00000,0.07606,0.00454,0.75216,0.03832
risk_calibrated_temporal_credit_v5,stress_06,0.66667,3,48,0.85069,0.04689,0.61806,0.04761,0.66667,0.05147,0.00000,0.00000,0.10417,0.03720,0.00000,0.00000,0.02778,0.02246,0.49306,0.04660,0.49250,0.01870,0.00200,0.00000,0.07821,0.00475,0.69826,0.04771
risk_calibrated_temporal_credit_v5,stress_06,0.66667,4,48,0.86458,0.04087,0.65625,0.05705,0.62500,0.06266,0.00000,0.00000,0.13889,0.04386,0.00694,0.00952,0.03472,0.02166,0.57986,0.06151,0.49159,0.01915,0.00200,0.00000,0.07706,0.00491,0.68577,0.04368
risk_calibrated_temporal_credit_v5,stress_06,0.66667,5,48,0.85764,0.04456,0.60417,0.07056,0.61458,0.05429,0.00347,0.00681,0.15278,0.03991,0.00694,0.00952,0.02431,0.01682,0.47569,0.05835,0.49270,0.01906,0.00200,0.00000,0.07678,0.00464,0.67761,0.05146
risk_calibrated_temporal_credit_v5,stress_06,0.66667,6,48,0.86458,0.04630,0.59028,0.05832,0.60764,0.05458,0.00000,0.00000,0.10764,0.04182,0.00000,0.00000,0.02083,0.01576,0.49653,0.06265,0.49308,0.01887,0.00200,0.00000,0.07512,0.00438,0.71491,0.04911
risk_calibrated_temporal_credit_v5,stress_06,0.66667,7,48,0.84722,0.04748,0.60417,0.06424,0.63542,0.05297,0.00000,0.00000,0.15972,0.04345,0.00000,0.00000,0.02431,0.01943,0.54167,0.06774,0.49260,0.01888,0.00200,0.00000,0.07685,0.00488,0.67359,0.04922
risk_calibrated_temporal_credit_v5,stress_06,0.66667,8,48,0.82639,0.04660,0.60764,0.05712,0.64583,0.04198,0.00000,0.00000,0.14236,0.04958,0.00000,0.00000,0.02778,0.01776,0.54167,0.06415,0.49299,0.01904,0.00200,0.00000,0.07712,0.00443,0.65784,0.05131
risk_calibrated_temporal_credit_v5,stress_06,0.66667,9,48,0.86806,0.03762,0.59028,0.05234,0.66319,0.05192,0.00347,0.00681,0.13889,0.04492,0.00347,0.00681,0.02083,0.01576,0.49306,0.07718,0.49300,0.01948,0.00200,0.00000,0.07577,0.00456,0.69978,0.03609
risk_calibrated_temporal_credit_v5,stress_07,0.77778,0,48,0.90278,0.03870,0.58681,0.05501,0.61806,0.05832,0.00347,0.00681,0.14236,0.04349,0.00000,0.00000,0.01389,0.01317,0.50347,0.05100,0.51306,0.02005,0.00220,0.00015,0.07660,0.00549,0.73794,0.04378
risk_calibrated_temporal_credit_v5,stress_07,0.77778,1,48,0.86458,0.04312,0.59722,0.04847,0.63194,0.04859,0.00000,0.00000,0.13542,0.03970,0.00000,0.00000,0.02083,0.02092,0.52431,0.04958,0.51378,0.02012,0.00223,0.00017,0.07796,0.00572,0.69991,0.04569
risk_calibrated_temporal_credit_v5,stress_07,0.77778,2,48,0.87847,0.04321,0.64236,0.05586,0.62153,0.05975,0.00000,0.00000,0.14931,0.04266,0.00694,0.00952,0.03125,0.02313,0.55556,0.05531,0.51278,0.02062,0.00224,0.00018,0.07748,0.00564,0.69403,0.04597
risk_calibrated_temporal_credit_v5,stress_07,0.77778,3,48,0.83681,0.04813,0.60417,0.05640,0.60764,0.05006,0.00347,0.00681,0.18403,0.04154,0.00694,0.00952,0.01736,0.01751,0.46181,0.05774,0.51365,0.02026,0.00218,0.00012,0.07682,0.00549,0.64459,0.05030
risk_calibrated_temporal_credit_v5,stress_07,0.77778,4,48,0.85417,0.04827,0.59028,0.05050,0.56944,0.06215,0.00694,0.00952,0.13542,0.04312,0.00000,0.00000,0.01736,0.01456,0.53819,0.06246,0.51355,0.02008,0.00220,0.00016,0.07587,0.00540,0.68835,0.04965
risk_calibrated_temporal_credit_v5,stress_07,0.77778,5,48,0.84722,0.04439,0.58681,0.05753,0.62847,0.05608,0.00000,0.00000,0.17014,0.04294,0.00000,0.00000,0.02083,0.01576,0.51736,0.06894,0.51385,0.02018,0.00219,0.00015,0.07759,0.00581,0.66796,0.04425
risk_calibrated_temporal_credit_v5,stress_07,0.77778,6,48,0.84028,0.04453,0.57292,0.05746,0.62847,0.04689,0.00000,0.00000,0.15972,0.05143,0.00347,0.00681,0.04167,0.02063,0.51042,0.05949,0.51365,0.02040,0.00219,0.00015,0.07735,0.00530,0.64868,0.04782
risk_calibrated_temporal_credit_v5,stress_07,0.77778,7,48,0.85764,0.04009,0.58681,0.05501,0.63889,0.05085,0.00000,0.00000,0.17708,0.05184,0.00000,0.00000,0.02431,0.01682,0.48611,0.07771,0.51371,0.02038,0.00217,0.00010,0.07651,0.00552,0.67333,0.04329
risk_calibrated_temporal_credit_v5,stress_07,0.77778,8,48,0.84722,0.04107,0.56597,0.05304,0.63542,0.05115,0.00347,0.00681,0.11806,0.04235,0.00000,0.00000,0.03125,0.02691,0.59375,0.05138,0.51322,0.02044,0.00217,0.00013,0.07617,0.00549,0.68181,0.04173
risk_calibrated_temporal_credit_v5,stress_07,0.77778,9,48,0.86111,0.04049,0.63194,0.05584,0.54167,0.05459,0.00694,0.00952,0.13542,0.04312,0.00000,0.00000,0.02778,0.01776,0.53125,0.05297,0.51337,0.02008,0.00225,0.00017,0.07788,0.00567,0.68886,0.04306
risk_calibrated_temporal_credit_v5,stress_08,0.88889,0,48,0.87500,0.04069,0.60069,0.06131,0.60764,0.05875,0.00000,0.00000,0.14236,0.04009,0.00347,0.00681,0.04167,0.02480,0.52083,0.05204,0.53422,0.02191,0.00507,0.00141,0.07712,0.00645,0.68718,0.04009
risk_calibrated_temporal_credit_v5,stress_08,0.88889,1,48,0.84375,0.04706,0.61806,0.05234,0.56597,0.05565,0.00347,0.00681,0.15625,0.04058,0.00347,0.00681,0.02778,0.02025,0.46875,0.05889,0.53545,0.02128,0.00493,0.00138,0.07696,0.00638,0.65685,0.04624
risk_calibrated_temporal_credit_v5,stress_08,0.88889,2,48,0.85069,0.04886,0.55556,0.05268,0.58333,0.07147,0.00694,0.00952,0.15972,0.04453,0.00000,0.00000,0.01736,0.01456,0.51736,0.05691,0.53484,0.02136,0.00511,0.00145,0.07727,0.00640,0.67103,0.04647
risk_calibrated_temporal_credit_v5,stress_08,0.88889,3,48,0.86111,0.04277,0.55208,0.05429,0.61806,0.05832,0.00000,0.00000,0.19444,0.04798,0.00000,0.00000,0.02778,0.02025,0.51736,0.06469,0.53425,0.02159,0.00490,0.00135,0.07812,0.00672,0.66385,0.04545
risk_calibrated_temporal_credit_v5,stress_08,0.88889,4,48,0.86806,0.04122,0.55556,0.05616,0.61111,0.04798,0.00000,0.00000,0.17361,0.05324,0.00347,0.00681,0.03819,0.02003,0.50000,0.05996,0.53513,0.02169,0.00479,0.00134,0.07749,0.00647,0.66914,0.04082
risk_calibrated_temporal_credit_v5,stress_08,0.88889,5,48,0.85069,0.04266,0.59375,0.05664,0.64583,0.04827,0.00000,0.00000,0.15972,0.04558,0.00000,0.00000,0.02778,0.01776,0.47569,0.07080,0.53460,0.02153,0.00491,0.00136,0.07687,0.00634,0.66796,0.04623
risk_calibrated_temporal_credit_v5,stress_08,0.88889,6,48,0.84375,0.04058,0.52778,0.05616,0.60069,0.05123,0.00347,0.00681,0.13889,0.03931,0.00000,0.00000,0.03125,0.02691,0.58681,0.05146,0.53409,0.02164,0.00498,0.00137,0.07646,0.00637,0.66602,0.04506
risk_calibrated_temporal_credit_v5,stress_08,0.88889,7,48,0.86458,0.04312,0.59028,0.05832,0.52431,0.05237,0.00694,0.00952,0.16319,0.04182,0.00000,0.00000,0.03125,0.01860,0.52083,0.05886,0.53463,0.02133,0.00495,0.00139,0.07788,0.00656,0.67490,0.04525
risk_calibrated_temporal_credit_v5,stress_08,0.88889,8,48,0.84722,0.04107,0.58333,0.05054,0.56250,0.05886,0.00000,0.00000,0.17014,0.04294,0.00000,0.00000,0.01042,0.01153,0.50347,0.05371,0.53610,0.02177,0.00492,0.00136,0.07899,0.00658,0.67064,0.04136
risk_calibrated_temporal_credit_v5,stress_08,0.88889,9,48,0.86111,0.04277,0.54167,0.05876,0.64236,0.05237,0.00347,0.00681,0.13194,0.04122,0.00000,0.00000,0.02778,0.02025,0.47569,0.06227,0.53506,0.02160,0.00498,0.00139,0.07813,0.00665,0.68830,0.04545
risk_calibrated_temporal_credit_v5,stress_09,1.00000,0,48,0.85069,0.04982,0.55903,0.05458,0.52431,0.06596,0.00694,0.00952,0.16319,0.04509,0.00000,0.00000,0.02431,0.01682,0.48958,0.05274,0.55537,0.02249,0.00987,0.00270,0.07747,0.00716,0.66160,0.04827
risk_calibrated_temporal_credit_v5,stress_09,1.00000,1,48,0.86111,0.04492,0.56250,0.05470,0.60069,0.05895,0.00000,0.00000,0.17361,0.04660,0.00000,0.00000,0.03125,0.02099,0.51736,0.06614,0.55423,0.02259,0.00958,0.00261,0.07859,0.00735,0.66688,0.04789
risk_calibrated_temporal_credit_v5,stress_09,1.00000,2,48,0.86806,0.04453,0.54861,0.05832,0.62500,0.05956,0.00000,0.00000,0.16667,0.05147,0.00347,0.00681,0.03472,0.01935,0.48958,0.06334,0.55538,0.02269,0.00958,0.00257,0.07757,0.00734,0.67058,0.04833
risk_calibrated_temporal_credit_v5,stress_09,1.00000,3,48,0.85069,0.04376,0.57292,0.06067,0.61111,0.05268,0.00347,0.00681,0.17361,0.03634,0.00000,0.00000,0.02778,0.01776,0.47222,0.06403,0.55498,0.02230,0.00967,0.00261,0.07721,0.00712,0.65682,0.04670
risk_calibrated_temporal_credit_v5,stress_09,1.00000,4,48,0.85069,0.03670,0.50000,0.05054,0.61806,0.04761,0.00347,0.00681,0.15625,0.03818,0.00000,0.00000,0.02083,0.02092,0.53472,0.05234,0.55426,0.02254,0.00969,0.00262,0.07587,0.00689,0.66853,0.03967
risk_calibrated_temporal_credit_v5,stress_09,1.00000,5,48,0.86806,0.04005,0.55556,0.06100,0.51389,0.05131,0.00694,0.00952,0.20139,0.04761,0.00000,0.00000,0.03472,0.01935,0.50694,0.05584,0.55552,0.02233,0.00960,0.00261,0.07802,0.00725,0.65646,0.04563
risk_calibrated_temporal_credit_v5,stress_09,1.00000,6,48,0.83681,0.04613,0.56944,0.05401,0.56250,0.05723,0.00000,0.00000,0.18403,0.04154,0.00694,0.00952,0.01736,0.01456,0.51736,0.05935,0.55688,0.02268,0.00969,0.00258,0.07907,0.00742,0.63873,0.04736
risk_calibrated_temporal_credit_v5,stress_09,1.00000,7,48,0.85764,0.04561,0.49306,0.06071,0.60417,0.05805,0.00347,0.00681,0.14583,0.04198,0.00000,0.00000,0.03125,0.01860,0.49653,0.06112,0.55577,0.02246,0.00984,0.00264,0.07864,0.00733,0.67314,0.04919
risk_calibrated_temporal_credit_v5,stress_09,1.00000,8,48,0.86111,0.04277,0.60417,0.05640,0.60417,0.05640,0.00347,0.00681,0.18056,0.04847,0.00000,0.00000,0.04167,0.02063,0.51736,0.05076,0.55459,0.02262,0.00971,0.00265,0.07787,0.00727,0.65577,0.04543
risk_calibrated_temporal_credit_v5,stress_09,1.00000,9,48,0.87153,0.04266,0.47917,0.05556,0.63889,0.05268,0.00000,0.00000,0.17708,0.04500,0.00347,0.00681,0.04167,0.02281,0.51736,0.06469,0.55504,0.02228,0.00956,0.00260,0.07787,0.00715,0.66543,0.05100
sequence_contrastive_credit,stress_00,0.00000,0,48,0.66667,0.05238,0.51736,0.05855,0.44097,0.05629,0.06944,0.03201,0.21875,0.05252,0.03472,0.02166,0.11806,0.03885,0.38542,0.05252,0.62133,0.01135,0.00699,0.00162,0.24951,0.00579,0.31710,0.06453
sequence_contrastive_credit,stress_00,0.00000,1,48,0.65625,0.04604,0.43403,0.05123,0.42014,0.06073,0.04861,0.02374,0.20833,0.04814,0.05208,0.02413,0.06944,0.03618,0.36806,0.05584,0.62039,0.01132,0.00722,0.00165,0.24897,0.00575,0.33223,0.06573
sequence_contrastive_credit,stress_00,0.00000,2,48,0.64583,0.06424,0.50694,0.05143,0.39931,0.05393,0.05556,0.02808,0.22917,0.04626,0.02778,0.02025,0.11458,0.03660,0.39583,0.05886,0.62070,0.01159,0.00728,0.00166,0.24970,0.00560,0.30843,0.07994
sequence_contrastive_credit,stress_00,0.00000,3,48,0.61806,0.05992,0.50347,0.05100,0.46528,0.06071,0.06597,0.02706,0.23611,0.04545,0.02778,0.01776,0.12847,0.03920,0.34028,0.05668,0.61975,0.01172,0.00713,0.00157,0.24897,0.00543,0.26428,0.07889
sequence_contrastive_credit,stress_00,0.00000,4,48,0.66667,0.05238,0.48611,0.05401,0.40278,0.06061,0.05903,0.02662,0.22222,0.05444,0.02778,0.02025,0.09028,0.03069,0.36458,0.05115,0.62028,0.01179,0.00704,0.00157,0.24664,0.00610,0.34566,0.06470
sequence_contrastive_credit,stress_00,0.00000,5,48,0.71528,0.05143,0.48611,0.04221,0.43056,0.05573,0.04167,0.02281,0.21875,0.04367,0.02083,0.01852,0.09375,0.02903,0.43056,0.05903,0.61940,0.01124,0.00694,0.00154,0.24851,0.00612,0.40970,0.06333
sequence_contrastive_credit,stress_00,0.00000,6,48,0.63542,0.05558,0.48611,0.05488,0.41667,0.06739,0.05903,0.02996,0.19097,0.04664,0.02083,0.01852,0.11458,0.03528,0.38542,0.05684,0.61962,0.01156,0.00664,0.00153,0.24885,0.00599,0.32025,0.05287
sequence_contrastive_credit,stress_00,0.00000,7,48,0.64236,0.05671,0.51042,0.05184,0.48264,0.06093,0.04861,0.02374,0.23611,0.04648,0.03819,0.02003,0.08681,0.02916,0.38889,0.06403,0.62098,0.01167,0.00694,0.00164,0.24908,0.00590,0.31112,0.06552
sequence_contrastive_credit,stress_00,0.00000,8,48,0.67361,0.05324,0.49306,0.05584,0.47569,0.05237,0.04861,0.02566,0.24306,0.04956,0.03125,0.01860,0.10764,0.03950,0.36458,0.05889,0.62075,0.01175,0.00703,0.00157,0.24748,0.00569,0.33420,0.06940
sequence_contrastive_credit,stress_00,0.00000,9,48,0.63889,0.06762,0.50000,0.05754,0.46875,0.06500,0.05903,0.02662,0.18403,0.04689,0.04167,0.02063,0.09375,0.03356,0.34028,0.04761,0.62000,0.01186,0.00707,0.00157,0.24863,0.00577,0.31654,0.07748
sequence_contrastive_credit,stress_01,0.11111,0,48,0.63194,0.06071,0.47222,0.05085,0.39236,0.05282,0.05556,0.02808,0.22222,0.04596,0.03472,0.02374,0.11458,0.04029,0.39236,0.05955,0.64237,0.01287,0.01563,0.00278,0.26125,0.00597,0.28568,0.07407
sequence_contrastive_credit,stress_01,0.11111,1,48,0.61458,0.05601,0.46528,0.04859,0.43750,0.06275,0.06597,0.03035,0.22917,0.04728,0.03819,0.02226,0.12153,0.04321,0.31597,0.05691,0.64202,0.01301,0.01567,0.00270,0.26055,0.00581,0.25233,0.07391
sequence_contrastive_credit,stress_01,0.11111,2,48,0.65625,0.05184,0.45139,0.04956,0.38889,0.06100,0.06944,0.02891,0.25694,0.05324,0.04861,0.02566,0.10069,0.03472,0.34722,0.05401,0.64233,0.01296,0.01562,0.00269,0.25846,0.00660,0.28207,0.06546
sequence_contrastive_credit,stress_01,0.11111,3,48,0.71528,0.05143,0.45139,0.05143,0.42014,0.05915,0.05903,0.02662,0.22222,0.04492,0.02431,0.02173,0.09028,0.03363,0.43403,0.06208,0.64077,0.01256,0.01549,0.00272,0.26003,0.00629,0.39414,0.06416
sequence_contrastive_credit,stress_01,0.11111,4,48,0.63194,0.05498,0.47569,0.05414,0.42014,0.06073,0.07292,0.03212,0.20486,0.04376,0.03125,0.02099,0.09722,0.03201,0.35069,0.05436,0.64158,0.01282,0.01504,0.00267,0.26102,0.00625,0.29939,0.05178
sequence_contrastive_credit,stress_01,0.11111,5,48,0.61806,0.05498,0.46875,0.05558,0.45833,0.05956,0.06944,0.02722,0.25694,0.04859,0.05556,0.02448,0.09028,0.03069,0.38542,0.05429,0.64218,0.01289,0.01533,0.00281,0.26044,0.00603,0.24275,0.06341
sequence_contrastive_credit,stress_01,0.11111,6,48,0.63542,0.05889,0.46181,0.06093,0.46181,0.04886,0.05556,0.02448,0.22917,0.04523,0.03125,0.01860,0.11111,0.03682,0.33681,0.05712,0.64288,0.01272,0.01545,0.00270,0.26030,0.00592,0.29214,0.07080
sequence_contrastive_credit,stress_01,0.11111,7,48,0.64931,0.06469,0.50347,0.05955,0.45139,0.05498,0.06597,0.03187,0.19444,0.04596,0.05208,0.02602,0.10069,0.03333,0.30903,0.05414,0.64190,0.01299,0.01546,0.00274,0.26176,0.00606,0.29931,0.07918
sequence_contrastive_credit,stress_01,0.11111,8,48,0.68403,0.04789,0.43403,0.05304,0.38542,0.06608,0.05556,0.02634,0.25347,0.04764,0.04167,0.02480,0.11111,0.03274,0.39583,0.04827,0.64115,0.01296,0.01550,0.00274,0.26079,0.00609,0.31936,0.06734
sequence_contrastive_credit,stress_01,0.11111,9,48,0.64931,0.06246,0.47222,0.05085,0.39236,0.06189,0.05556,0.02808,0.19444,0.04698,0.04167,0.02063,0.12500,0.03829,0.35069,0.05523,0.64202,0.01287,0.01542,0.00278,0.26182,0.00624,0.30068,0.06184
sequence_contrastive_credit,stress_02,0.22222,0,48,0.65278,0.04944,0.42014,0.05237,0.36806,0.05913,0.06944,0.02891,0.26389,0.05573,0.05556,0.02971,0.11111,0.03416,0.34375,0.06183,0.66402,0.01425,0.02684,0.00300,0.27009,0.00645,0.25722,0.07250
sequence_contrastive_credit,stress_02,0.22222,1,48,0.69097,0.04349,0.46875,0.05207,0.40625,0.05909,0.06250,0.02503,0.26736,0.04535,0.03472,0.02374,0.11458,0.03660,0.38194,0.04558,0.66349,0.01381,0.02683,0.00305,0.27121,0.00617,0.31814,0.05415
sequence_contrastive_credit,stress_02,0.22222,2,48,0.62847,0.06093,0.45486,0.05815,0.42361,0.06071,0.07986,0.03505,0.24306,0.04859,0.03472,0.02744,0.11458,0.03660,0.33681,0.05794,0.66325,0.01420,0.02617,0.00303,0.27194,0.00635,0.25761,0.06225
sequence_contrastive_credit,stress_02,0.22222,3,48,0.63542,0.05726,0.45139,0.05668,0.40625,0.04655,0.07986,0.02749,0.25694,0.05234,0.05556,0.02448,0.10417,0.03316,0.37153,0.05436,0.66390,0.01398,0.02664,0.00316,0.27307,0.00589,0.24212,0.06705
sequence_contrastive_credit,stress_02,0.22222,4,48,0.65972,0.05324,0.45833,0.06035,0.42708,0.04340,0.05903,0.02662,0.25347,0.04125,0.05556,0.02634,0.11458,0.04144,0.31250,0.05556,0.66403,0.01410,0.02675,0.00304,0.27243,0.00590,0.27139,0.06953
sequence_contrastive_credit,stress_02,0.22222,5,48,0.66667,0.05671,0.49653,0.05712,0.43750,0.05805,0.07292,0.03494,0.22569,0.05006,0.03472,0.01935,0.11111,0.03931,0.28472,0.05992,0.66420,0.01419,0.02648,0.00310,0.27351,0.00597,0.30840,0.07368
sequence_contrastive_credit,stress_02,0.22222,6,48,0.67708,0.05092,0.40278,0.06215,0.37153,0.05523,0.05208,0.02778,0.29167,0.04715,0.05556,0.02808,0.12500,0.03574,0.37153,0.04376,0.66321,0.01412,0.02676,0.00310,0.27149,0.00621,0.26972,0.06686
sequence_contrastive_credit,stress_02,0.22222,7,48,0.64583,0.06424,0.47569,0.05146,0.38889,0.06692,0.06944,0.03050,0.19444,0.04895,0.05208,0.02209,0.11806,0.03501,0.35764,0.05501,0.66406,0.01404,0.02667,0.00312,0.27295,0.00642,0.27896,0.07326
sequence_contrastive_credit,stress_02,0.22222,8,48,0.63542,0.05297,0.48958,0.06408,0.40625,0.05746,0.06597,0.03035,0.28125,0.05429,0.04514,0.02330,0.10417,0.03018,0.39931,0.05895,0.66502,0.01427,0.02661,0.00310,0.27142,0.00619,0.24986,0.07384
sequence_contrastive_credit,stress_02,0.22222,9,48,0.65972,0.05751,0.43056,0.05822,0.38542,0.05601,0.07986,0.02749,0.25347,0.05586,0.03819,0.02226,0.12500,0.03704,0.36458,0.05643,0.66256,0.01435,0.02681,0.00312,0.27095,0.00620,0.27426,0.07388
sequence_contrastive_credit,stress_03,0.33333,0,48,0.59375,0.06518,0.43056,0.05401,0.40278,0.05983,0.07986,0.02916,0.27778,0.04991,0.03819,0.02792,0.10764,0.03437,0.32639,0.05234,0.68459,0.01570,0.03770,0.00332,0.28226,0.00641,0.20445,0.07804
sequence_contrastive_credit,stress_03,0.33333,1,48,0.64931,0.05349,0.42361,0.05498,0.41319,0.05326,0.08333,0.03369,0.25000,0.05054,0.06597,0.02330,0.11458,0.03528,0.36111,0.06022,0.68601,0.01537,0.03820,0.00348,0.28438,0.00594,0.23488,0.06672
sequence_contrastive_credit,stress_03,0.33333,2,48,0.63889,0.05782,0.43750,0.04626,0.39236,0.05100,0.06250,0.02686,0.30208,0.05643,0.04167,0.02480,0.12500,0.03829,0.30556,0.05863,0.68631,0.01527,0.03813,0.00334,0.28357,0.00588,0.23282,0.07326
sequence_contrastive_credit,stress_03,0.33333,3,48,0.66667,0.05502,0.46181,0.05855,0.39583,0.05294,0.07986,0.03368,0.25347,0.05053,0.03125,0.01860,0.11458,0.04029,0.28472,0.05992,0.68629,0.01544,0.03795,0.00337,0.28355,0.00562,0.29062,0.06986
sequence_contrastive_credit,stress_03,0.33333,4,48,0.67361,0.05324,0.42361,0.06665,0.37847,0.06208,0.05903,0.02662,0.30556,0.04165,0.06250,0.02686,0.13889,0.04492,0.35764,0.04456,0.68550,0.01544,0.03823,0.00340,0.28290,0.00605,0.23634,0.06138
sequence_contrastive_credit,stress_03,0.33333,5,48,0.64931,0.05935,0.47569,0.05414,0.36111,0.06253,0.06250,0.02856,0.24306,0.04956,0.03819,0.02003,0.15625,0.04285,0.35417,0.04924,0.68608,0.01536,0.03820,0.00340,0.28398,0.00636,0.25250,0.07315
sequence_contrastive_credit,stress_03,0.33333,6,48,0.64236,0.05414,0.47569,0.06377,0.35764,0.05835,0.07986,0.03224,0.25694,0.04956,0.04861,0.02374,0.12847,0.04154,0.39931,0.05975,0.68588,0.01555,0.03807,0.00338,0.28214,0.00583,0.23720,0.06999
sequence_contrastive_credit,stress_03,0.33333,7,48,0.61458,0.05767,0.43403,0.04935,0.40972,0.05668,0.08681,0.02380,0.25000,0.05147,0.06250,0.02307,0.13889,0.03809,0.37153,0.04982,0.68506,0.01562,0.03823,0.00336,0.28181,0.00621,0.18739,0.07249
sequence_contrastive_credit,stress_03,0.33333,8,48,0.64236,0.06073,0.42708,0.05579,0.38542,0.05929,0.07986,0.03224,0.28472,0.05324,0.03472,0.01935,0.12500,0.03152,0.35417,0.04827,0.68449,0.01508,0.03784,0.00333,0.28225,0.00609,0.24320,0.07162
sequence_contrastive_credit,stress_03,0.33333,9,48,0.64931,0.05349,0.47917,0.06350,0.37153,0.05259,0.07639,0.03220,0.25694,0.05832,0.04167,0.02281,0.09722,0.03484,0.35417,0.05640,0.68625,0.01549,0.03830,0.00330,0.28156,0.00611,0.27275,0.07386
sequence_contrastive_credit,stress_04,0.44444,0,48,0.61458,0.05429,0.42361,0.05498,0.37847,0.04321,0.06944,0.02543,0.31944,0.04944,0.04514,0.02525,0.15278,0.04439,0.27778,0.05268,0.70847,0.01662,0.04961,0.00358,0.29430,0.00598,0.17239,0.07216
sequence_contrastive_credit,stress_04,0.44444,1,48,0.67361,0.05412,0.44792,0.05515,0.35069,0.05436,0.09375,0.03494,0.28125,0.05252,0.04514,0.02117,0.12847,0.03797,0.26736,0.05123,0.70783,0.01675,0.04946,0.00367,0.29399,0.00553,0.25097,0.06512
sequence_contrastive_credit,stress_04,0.44444,2,48,0.65625,0.04500,0.42014,0.06227,0.35764,0.05915,0.07292,0.03212,0.31944,0.04332,0.06944,0.03050,0.15278,0.04107,0.34722,0.04847,0.70696,0.01668,0.04975,0.00367,0.29324,0.00592,0.18588,0.06025
sequence_contrastive_credit,stress_04,0.44444,3,48,0.63542,0.05385,0.49306,0.05832,0.32639,0.05324,0.08681,0.03074,0.26042,0.04340,0.05208,0.02209,0.16319,0.04068,0.35417,0.05204,0.70889,0.01675,0.04966,0.00376,0.29372,0.00596,0.19551,0.06817
sequence_contrastive_credit,stress_04,0.44444,4,48,0.64236,0.05835,0.46181,0.05691,0.32986,0.05100,0.09722,0.03346,0.26042,0.04756,0.05556,0.02246,0.13889,0.04165,0.39236,0.06034,0.70742,0.01682,0.04963,0.00365,0.29242,0.00592,0.20894,0.07483
sequence_contrastive_credit,stress_04,0.44444,5,48,0.62153,0.05650,0.42014,0.05146,0.38194,0.05050,0.10069,0.02525,0.23958,0.04854,0.04861,0.02166,0.13194,0.03634,0.36111,0.05444,0.70741,0.01695,0.04962,0.00364,0.29278,0.00627,0.20714,0.06844
sequence_contrastive_credit,stress_04,0.44444,6,48,0.65625,0.05537,0.41319,0.05753,0.39236,0.05955,0.10417,0.03170,0.28819,0.05214,0.02431,0.01682,0.13542,0.03175,0.36111,0.04492,0.70689,0.01629,0.04933,0.00369,0.29306,0.00610,0.24447,0.06306
sequence_contrastive_credit,stress_04,0.44444,7,48,0.62153,0.05650,0.46181,0.06469,0.37847,0.05480,0.07292,0.03061,0.28125,0.05684,0.04861,0.02566,0.09028,0.03363,0.37847,0.04935,0.70822,0.01698,0.04983,0.00358,0.29242,0.00618,0.22866,0.07614
sequence_contrastive_credit,stress_04,0.44444,8,48,0.61458,0.05767,0.46875,0.06572,0.32986,0.06189,0.07292,0.02735,0.28819,0.05565,0.04167,0.02281,0.11111,0.03274,0.32292,0.05363,0.70709,0.01657,0.04934,0.00374,0.29398,0.00605,0.21374,0.07764
sequence_contrastive_credit,stress_04,0.44444,9,48,0.61806,0.05751,0.39931,0.05480,0.34722,0.05401,0.07292,0.03061,0.24653,0.05753,0.05556,0.02634,0.12847,0.04376,0.31944,0.05903,0.70815,0.01664,0.04953,0.00364,0.29335,0.00590,0.20848,0.08871
sequence_contrastive_credit,stress_05,0.55556,0,48,0.64931,0.04886,0.37847,0.05975,0.35764,0.05671,0.08333,0.03507,0.35764,0.04456,0.07292,0.02903,0.17361,0.04122,0.30903,0.04664,0.72949,0.01796,0.06122,0.00395,0.30303,0.00591,0.13663,0.05905
sequence_contrastive_credit,stress_05,0.55556,1,48,0.62153,0.05650,0.48958,0.05537,0.29861,0.05234,0.10069,0.03035,0.27083,0.04924,0.06250,0.02503,0.17014,0.04403,0.34028,0.04859,0.73017,0.01795,0.06107,0.00403,0.30349,0.00603,0.15050,0.08555
sequence_contrastive_credit,stress_05,0.55556,2,48,0.59722,0.05740,0.44792,0.06750,0.31250,0.05019,0.10069,0.03472,0.23958,0.05579,0.06597,0.02706,0.14236,0.04238,0.39236,0.06112,0.73009,0.01798,0.06085,0.00392,0.30353,0.00580,0.15275,0.08705
sequence_contrastive_credit,stress_05,0.55556,3,48,0.63889,0.05444,0.40625,0.04854,0.35764,0.05146,0.11806,0.02566,0.26389,0.05573,0.04167,0.02063,0.14236,0.03766,0.32639,0.05324,0.72952,0.01820,0.06105,0.00388,0.30374,0.00605,0.20269,0.06386
sequence_contrastive_credit,stress_05,0.55556,4,48,0.63194,0.05234,0.38194,0.05832,0.35764,0.05835,0.10764,0.03297,0.29514,0.04483,0.03125,0.01860,0.15625,0.03138,0.34375,0.05705,0.72920,0.01750,0.06085,0.00395,0.30325,0.00617,0.19053,0.06299
sequence_contrastive_credit,stress_05,0.55556,5,48,0.63889,0.05357,0.41667,0.06303,0.36111,0.05444,0.09028,0.03069,0.30903,0.04958,0.05208,0.02602,0.11806,0.04005,0.35069,0.04587,0.73025,0.01840,0.06118,0.00393,0.30292,0.00622,0.20054,0.07127
sequence_contrastive_credit,stress_05,0.55556,6,48,0.57986,0.05414,0.44097,0.06632,0.28472,0.05412,0.08681,0.03224,0.29167,0.05545,0.05903,0.02996,0.11806,0.03363,0.31944,0.05401,0.72880,0.01780,0.06084,0.00394,0.30383,0.00606,0.14309,0.08250
sequence_contrastive_credit,stress_05,0.55556,7,48,0.60764,0.06265,0.38194,0.05234,0.34375,0.05537,0.10417,0.03590,0.28125,0.05515,0.05903,0.02834,0.13194,0.04122,0.34028,0.06300,0.73019,0.01817,0.06099,0.00394,0.30306,0.00593,0.15807,0.09110
sequence_contrastive_credit,stress_05,0.55556,8,48,0.60069,0.05733,0.39236,0.04714,0.35764,0.06451,0.10417,0.03845,0.26389,0.05313,0.04514,0.02117,0.16667,0.04959,0.33333,0.05147,0.72990,0.01780,0.06106,0.00391,0.30308,0.00617,0.15221,0.07568
sequence_contrastive_credit,stress_05,0.55556,9,48,0.63889,0.06476,0.44097,0.05955,0.33681,0.04911,0.08333,0.02918,0.28819,0.04739,0.07292,0.03356,0.14931,0.04038,0.27431,0.04813,0.73011,0.01779,0.06101,0.00391,0.30395,0.00625,0.17037,0.07213
sequence_contrastive_credit,stress_06,0.66667,0,48,0.59375,0.05828,0.44792,0.06608,0.32292,0.05274,0.10417,0.03966,0.28819,0.05650,0.09375,0.03061,0.15625,0.04604,0.39583,0.06123,0.75207,0.01926,0.07245,0.00414,0.31341,0.00620,0.08358,0.08210
sequence_contrastive_credit,stress_06,0.66667,1,48,0.64931,0.05608,0.37847,0.05030,0.36111,0.05444,0.14236,0.03224,0.26736,0.05393,0.04861,0.02374,0.15625,0.04058,0.29167,0.05795,0.75132,0.01941,0.07252,0.00416,0.31449,0.00614,0.17932,0.06294
sequence_contrastive_credit,stress_06,0.66667,2,48,0.62500,0.05795,0.34028,0.05498,0.33681,0.05712,0.12847,0.03797,0.32292,0.04604,0.05208,0.02602,0.17014,0.03828,0.35764,0.05835,0.75125,0.01894,0.07236,0.00421,0.31311,0.00607,0.12594,0.07251
sequence_contrastive_credit,stress_06,0.66667,3,48,0.59375,0.05494,0.42708,0.06296,0.34722,0.05740,0.10069,0.02875,0.33681,0.04714,0.06250,0.02856,0.14583,0.04198,0.31944,0.04221,0.75242,0.01968,0.07271,0.00421,0.31315,0.00626,0.10559,0.06454
sequence_contrastive_credit,stress_06,0.66667,4,48,0.56597,0.04935,0.42014,0.05835,0.29167,0.05630,0.10069,0.03472,0.29861,0.04453,0.06597,0.03035,0.13542,0.04087,0.30208,0.05207,0.74999,0.01912,0.07229,0.00419,0.31391,0.00643,0.09691,0.08298
sequence_contrastive_credit,stress_06,0.66667,5,48,0.60069,0.05565,0.33333,0.05054,0.34028,0.05143,0.10069,0.03333,0.29514,0.05259,0.06597,0.03187,0.14583,0.03845,0.31944,0.05983,0.75227,0.01934,0.07244,0.00418,0.31384,0.00634,0.12626,0.08307
sequence_contrastive_credit,stress_06,0.66667,6,48,0.62847,0.05855,0.38194,0.05234,0.36458,0.05808,0.11806,0.04235,0.28819,0.04838,0.04861,0.02566,0.19444,0.05085,0.30556,0.04492,0.75207,0.01909,0.07259,0.00419,0.31293,0.00614,0.13760,0.06611
sequence_contrastive_credit,stress_06,0.66667,7,48,0.60417,0.05204,0.42708,0.05746,0.34722,0.04748,0.11806,0.03501,0.31597,0.04982,0.06944,0.03346,0.13542,0.03849,0.27778,0.05085,0.75167,0.01906,0.07226,0.00417,0.31414,0.00641,0.11540,0.06496
sequence_contrastive_credit,stress_06,0.66667,8,48,0.62847,0.05523,0.38889,0.06762,0.33333,0.06074,0.11458,0.03100,0.26042,0.04552,0.08333,0.03369,0.15278,0.03746,0.30903,0.05671,0.75175,0.01936,0.07255,0.00420,0.31436,0.00589,0.13863,0.07903
sequence_contrastive_credit,stress_06,0.66667,9,48,0.60417,0.05805,0.43403,0.05895,0.30903,0.05237,0.10764,0.03828,0.26736,0.06208,0.06597,0.03035,0.14931,0.04038,0.27083,0.05556,0.75187,0.01921,0.07237,0.00422,0.31363,0.00626,0.13598,0.08703
sequence_contrastive_credit,stress_07,0.77778,0,48,0.60764,0.05282,0.35417,0.05640,0.30903,0.05146,0.12847,0.03670,0.31944,0.05223,0.07292,0.03061,0.19444,0.04798,0.35069,0.06396,0.77318,0.02011,0.08389,0.00449,0.32404,0.00621,0.06762,0.07253
sequence_contrastive_credit,stress_07,0.77778,1,48,0.57639,0.05324,0.42014,0.06151,0.30903,0.05053,0.10417,0.02856,0.34722,0.05313,0.06597,0.02875,0.16319,0.03828,0.30556,0.04492,0.77460,0.02095,0.08404,0.00449,0.32313,0.00629,0.06315,0.07035
sequence_contrastive_credit,stress_07,0.77778,2,48,0.57639,0.05412,0.40625,0.06296,0.27431,0.05192,0.09722,0.03346,0.29861,0.04453,0.07292,0.03212,0.15278,0.03991,0.27778,0.04895,0.77235,0.02041,0.08380,0.00445,0.32433,0.00650,0.08610,0.08690
sequence_contrastive_credit,stress_07,0.77778,3,48,0.56944,0.05573,0.34028,0.05751,0.30556,0.04991,0.11458,0.03528,0.30208,0.05643,0.07292,0.03061,0.15278,0.04545,0.31944,0.05223,0.77453,0.02071,0.08387,0.00446,0.32444,0.00638,0.06900,0.08618
sequence_contrastive_credit,stress_07,0.77778,4,48,0.62153,0.05214,0.38889,0.05782,0.33681,0.05955,0.14236,0.04561,0.30903,0.05146,0.04514,0.02706,0.19097,0.04009,0.28819,0.04638,0.77404,0.02032,0.08408,0.00447,0.32338,0.00631,0.11178,0.05445
sequence_contrastive_credit,stress_07,0.77778,5,48,0.62847,0.05608,0.41667,0.05327,0.33681,0.05371,0.12847,0.03539,0.35069,0.05523,0.07639,0.03363,0.15972,0.03885,0.28819,0.05123,0.77313,0.02053,0.08379,0.00445,0.32479,0.00647,0.09305,0.06898
sequence_contrastive_credit,stress_07,0.77778,6,48,0.63194,0.05584,0.39236,0.06265,0.30903,0.05915,0.12153,0.03187,0.27431,0.04813,0.09722,0.03870,0.16667,0.03507,0.28819,0.05565,0.77352,0.02070,0.08409,0.00446,0.32544,0.00606,0.10463,0.07897
sequence_contrastive_credit,stress_07,0.77778,7,48,0.61458,0.05767,0.37500,0.05459,0.29514,0.04982,0.10417,0.04083,0.30903,0.06073,0.07639,0.03501,0.17361,0.04453,0.27778,0.04991,0.77417,0.02042,0.08375,0.00448,0.32385,0.00653,0.09956,0.08901
sequence_contrastive_credit,stress_07,0.77778,8,48,0.61806,0.04956,0.31944,0.05401,0.35417,0.04417,0.12847,0.04038,0.34028,0.05751,0.06944,0.02891,0.20486,0.04886,0.26736,0.06359,0.77448,0.02034,0.08372,0.00437,0.32442,0.00630,0.06645,0.08128
sequence_contrastive_credit,stress_07,0.77778,9,48,0.59375,0.05407,0.41667,0.06228,0.34375,0.05451,0.14583,0.03720,0.33333,0.05147,0.10764,0.03572,0.14583,0.04083,0.27778,0.04991,0.77288,0.02047,0.08384,0.00444,0.32506,0.00613,0.03156,0.06354
sequence_contrastive_credit,stress_08,0.88889,0,48,0.55556,0.05863,0.39583,0.05886,0.26042,0.04340,0.11111,0.03274,0.32639,0.04660,0.06944,0.02891,0.14236,0.04009,0.29167,0.05545,0.79492,0.02178,0.09533,0.00469,0.33384,0.00652,0.05267,0.09033
sequence_contrastive_credit,stress_08,0.88889,1,48,0.56250,0.06123,0.32292,0.06028,0.30556,0.05616,0.13194,0.04122,0.34028,0.05832,0.06597,0.02706,0.17014,0.05006,0.30208,0.05385,0.79671,0.02198,0.09546,0.00467,0.33393,0.00651,0.03008,0.08133
sequence_contrastive_credit,stress_08,0.88889,2,48,0.63194,0.05050,0.38889,0.06100,0.29514,0.05608,0.15278,0.04439,0.29514,0.05076,0.04861,0.02566,0.20139,0.04345,0.27083,0.04198,0.79599,0.02160,0.09550,0.00469,0.33442,0.00651,0.10832,0.05101
sequence_contrastive_credit,stress_08,0.88889,3,48,0.59028,0.05668,0.38542,0.05601,0.31944,0.05313,0.13194,0.03501,0.36458,0.05643,0.08681,0.03766,0.17708,0.03818,0.32986,0.05371,0.79503,0.02173,0.09517,0.00467,0.33490,0.00644,0.02072,0.07732
sequence_contrastive_credit,stress_08,0.88889,4,48,0.61458,0.05161,0.35417,0.05556,0.29514,0.05436,0.11806,0.03634,0.31944,0.05657,0.09722,0.03870,0.19792,0.04087,0.24653,0.04958,0.79541,0.02197,0.09552,0.00466,0.33539,0.00600,0.04619,0.07164
sequence_contrastive_credit,stress_08,0.88889,5,48,0.58681,0.05915,0.35764,0.05671,0.31944,0.05573,0.11458,0.03787,0.33333,0.05587,0.07986,0.03368,0.20486,0.04266,0.29167,0.05545,0.79531,0.02191,0.09497,0.00474,0.33320,0.00674,0.02910,0.08669
sequence_contrastive_credit,stress_08,0.88889,6,48,0.63542,0.05207,0.34375,0.05451,0.32639,0.03885,0.14931,0.03920,0.34375,0.05705,0.08333,0.03076,0.21181,0.05480,0.24306,0.05913,0.79703,0.02155,0.09504,0.00463,0.33448,0.00664,0.04826,0.08345
sequence_contrastive_credit,stress_08,0.88889,7,48,0.59722,0.05573,0.36458,0.06202,0.31944,0.05573,0.14583,0.03316,0.35069,0.04587,0.10764,0.03828,0.17014,0.05100,0.28125,0.04474,0.79466,0.02188,0.09528,0.00469,0.33487,0.00633,0.00827,0.07843
sequence_contrastive_credit,stress_08,0.88889,8,48,0.60417,0.06424,0.35764,0.05237,0.27431,0.05192,0.11806,0.03762,0.33333,0.06074,0.08333,0.03076,0.13542,0.04312,0.29861,0.04453,0.79588,0.02153,0.09553,0.00474,0.33545,0.00623,0.08389,0.08912
sequence_contrastive_credit,stress_08,0.88889,9,48,0.62847,0.04982,0.38542,0.05601,0.29167,0.05372,0.11111,0.03682,0.35417,0.05640,0.10417,0.03456,0.14236,0.04349,0.31597,0.04982,0.79459,0.02164,0.09537,0.00473,0.33431,0.00674,0.07578,0.07700
sequence_contrastive_credit,stress_09,1.00000,0,48,0.62153,0.06131,0.33333,0.06378,0.28125,0.04878,0.15278,0.04221,0.31250,0.05805,0.05903,0.02478,0.21528,0.04761,0.23264,0.04321,0.81718,0.02252,0.10641,0.00480,0.34328,0.00623,0.06628,0.06652
sequence_contrastive_credit,stress_09,1.00000,1,48,0.56597,0.06131,0.35417,0.05805,0.31250,0.05805,0.14583,0.03720,0.37153,0.05774,0.09028,0.03501,0.17361,0.04005,0.34028,0.05668,0.81695,0.02262,0.10630,0.00478,0.34411,0.00640,-0.01923,0.07880
sequence_contrastive_credit,stress_09,1.00000,2,48,0.61111,0.04596,0.36111,0.05268,0.26042,0.05579,0.13889,0.03552,0.30208,0.05643,0.09028,0.03885,0.21528,0.04345,0.22222,0.04277,0.81726,0.02270,0.10633,0.00473,0.34461,0.00611,0.03252,0.07558
sequence_contrastive_credit,stress_09,1.00000,3,48,0.59722,0.05740,0.30903,0.05835,0.28819,0.05650,0.14236,0.04238,0.36458,0.05207,0.08333,0.03507,0.20486,0.04376,0.27778,0.05268,0.81671,0.02297,0.10591,0.00485,0.34318,0.00667,0.00494,0.07894
sequence_contrastive_credit,stress_09,1.00000,4,48,0.62500,0.05545,0.34722,0.05131,0.29514,0.04038,0.15625,0.04058,0.35417,0.05204,0.08681,0.03074,0.17361,0.04453,0.25000,0.06151,0.81877,0.02251,0.10604,0.00475,0.34376,0.00657,0.04564,0.08208
sequence_contrastive_credit,stress_09,1.00000,5,48,0.56944,0.05038,0.36111,0.05444,0.30556,0.05177,0.17708,0.03818,0.36458,0.05297,0.10069,0.03859,0.18750,0.05723,0.28125,0.04578,0.81550,0.02300,0.10637,0.00481,0.34403,0.00639,-0.04768,0.08224
sequence_contrastive_credit,stress_09,1.00000,6,48,0.59375,0.05909,0.34375,0.05092,0.28819,0.05214,0.14931,0.04038,0.34722,0.06440,0.07639,0.02911,0.15278,0.04332,0.28125,0.04680,0.81726,0.02271,0.10638,0.00478,0.34444,0.00615,0.04523,0.07881
sequence_contrastive_credit,stress_09,1.00000,7,48,0.57986,0.05586,0.37153,0.05691,0.27778,0.05177,0.12500,0.03574,0.35069,0.06170,0.10764,0.03572,0.15278,0.04439,0.29514,0.04982,0.81669,0.02261,0.10621,0.00480,0.34364,0.00659,0.00728,0.08065
sequence_contrastive_credit,stress_09,1.00000,8,48,0.60069,0.05565,0.33333,0.04665,0.28472,0.05584,0.13194,0.03885,0.38194,0.05050,0.10069,0.03333,0.15278,0.04332,0.32986,0.05712,0.81767,0.02281,0.10627,0.00479,0.34313,0.00633,0.01913,0.07164
sequence_contrastive_credit,stress_09,1.00000,9,48,0.64583,0.06424,0.32639,0.05143,0.26736,0.04739,0.15278,0.04439,0.31250,0.05383,0.07986,0.03224,0.17014,0.04068,0.28819,0.04638,0.81682,0.02322,0.10628,0.00489,0.34402,0.00669,0.09572,0.08538
temporal_difference_world_model,stress_00,0.00000,0,48,0.74306,0.04235,0.52778,0.05782,0.59028,0.06225,0.03125,0.01860,0.14236,0.04664,0.02083,0.01576,0.07292,0.03627,0.47222,0.05531,0.51121,0.01143,0.00200,0.00000,0.19393,0.00445,0.50119,0.05916
temporal_difference_world_model,stress_00,0.00000,1,48,0.70139,0.05324,0.52778,0.05943,0.59375,0.05045,0.02778,0.01776,0.17708,0.04706,0.01736,0.01456,0.07986,0.02916,0.44097,0.06189,0.51220,0.01141,0.00201,0.00001,0.19308,0.00469,0.44596,0.05957
temporal_difference_world_model,stress_00,0.00000,2,48,0.73264,0.05123,0.50000,0.05415,0.56944,0.06215,0.02778,0.01776,0.15278,0.03870,0.00347,0.00681,0.07986,0.02749,0.45833,0.06266,0.51089,0.01168,0.00201,0.00002,0.19361,0.00464,0.50290,0.05689
temporal_difference_world_model,stress_00,0.00000,3,48,0.71528,0.04859,0.51042,0.05869,0.55903,0.05629,0.02083,0.01576,0.20833,0.04404,0.00000,0.00000,0.08681,0.02749,0.45139,0.04956,0.51147,0.01153,0.00200,0.00000,0.19368,0.00441,0.46496,0.05559
temporal_difference_world_model,stress_00,0.00000,4,48,0.70139,0.05992,0.56944,0.06215,0.55556,0.05863,0.04167,0.02281,0.20833,0.04715,0.01389,0.01317,0.06597,0.03035,0.43403,0.05393,0.51071,0.01160,0.00200,0.00000,0.19221,0.00495,0.43883,0.06858
temporal_difference_world_model,stress_00,0.00000,5,48,0.66667,0.06525,0.54861,0.05992,0.60417,0.06045,0.03472,0.02166,0.15278,0.04107,0.01042,0.01509,0.08333,0.03076,0.39583,0.05112,0.51141,0.01150,0.00200,0.00000,0.19339,0.00481,0.42372,0.06819
temporal_difference_world_model,stress_00,0.00000,6,48,0.71528,0.05050,0.48958,0.05451,0.62153,0.06208,0.05903,0.03150,0.14236,0.04349,0.01389,0.01637,0.07986,0.03224,0.44792,0.06315,0.51077,0.01164,0.00201,0.00003,0.19367,0.00461,0.46348,0.05304
temporal_difference_world_model,stress_00,0.00000,7,48,0.72917,0.04827,0.50694,0.05498,0.52431,0.05586,0.02431,0.01943,0.16667,0.04350,0.02778,0.02025,0.06944,0.02722,0.45833,0.06035,0.51249,0.01156,0.00200,0.00000,0.19415,0.00467,0.47473,0.05440
temporal_difference_world_model,stress_00,0.00000,8,48,0.73611,0.04439,0.54514,0.06131,0.57639,0.05498,0.04167,0.02281,0.16667,0.04010,0.00694,0.00952,0.06597,0.02706,0.42708,0.06445,0.51073,0.01139,0.00200,0.00000,0.19225,0.00457,0.49869,0.04853
temporal_difference_world_model,stress_00,0.00000,9,48,0.67014,0.05955,0.57986,0.05326,0.55556,0.05357,0.04861,0.02374,0.13889,0.04698,0.01389,0.01317,0.06597,0.02525,0.47917,0.05640,0.50999,0.01130,0.00201,0.00001,0.19235,0.00465,0.43353,0.07155
temporal_difference_world_model,stress_01,0.11111,0,48,0.73611,0.05573,0.48611,0.05488,0.54167,0.06190,0.04167,0.02063,0.16319,0.04509,0.01042,0.01153,0.10069,0.03187,0.46528,0.07078,0.53289,0.01289,0.00370,0.00080,0.20234,0.00466,0.47112,0.06683
temporal_difference_world_model,stress_01,0.11111,1,48,0.71528,0.04956,0.52431,0.05995,0.54167,0.05713,0.03472,0.02166,0.22569,0.04613,0.00347,0.00681,0.08333,0.02918,0.45139,0.05143,0.53327,0.01279,0.00330,0.00063,0.20292,0.00446,0.44575,0.06115
temporal_difference_world_model,stress_01,0.11111,2,48,0.70833,0.05956,0.57639,0.05832,0.51042,0.05363,0.05556,0.02634,0.21528,0.04558,0.02431,0.01682,0.06250,0.02856,0.42014,0.05835,0.53256,0.01284,0.00356,0.00074,0.20181,0.00506,0.42327,0.06703
temporal_difference_world_model,stress_01,0.11111,3,48,0.64583,0.06570,0.55208,0.06315,0.55903,0.06112,0.05903,0.02834,0.18403,0.04376,0.01736,0.01751,0.10417,0.03590,0.40625,0.05494,0.53294,0.01295,0.00359,0.00076,0.20209,0.00487,0.35397,0.06848
temporal_difference_world_model,stress_01,0.11111,4,48,0.73611,0.05131,0.46875,0.05969,0.59722,0.05903,0.05556,0.02808,0.14583,0.04827,0.01389,0.01317,0.07986,0.03224,0.43056,0.05313,0.53294,0.01267,0.00363,0.00076,0.20306,0.00483,0.48084,0.04955
temporal_difference_world_model,stress_01,0.11111,5,48,0.74306,0.04558,0.48958,0.05705,0.54514,0.05815,0.03125,0.02509,0.19444,0.04991,0.03472,0.02166,0.06597,0.02525,0.45139,0.06071,0.53531,0.01277,0.00352,0.00072,0.20368,0.00467,0.46436,0.05496
temporal_difference_world_model,stress_01,0.11111,6,48,0.73958,0.04552,0.54167,0.06113,0.55903,0.05100,0.06597,0.03333,0.18056,0.04107,0.01736,0.01456,0.07292,0.02903,0.42708,0.06144,0.53200,0.01237,0.00364,0.00076,0.20131,0.00471,0.46537,0.05616
temporal_difference_world_model,stress_01,0.11111,7,48,0.65625,0.06106,0.55903,0.05875,0.51736,0.04982,0.05903,0.02478,0.14583,0.04309,0.02083,0.01576,0.07292,0.02903,0.48611,0.05822,0.53190,0.01261,0.00354,0.00071,0.20262,0.00478,0.39615,0.06828
temporal_difference_world_model,stress_01,0.11111,8,48,0.73611,0.05038,0.47917,0.05556,0.56944,0.05131,0.02778,0.02025,0.18750,0.04728,0.03125,0.02099,0.08681,0.03224,0.49653,0.05544,0.53402,0.01307,0.00359,0.00073,0.20305,0.00475,0.45310,0.06683
temporal_difference_world_model,stress_01,0.11111,9,48,0.68056,0.05223,0.52431,0.06451,0.58681,0.05501,0.04514,0.02525,0.18750,0.04523,0.00694,0.00952,0.09722,0.03484,0.46875,0.06426,0.53171,0.01283,0.00367,0.00081,0.20244,0.00458,0.40986,0.05774
temporal_difference_world_model,stress_02,0.22222,0,48,0.74306,0.06071,0.57292,0.06590,0.47917,0.04728,0.05556,0.02448,0.23264,0.04429,0.03472,0.02166,0.08333,0.03076,0.42361,0.05992,0.55484,0.01434,0.00908,0.00219,0.20990,0.00487,0.42232,0.06160
temporal_difference_world_model,stress_02,0.22222,1,48,0.64931,0.06170,0.54514,0.06359,0.56597,0.06054,0.07292,0.02903,0.21181,0.05123,0.01736,0.01456,0.11111,0.03931,0.37847,0.05975,0.55463,0.01416,0.00927,0.00219,0.20993,0.00488,0.33088,0.07298
temporal_difference_world_model,stress_02,0.22222,2,48,0.75694,0.04859,0.45833,0.06035,0.56944,0.05740,0.06250,0.03018,0.14931,0.04376,0.01736,0.01456,0.08333,0.03226,0.44097,0.04509,0.55465,0.01411,0.00929,0.00214,0.21093,0.00496,0.48699,0.05723
temporal_difference_world_model,stress_02,0.22222,3,48,0.72569,0.04613,0.49653,0.06112,0.56597,0.05304,0.04167,0.02664,0.17708,0.04903,0.04514,0.02330,0.09028,0.03501,0.43750,0.06712,0.55629,0.01399,0.00919,0.00213,0.21157,0.00449,0.41895,0.05940
temporal_difference_world_model,stress_02,0.22222,4,48,0.74306,0.04345,0.52083,0.06045,0.53819,0.05349,0.06597,0.03187,0.19097,0.04349,0.02431,0.01682,0.08681,0.03074,0.44792,0.06163,0.55418,0.01381,0.00931,0.00218,0.21034,0.00442,0.44421,0.05805
temporal_difference_world_model,stress_02,0.22222,5,48,0.64583,0.05640,0.55208,0.05601,0.50694,0.05992,0.06250,0.02503,0.15278,0.04107,0.02083,0.01576,0.08333,0.02751,0.46528,0.05668,0.55481,0.01392,0.00933,0.00214,0.21194,0.00478,0.37057,0.06718
temporal_difference_world_model,stress_02,0.22222,6,48,0.73264,0.05214,0.47222,0.05943,0.50000,0.05587,0.03819,0.02003,0.19444,0.04386,0.02431,0.01943,0.09375,0.03627,0.47917,0.05805,0.55602,0.01429,0.00932,0.00217,0.21060,0.00467,0.44107,0.06903
temporal_difference_world_model,stress_02,0.22222,7,48,0.66667,0.05147,0.52083,0.06199,0.53819,0.05259,0.05903,0.02478,0.18403,0.04689,0.01736,0.01751,0.09722,0.03618,0.45139,0.05832,0.55400,0.01396,0.00935,0.00223,0.21074,0.00466,0.37528,0.06318
temporal_difference_world_model,stress_02,0.22222,8,48,0.64583,0.05112,0.53472,0.05584,0.56250,0.06123,0.04861,0.02566,0.21528,0.05584,0.01042,0.01153,0.10069,0.03472,0.44792,0.05848,0.55497,0.01415,0.00913,0.00213,0.21070,0.00470,0.35167,0.05908
temporal_difference_world_model,stress_02,0.22222,9,48,0.73611,0.05822,0.47222,0.04798,0.50000,0.05916,0.06944,0.03050,0.16667,0.04010,0.02431,0.01682,0.07292,0.02556,0.45139,0.06594,0.55511,0.01372,0.00906,0.00206,0.20942,0.00487,0.45429,0.06491
temporal_difference_world_model,stress_03,0.33333,0,48,0.72569,0.06189,0.44444,0.06022,0.54514,0.05123,0.04861,0.02744,0.14236,0.03766,0.01736,0.01456,0.07986,0.03766,0.44792,0.04257,0.57625,0.01518,0.01786,0.00332,0.21833,0.00486,0.46333,0.06523
temporal_difference_world_model,stress_03,0.33333,1,48,0.69792,0.05022,0.49306,0.05992,0.55903,0.06034,0.05556,0.02971,0.18056,0.05038,0.03125,0.02099,0.10764,0.04613,0.42361,0.06071,0.57815,0.01524,0.01777,0.00328,0.21946,0.00438,0.38338,0.06618
temporal_difference_world_model,stress_03,0.33333,2,48,0.73264,0.04638,0.53472,0.05498,0.53125,0.05297,0.07292,0.02903,0.20833,0.04183,0.02431,0.01682,0.10417,0.03456,0.41319,0.05915,0.57648,0.01509,0.01790,0.00326,0.21854,0.00447,0.40815,0.06636
temporal_difference_world_model,stress_03,0.33333,3,48,0.64236,0.04764,0.52083,0.06123,0.50694,0.05992,0.06597,0.02525,0.17361,0.04122,0.02778,0.01776,0.09722,0.03618,0.44444,0.06022,0.57597,0.01533,0.01803,0.00330,0.22048,0.00476,0.33635,0.06119
temporal_difference_world_model,stress_03,0.33333,4,48,0.74306,0.05324,0.45833,0.05630,0.48264,0.05774,0.04861,0.02566,0.17361,0.04005,0.03819,0.02226,0.09722,0.03346,0.44097,0.05371,0.57671,0.01549,0.01797,0.00329,0.21873,0.00442,0.43380,0.07495
temporal_difference_world_model,stress_03,0.33333,5,48,0.68403,0.05259,0.50347,0.06560,0.49653,0.05794,0.06250,0.02686,0.21181,0.04638,0.02083,0.01852,0.10417,0.03456,0.43750,0.05294,0.57601,0.01538,0.01810,0.00335,0.21889,0.00455,0.36696,0.05800
temporal_difference_world_model,stress_03,0.33333,6,48,0.63542,0.05115,0.52083,0.05470,0.52778,0.06100,0.04514,0.02330,0.22917,0.05470,0.01736,0.01751,0.11111,0.03552,0.41319,0.06073,0.57669,0.01520,0.01786,0.00329,0.21799,0.00453,0.31882,0.06185
temporal_difference_world_model,stress_03,0.33333,7,48,0.71875,0.05161,0.44792,0.04578,0.49306,0.05584,0.07292,0.02903,0.21181,0.04638,0.03472,0.01935,0.08333,0.02918,0.42361,0.06225,0.57672,0.01509,0.01775,0.00320,0.21742,0.00483,0.39424,0.06079
temporal_difference_world_model,stress_03,0.33333,8,48,0.67361,0.05992,0.47222,0.05444,0.54167,0.05630,0.04514,0.02330,0.20139,0.04558,0.01736,0.01751,0.11806,0.03762,0.39236,0.05282,0.57559,0.01510,0.01763,0.00325,0.21788,0.00473,0.36456,0.06694
temporal_difference_world_model,stress_03,0.33333,9,48,0.72222,0.05085,0.47222,0.05943,0.52083,0.05723,0.04861,0.02374,0.23264,0.04838,0.01389,0.01317,0.06944,0.02722,0.41667,0.05671,0.57671,0.01524,0.01772,0.00325,0.21878,0.00437,0.43216,0.06967
temporal_difference_world_model,stress_04,0.44444,0,48,0.72222,0.05357,0.51042,0.05869,0.51736,0.05691,0.06944,0.02722,0.21528,0.04761,0.03472,0.02374,0.11111,0.03809,0.42014,0.05414,0.59809,0.01657,0.02904,0.00364,0.22640,0.00453,0.37637,0.07364
temporal_difference_world_model,stress_04,0.44444,1,48,0.63542,0.04830,0.52083,0.06199,0.50694,0.05992,0.06597,0.02525,0.20833,0.04404,0.02778,0.01776,0.09028,0.03634,0.43056,0.05488,0.59863,0.01669,0.02894,0.00368,0.22837,0.00481,0.31463,0.06530
temporal_difference_world_model,stress_04,0.44444,2,48,0.72569,0.05371,0.44792,0.05601,0.51042,0.05537,0.05556,0.02246,0.20486,0.04376,0.03819,0.02003,0.11111,0.03416,0.39583,0.05556,0.59819,0.01662,0.02892,0.00368,0.22667,0.00424,0.38706,0.06690
temporal_difference_world_model,stress_04,0.44444,3,48,0.67708,0.05537,0.49306,0.05498,0.46528,0.06071,0.06944,0.02722,0.24306,0.04956,0.02778,0.02025,0.09028,0.03634,0.43750,0.05470,0.59799,0.01665,0.02922,0.00372,0.22600,0.00438,0.34012,0.06077
temporal_difference_world_model,stress_04,0.44444,4,48,0.64583,0.04728,0.47222,0.05444,0.52778,0.06177,0.05208,0.02413,0.23264,0.04838,0.02778,0.02025,0.12153,0.03734,0.37847,0.05565,0.59846,0.01654,0.02896,0.00367,0.22503,0.00472,0.30215,0.06135
temporal_difference_world_model,stress_04,0.44444,5,48,0.68056,0.05740,0.43750,0.05112,0.46181,0.05774,0.06944,0.02891,0.22917,0.04626,0.04861,0.02374,0.09028,0.03634,0.38889,0.05782,0.59819,0.01656,0.02880,0.00357,0.22569,0.00481,0.32651,0.06930
temporal_difference_world_model,stress_04,0.44444,6,48,0.67361,0.05324,0.43403,0.06054,0.50347,0.05458,0.05903,0.02834,0.21528,0.04660,0.02778,0.01776,0.14236,0.03766,0.38889,0.06328,0.59853,0.01640,0.02883,0.00370,0.22601,0.00446,0.32097,0.05797
temporal_difference_world_model,stress_04,0.44444,7,48,0.70486,0.05523,0.43403,0.06208,0.48958,0.05092,0.05903,0.02478,0.21875,0.04878,0.02431,0.01943,0.09028,0.02911,0.43403,0.06208,0.59817,0.01654,0.02874,0.00369,0.22618,0.00456,0.38694,0.07075
temporal_difference_world_model,stress_04,0.44444,8,48,0.71875,0.05069,0.51042,0.05622,0.51042,0.05092,0.04861,0.02374,0.21875,0.04680,0.03819,0.02003,0.11806,0.03501,0.48958,0.06183,0.59760,0.01645,0.02918,0.00364,0.22576,0.00484,0.37338,0.06457
temporal_difference_world_model,stress_04,0.44444,9,48,0.68750,0.05640,0.45833,0.05101,0.52778,0.05699,0.09722,0.03618,0.21528,0.05584,0.03125,0.01860,0.11111,0.03552,0.35764,0.05501,0.59798,0.01683,0.02899,0.00362,0.22535,0.00446,0.33216,0.06661
temporal_difference_world_model,stress_05,0.55556,0,48,0.68403,0.05169,0.46875,0.05889,0.49306,0.05751,0.07986,0.02749,0.22917,0.04924,0.04861,0.02374,0.13194,0.03762,0.37153,0.06015,0.62007,0.01783,0.04023,0.00397,0.23386,0.00418,0.29474,0.07283
temporal_difference_world_model,stress_05,0.55556,1,48,0.67361,0.05913,0.50694,0.05143,0.46528,0.06375,0.07639,0.03069,0.22917,0.04417,0.03472,0.02166,0.09375,0.03627,0.41667,0.05327,0.62011,0.01779,0.04072,0.00396,0.23352,0.00443,0.32490,0.06353
temporal_difference_world_model,stress_05,0.55556,2,48,0.67014,0.05006,0.48958,0.05537,0.52778,0.05943,0.04167,0.02281,0.22569,0.04911,0.03125,0.02099,0.11458,0.03249,0.37153,0.05349,0.61987,0.01792,0.04031,0.00392,0.23311,0.00464,0.33053,0.06239
temporal_difference_world_model,stress_05,0.55556,3,48,0.69097,0.05237,0.41319,0.05501,0.46181,0.06321,0.07292,0.03212,0.27083,0.05112,0.04514,0.02330,0.08681,0.04009,0.41319,0.05053,0.62006,0.01807,0.04012,0.00384,0.23299,0.00462,0.31933,0.06751
temporal_difference_world_model,stress_05,0.55556,4,48,0.65972,0.05498,0.43403,0.06720,0.50000,0.05671,0.06250,0.02856,0.22222,0.05616,0.03819,0.02430,0.14583,0.03845,0.39583,0.06275,0.61996,0.01769,0.04029,0.00391,0.23347,0.00472,0.28454,0.06140
temporal_difference_world_model,stress_05,0.55556,5,48,0.71181,0.05895,0.43750,0.05112,0.45833,0.04912,0.04861,0.02374,0.24653,0.04349,0.04167,0.02664,0.10069,0.03333,0.39236,0.05544,0.62024,0.01786,0.04031,0.00399,0.23375,0.00467,0.35720,0.08147
temporal_difference_world_model,stress_05,0.55556,6,48,0.70833,0.05007,0.46181,0.05523,0.50347,0.05192,0.05556,0.02634,0.23958,0.04854,0.04861,0.02374,0.11806,0.03885,0.46528,0.06449,0.62000,0.01769,0.04056,0.00391,0.23388,0.00492,0.33493,0.06295
temporal_difference_world_model,stress_05,0.55556,7,48,0.66319,0.05192,0.43750,0.04728,0.49653,0.05955,0.11806,0.04761,0.23264,0.05214,0.03472,0.01935,0.12847,0.03539,0.35417,0.04924,0.62013,0.01801,0.04037,0.00390,0.23334,0.00467,0.27152,0.06604
temporal_difference_world_model,stress_05,0.55556,8,48,0.69444,0.05943,0.49653,0.05955,0.52083,0.06045,0.09028,0.03501,0.24653,0.05414,0.02083,0.01576,0.12153,0.04210,0.37500,0.06415,0.62104,0.01844,0.04049,0.00393,0.23275,0.00501,0.32970,0.08489
temporal_difference_world_model,stress_05,0.55556,9,48,0.65625,0.06334,0.48611,0.04545,0.48264,0.04789,0.08333,0.03639,0.22917,0.05294,0.04514,0.02330,0.10417,0.03720,0.44444,0.04991,0.62006,0.01761,0.04038,0.00400,0.23361,0.00448,0.28632,0.07707
temporal_difference_world_model,stress_06,0.66667,0,48,0.67361,0.04956,0.46181,0.04789,0.51042,0.05274,0.06250,0.02503,0.23958,0.05407,0.04167,0.02281,0.11111,0.03274,0.37500,0.05192,0.64127,0.01926,0.05179,0.00421,0.24086,0.00488,0.30452,0.06384
temporal_difference_world_model,stress_06,0.66667,1,48,0.67361,0.05234,0.41319,0.05414,0.49653,0.05875,0.08681,0.03368,0.28125,0.05161,0.05208,0.02602,0.09028,0.03885,0.42014,0.05326,0.64123,0.01930,0.05163,0.00418,0.24081,0.00471,0.27683,0.07025
temporal_difference_world_model,stress_06,0.66667,2,48,0.63889,0.05357,0.40278,0.06440,0.46875,0.05385,0.06944,0.02722,0.25347,0.05414,0.05208,0.03100,0.14236,0.04456,0.41319,0.06808,0.64212,0.01910,0.05170,0.00421,0.24114,0.00493,0.22967,0.06807
temporal_difference_world_model,stress_06,0.66667,3,48,0.70139,0.05498,0.40972,0.05412,0.43056,0.04944,0.06250,0.02686,0.27778,0.05085,0.05903,0.02996,0.11111,0.03552,0.39236,0.05192,0.64147,0.01904,0.05181,0.00422,0.24150,0.00496,0.29712,0.07580
temporal_difference_world_model,stress_06,0.66667,4,48,0.70486,0.05436,0.45486,0.05480,0.49306,0.05668,0.05556,0.02448,0.25347,0.05586,0.04861,0.02374,0.12500,0.03951,0.44097,0.07047,0.64186,0.01903,0.05195,0.00415,0.24126,0.00530,0.31691,0.06978
temporal_difference_world_model,stress_06,0.66667,5,48,0.64583,0.05640,0.41319,0.05835,0.47222,0.06177,0.12153,0.04321,0.25347,0.06073,0.03125,0.01860,0.13889,0.03274,0.35069,0.04982,0.64208,0.01953,0.05182,0.00418,0.24139,0.00487,0.23668,0.06695
temporal_difference_world_model,stress_06,0.66667,6,48,0.69444,0.05699,0.46875,0.05558,0.49653,0.06560,0.09028,0.03501,0.23958,0.05045,0.02083,0.01576,0.12847,0.04038,0.34722,0.06139,0.64237,0.01958,0.05205,0.00419,0.24028,0.00526,0.32397,0.07955
temporal_difference_world_model,stress_06,0.66667,7,48,0.67708,0.05274,0.47222,0.04895,0.45833,0.05956,0.09028,0.03363,0.27778,0.04991,0.05903,0.02478,0.12153,0.04097,0.43403,0.05304,0.64141,0.01894,0.05198,0.00425,0.24089,0.00486,0.25302,0.07147
temporal_difference_world_model,stress_06,0.66667,8,48,0.67014,0.05712,0.42361,0.05832,0.44444,0.05531,0.07292,0.02735,0.26389,0.05657,0.02083,0.01576,0.12847,0.04154,0.36111,0.05357,0.63972,0.01940,0.05202,0.00422,0.24123,0.00450,0.29822,0.06122
temporal_difference_world_model,stress_06,0.66667,9,48,0.67708,0.04903,0.42014,0.06073,0.45139,0.06594,0.09028,0.04122,0.26389,0.05038,0.02778,0.01776,0.10417,0.03966,0.36806,0.05498,0.64168,0.01923,0.05168,0.00423,0.24126,0.00507,0.30398,0.06398
temporal_difference_world_model,stress_07,0.77778,0,48,0.62847,0.05608,0.38889,0.05943,0.44444,0.06328,0.09028,0.03069,0.27431,0.05282,0.05903,0.02834,0.16667,0.04562,0.41667,0.06668,0.66427,0.02034,0.06309,0.00446,0.24897,0.00500,0.17334,0.06955
temporal_difference_world_model,stress_07,0.77778,1,48,0.64931,0.05259,0.39583,0.06045,0.43750,0.05723,0.08333,0.02918,0.31250,0.05886,0.06597,0.03035,0.12500,0.03951,0.40972,0.06071,0.66353,0.02042,0.06320,0.00446,0.24922,0.00517,0.19976,0.07226
temporal_difference_world_model,stress_07,0.77778,2,48,0.68750,0.05112,0.43750,0.06199,0.44792,0.05848,0.07292,0.02556,0.25694,0.05143,0.03819,0.02003,0.15278,0.04221,0.43750,0.07319,0.66362,0.02049,0.06331,0.00444,0.24829,0.00552,0.27960,0.06788
temporal_difference_world_model,stress_07,0.77778,3,48,0.68403,0.05349,0.37847,0.05480,0.48264,0.06170,0.10417,0.03845,0.25347,0.05237,0.03125,0.01860,0.14583,0.03590,0.37847,0.04838,0.66395,0.02079,0.06318,0.00443,0.24895,0.00508,0.27449,0.06607
temporal_difference_world_model,stress_07,0.77778,4,48,0.71181,0.05650,0.44097,0.05629,0.46528,0.06375,0.10069,0.03605,0.26042,0.05229,0.03472,0.02166,0.12500,0.03829,0.37153,0.05935,0.66428,0.02058,0.06335,0.00445,0.24840,0.00550,0.31005,0.08050
temporal_difference_world_model,stress_07,0.77778,5,48,0.66667,0.05238,0.42361,0.05050,0.45833,0.05956,0.09028,0.03363,0.27083,0.05204,0.05903,0.02478,0.12153,0.04321,0.41667,0.04959,0.66284,0.02037,0.06356,0.00453,0.24843,0.00518,0.24117,0.07103
temporal_difference_world_model,stress_07,0.77778,6,48,0.68403,0.05855,0.42708,0.05319,0.44097,0.05192,0.08333,0.03226,0.30208,0.06278,0.03125,0.01860,0.10069,0.03333,0.34375,0.05363,0.66211,0.02056,0.06339,0.00448,0.24851,0.00476,0.29234,0.06836
temporal_difference_world_model,stress_07,0.77778,7,48,0.70139,0.04956,0.39583,0.05640,0.44792,0.06008,0.08681,0.03368,0.29514,0.05076,0.02431,0.01682,0.10764,0.03950,0.32986,0.04813,0.66341,0.02044,0.06327,0.00452,0.24836,0.00542,0.31408,0.06553
temporal_difference_world_model,stress_07,0.77778,8,48,0.64236,0.04764,0.44097,0.06340,0.48958,0.06028,0.11458,0.03391,0.22222,0.04698,0.05208,0.02209,0.10764,0.03950,0.38889,0.05268,0.66434,0.02043,0.06345,0.00448,0.24947,0.00541,0.24163,0.06832
temporal_difference_world_model,stress_07,0.77778,9,48,0.71528,0.06225,0.44097,0.05544,0.44097,0.05544,0.11111,0.03682,0.19444,0.04798,0.06250,0.03170,0.07986,0.02749,0.32292,0.06554,0.66489,0.02069,0.06322,0.00444,0.24958,0.00517,0.33357,0.07088
temporal_difference_world_model,stress_08,0.88889,0,48,0.65972,0.06148,0.43403,0.06433,0.42361,0.05992,0.09375,0.03356,0.30208,0.05022,0.04861,0.02166,0.14583,0.03966,0.42708,0.06661,0.68528,0.02199,0.07464,0.00465,0.25515,0.00583,0.21134,0.07561
temporal_difference_world_model,stress_08,0.88889,1,48,0.68056,0.05313,0.37847,0.05480,0.45139,0.05324,0.14236,0.04561,0.25347,0.05414,0.02778,0.01776,0.14583,0.03966,0.35417,0.04728,0.68553,0.02194,0.07448,0.00475,0.25595,0.00565,0.25215,0.07426
temporal_difference_world_model,stress_08,0.88889,2,48,0.70833,0.05630,0.41319,0.05671,0.47569,0.06303,0.12500,0.04069,0.27778,0.05531,0.03472,0.02166,0.11806,0.03634,0.36806,0.05832,0.68600,0.02193,0.07490,0.00470,0.25606,0.00543,0.28753,0.07874
temporal_difference_world_model,stress_08,0.88889,3,48,0.67014,0.04911,0.40278,0.04944,0.44792,0.05069,0.07986,0.02916,0.27083,0.05556,0.05556,0.02448,0.14236,0.04125,0.39931,0.04535,0.68482,0.02172,0.07488,0.00475,0.25513,0.00529,0.23612,0.06745
temporal_difference_world_model,stress_08,0.88889,4,48,0.67708,0.05622,0.45139,0.04558,0.44097,0.05458,0.08681,0.03224,0.29861,0.06148,0.03819,0.02430,0.09722,0.03484,0.35417,0.04309,0.68500,0.02175,0.07475,0.00473,0.25563,0.00509,0.27513,0.06781
temporal_difference_world_model,stress_08,0.88889,5,48,0.72222,0.05085,0.36458,0.05297,0.42014,0.06073,0.10417,0.03456,0.30903,0.05146,0.03472,0.02166,0.12847,0.03670,0.32639,0.05234,0.68496,0.02185,0.07467,0.00477,0.25518,0.00567,0.29202,0.06723
temporal_difference_world_model,stress_08,0.88889,6,48,0.65972,0.05050,0.42014,0.05586,0.45486,0.06054,0.14236,0.03766,0.25000,0.05147,0.04861,0.02374,0.14931,0.03403,0.42361,0.05668,0.68589,0.02178,0.07477,0.00477,0.25628,0.00586,0.20762,0.06936
temporal_difference_world_model,stress_08,0.88889,7,48,0.71875,0.06608,0.40625,0.05746,0.39583,0.05204,0.09722,0.03346,0.20833,0.05007,0.06597,0.02875,0.09722,0.03201,0.34722,0.06656,0.68637,0.02174,0.07463,0.00471,0.25618,0.00528,0.31895,0.07749
temporal_difference_world_model,stress_08,0.88889,8,48,0.73958,0.05407,0.38889,0.05177,0.47222,0.05943,0.09722,0.03746,0.25694,0.05584,0.06597,0.02875,0.15278,0.04439,0.32292,0.06183,0.68573,0.02135,0.07458,0.00469,0.25706,0.00534,0.28503,0.07800
temporal_difference_world_model,stress_08,0.88889,9,48,0.68403,0.05774,0.43403,0.05393,0.39583,0.04728,0.12153,0.04321,0.28125,0.05069,0.03819,0.02226,0.10764,0.03828,0.38194,0.05584,0.68596,0.02179,0.07464,0.00479,0.25725,0.00581,0.26609,0.06801
temporal_difference_world_model,stress_09,1.00000,0,48,0.73264,0.05815,0.36806,0.05324,0.46528,0.06522,0.14236,0.04125,0.30556,0.05863,0.04514,0.02117,0.12500,0.03951,0.36111,0.05357,0.70709,0.02287,0.08572,0.00482,0.26263,0.00530,0.27183,0.06456
temporal_difference_world_model,stress_09,1.00000,1,48,0.66667,0.05147,0.39236,0.05458,0.41319,0.05326,0.07986,0.02571,0.29167,0.05713,0.08333,0.03226,0.15625,0.03818,0.38194,0.04453,0.70610,0.02272,0.08580,0.00487,0.26181,0.00554,0.18045,0.07262
temporal_difference_world_model,stress_09,1.00000,2,48,0.66667,0.05587,0.43403,0.04935,0.41319,0.05835,0.06944,0.02891,0.32639,0.06449,0.04167,0.02480,0.10764,0.03702,0.34375,0.04394,0.70682,0.02276,0.08570,0.00484,0.26242,0.00539,0.24673,0.07440
temporal_difference_world_model,stress_09,1.00000,3,48,0.73611,0.05657,0.35069,0.05349,0.43750,0.05805,0.11111,0.03127,0.32986,0.05458,0.05903,0.02662,0.14583,0.03316,0.31597,0.05523,0.70569,0.02272,0.08572,0.00485,0.26152,0.00594,0.25212,0.07129
temporal_difference_world_model,stress_09,1.00000,4,48,0.66667,0.04863,0.40278,0.05657,0.47917,0.05805,0.15278,0.04221,0.25347,0.04958,0.05903,0.02834,0.16667,0.03639,0.37847,0.06054,0.70732,0.02276,0.08579,0.00487,0.26239,0.00559,0.18158,0.06562
temporal_difference_world_model,stress_09,1.00000,5,48,0.70486,0.06246,0.37847,0.06054,0.39236,0.06488,0.09722,0.02891,0.26736,0.05304,0.06250,0.03018,0.08333,0.03076,0.34028,0.06449,0.70782,0.02281,0.08549,0.00483,0.26275,0.00548,0.28840,0.08018
temporal_difference_world_model,stress_09,1.00000,6,48,0.71528,0.05584,0.40972,0.05234,0.50347,0.06034,0.09722,0.03870,0.29167,0.06113,0.07639,0.02911,0.14931,0.03920,0.29514,0.05523,0.70679,0.02226,0.08559,0.00478,0.26366,0.00535,0.23258,0.07848
temporal_difference_world_model,stress_09,1.00000,7,48,0.69097,0.05326,0.38542,0.05161,0.38889,0.04895,0.10417,0.03590,0.29167,0.05101,0.04514,0.02875,0.12847,0.04154,0.34722,0.05131,0.70651,0.02284,0.08557,0.00492,0.26399,0.00587,0.25228,0.07007
temporal_difference_world_model,stress_09,1.00000,8,48,0.69097,0.06738,0.36806,0.05668,0.39236,0.05544,0.15972,0.04956,0.27083,0.05019,0.06597,0.02706,0.09722,0.03870,0.35417,0.05294,0.70735,0.02288,0.08575,0.00479,0.26233,0.00522,0.23067,0.08088
temporal_difference_world_model,stress_09,1.00000,9,48,0.60764,0.05192,0.38194,0.04956,0.42708,0.06144,0.12500,0.03439,0.30208,0.06644,0.05903,0.02279,0.11458,0.03909,0.38194,0.04761,0.70608,0.02267,0.08593,0.00479,0.26289,0.00572,0.14795,0.06575
transformer_attention_attribution,stress_00,0.00000,0,48,0.59375,0.05407,0.39583,0.05294,0.36111,0.05699,0.05903,0.02996,0.29514,0.05259,0.07292,0.03356,0.13889,0.03274,0.33681,0.05371,0.68115,0.01149,0.02576,0.00256,0.28952,0.00674,0.15259,0.07673
transformer_attention_attribution,stress_00,0.00000,1,48,0.60069,0.04838,0.40972,0.05751,0.38889,0.05863,0.06944,0.02722,0.31250,0.06275,0.04514,0.02875,0.09028,0.03762,0.32986,0.05100,0.68291,0.01129,0.02558,0.00255,0.28883,0.00685,0.20767,0.07650
transformer_attention_attribution,stress_00,0.00000,2,48,0.53472,0.06875,0.44444,0.05943,0.37500,0.05007,0.06944,0.03201,0.31250,0.05294,0.05208,0.02413,0.13194,0.04558,0.35417,0.05640,0.68088,0.01141,0.02600,0.00261,0.28878,0.00674,0.10852,0.08214
transformer_attention_attribution,stress_00,0.00000,3,48,0.65972,0.05498,0.43750,0.06570,0.38889,0.06621,0.10069,0.03472,0.24306,0.05050,0.06944,0.02891,0.16667,0.04665,0.32292,0.04998,0.68095,0.01176,0.02562,0.00256,0.28926,0.00710,0.20708,0.08692
transformer_attention_attribution,stress_00,0.00000,4,48,0.63889,0.05863,0.42014,0.05501,0.40278,0.05657,0.07639,0.02744,0.27083,0.04417,0.04861,0.02166,0.13194,0.04122,0.25000,0.05671,0.68122,0.01135,0.02580,0.00257,0.28741,0.00718,0.23064,0.06561
transformer_attention_attribution,stress_00,0.00000,5,48,0.61806,0.05832,0.44097,0.06189,0.37847,0.06284,0.09028,0.03220,0.31944,0.05401,0.04861,0.02166,0.11111,0.04049,0.29861,0.04345,0.68173,0.01138,0.02577,0.00268,0.28974,0.00703,0.19556,0.08228
transformer_attention_attribution,stress_00,0.00000,6,48,0.59028,0.05584,0.45486,0.05123,0.36458,0.06125,0.07986,0.03224,0.28125,0.06163,0.06944,0.02722,0.14931,0.04266,0.31944,0.04545,0.68101,0.01174,0.02597,0.00257,0.28941,0.00698,0.14232,0.06509
transformer_attention_attribution,stress_00,0.00000,7,48,0.61458,0.05515,0.46528,0.05751,0.32986,0.05875,0.10069,0.04097,0.24306,0.05751,0.06944,0.03346,0.13194,0.03885,0.31944,0.06139,0.68124,0.01128,0.02559,0.00259,0.28956,0.00701,0.18343,0.06683
transformer_attention_attribution,stress_00,0.00000,8,48,0.57292,0.06371,0.42014,0.06227,0.37153,0.06015,0.09028,0.02911,0.26736,0.05030,0.04861,0.02566,0.13542,0.03460,0.31597,0.05608,0.68106,0.01141,0.02565,0.00254,0.28751,0.00705,0.15734,0.07947
transformer_attention_attribution,stress_00,0.00000,9,48,0.62153,0.06433,0.44792,0.06390,0.33681,0.04911,0.06944,0.02891,0.23958,0.05494,0.04861,0.02566,0.15278,0.03991,0.27778,0.04798,0.68098,0.01153,0.02559,0.00263,0.28773,0.00671,0.21687,0.06910
transformer_attention_attribution,stress_01,0.11111,0,48,0.52778,0.06253,0.42708,0.05229,0.37153,0.05259,0.08333,0.03369,0.31597,0.05349,0.05556,0.02808,0.15625,0.04998,0.32639,0.05751,0.70345,0.01256,0.03743,0.00286,0.30309,0.00732,0.07004,0.07772
transformer_attention_attribution,stress_01,0.11111,1,48,0.64583,0.06199,0.45139,0.06225,0.38889,0.06549,0.11806,0.03762,0.25347,0.05146,0.06944,0.02891,0.19097,0.03766,0.29861,0.04660,0.70288,0.01285,0.03707,0.00280,0.30344,0.00742,0.16099,0.08958
transformer_attention_attribution,stress_01,0.11111,2,48,0.60417,0.05556,0.39931,0.05304,0.35764,0.05326,0.07986,0.03638,0.29167,0.04912,0.04861,0.02166,0.12153,0.03859,0.24306,0.05324,0.70333,0.01269,0.03717,0.00284,0.30238,0.00746,0.18751,0.07098
transformer_attention_attribution,stress_01,0.11111,3,48,0.60417,0.05383,0.41319,0.06377,0.34375,0.05705,0.09722,0.03484,0.32639,0.04558,0.05903,0.02662,0.12500,0.04295,0.28819,0.05123,0.70406,0.01277,0.03735,0.00293,0.30354,0.00724,0.15085,0.08030
transformer_attention_attribution,stress_01,0.11111,4,48,0.59028,0.05412,0.45833,0.06035,0.34028,0.05751,0.11111,0.03682,0.27083,0.05294,0.06597,0.02525,0.17361,0.04453,0.31944,0.04847,0.70350,0.01280,0.03732,0.00287,0.30378,0.00728,0.11594,0.06856
transformer_attention_attribution,stress_01,0.11111,5,48,0.60764,0.05458,0.45833,0.06113,0.31250,0.05556,0.10764,0.03828,0.25347,0.05915,0.05903,0.02834,0.14583,0.03845,0.30903,0.06227,0.70308,0.01266,0.03692,0.00283,0.30264,0.00730,0.16722,0.06457
transformer_attention_attribution,stress_01,0.11111,6,48,0.57292,0.05494,0.40625,0.05494,0.33681,0.06265,0.11111,0.03274,0.29167,0.04715,0.05556,0.02634,0.13194,0.03634,0.32986,0.05629,0.70330,0.01255,0.03714,0.00280,0.30230,0.00754,0.12717,0.07441
transformer_attention_attribution,stress_01,0.11111,7,48,0.62847,0.06469,0.42361,0.05668,0.29514,0.05523,0.07986,0.02916,0.27778,0.05616,0.06944,0.03346,0.15972,0.04005,0.27083,0.04417,0.70292,0.01295,0.03718,0.00289,0.30288,0.00737,0.17111,0.07643
transformer_attention_attribution,stress_01,0.11111,8,48,0.63889,0.05177,0.38889,0.05943,0.31250,0.05470,0.08333,0.03226,0.33333,0.05147,0.05903,0.02478,0.14931,0.03797,0.34722,0.05983,0.70316,0.01281,0.03729,0.00283,0.30272,0.00708,0.17440,0.06343
transformer_attention_attribution,stress_01,0.11111,9,48,0.60764,0.06265,0.43056,0.04847,0.35764,0.05671,0.08681,0.03368,0.31250,0.05019,0.04167,0.02063,0.15278,0.04221,0.28472,0.05324,0.70354,0.01277,0.03674,0.00285,0.30292,0.00683,0.16716,0.08199
transformer_attention_attribution,stress_02,0.22222,0,48,0.56944,0.05401,0.38889,0.05782,0.32639,0.04859,0.08681,0.03638,0.28125,0.05161,0.05556,0.02448,0.13542,0.03460,0.25694,0.05143,0.72573,0.01397,0.04856,0.00311,0.31602,0.00738,0.13308,0.06585
transformer_attention_attribution,stress_02,0.22222,1,48,0.59028,0.05234,0.38542,0.05767,0.31250,0.05556,0.12500,0.04069,0.32986,0.04813,0.06250,0.03316,0.14236,0.04238,0.29167,0.04814,0.72675,0.01422,0.04873,0.00326,0.31705,0.00738,0.10304,0.08347
transformer_attention_attribution,stress_02,0.22222,2,48,0.59722,0.04944,0.43403,0.06359,0.29861,0.05324,0.12500,0.03298,0.26736,0.05214,0.06250,0.02686,0.17014,0.04294,0.31597,0.05076,0.72603,0.01411,0.04873,0.00315,0.31654,0.00758,0.11913,0.06487
transformer_attention_attribution,stress_02,0.22222,3,48,0.62847,0.05935,0.42361,0.05668,0.31944,0.05822,0.11458,0.04257,0.28819,0.05815,0.05208,0.02602,0.15972,0.03885,0.29514,0.05935,0.72495,0.01369,0.04831,0.00306,0.31625,0.00733,0.16475,0.07304
transformer_attention_attribution,stress_02,0.22222,4,48,0.56250,0.05112,0.38889,0.04698,0.29861,0.05751,0.11806,0.03363,0.27778,0.05268,0.06944,0.02722,0.15278,0.04107,0.32292,0.05451,0.72600,0.01373,0.04868,0.00304,0.31680,0.00763,0.08650,0.06864
transformer_attention_attribution,stress_02,0.22222,5,48,0.62847,0.06015,0.42014,0.05995,0.30208,0.05385,0.10069,0.03187,0.30556,0.05268,0.06597,0.02875,0.14583,0.04523,0.27083,0.04924,0.72538,0.01423,0.04884,0.00317,0.31659,0.00764,0.15735,0.07251
transformer_attention_attribution,stress_02,0.22222,6,48,0.62500,0.04614,0.37847,0.05815,0.28472,0.05234,0.09375,0.03356,0.31944,0.05038,0.06944,0.02722,0.15972,0.03762,0.34028,0.06148,0.72505,0.01404,0.04876,0.00311,0.31560,0.00739,0.13901,0.06192
transformer_attention_attribution,stress_02,0.22222,7,48,0.64236,0.05915,0.41319,0.04764,0.34028,0.06449,0.10069,0.03187,0.29514,0.04689,0.04514,0.02525,0.18056,0.04332,0.26736,0.05214,0.72547,0.01408,0.04804,0.00315,0.31563,0.00728,0.17705,0.07909
transformer_attention_attribution,stress_02,0.22222,8,48,0.57639,0.05992,0.42014,0.05326,0.34375,0.05705,0.08681,0.03505,0.33681,0.05100,0.05208,0.02602,0.15278,0.04221,0.30556,0.05085,0.72584,0.01421,0.04860,0.00317,0.31635,0.00740,0.10973,0.06558
transformer_attention_attribution,stress_02,0.22222,9,48,0.57292,0.04552,0.42014,0.05835,0.34722,0.05313,0.07292,0.02903,0.30556,0.04798,0.06597,0.03035,0.13542,0.03724,0.25000,0.05754,0.72589,0.01411,0.04878,0.00308,0.31500,0.00751,0.12151,0.06150
transformer_attention_attribution,stress_03,0.33333,0,48,0.62500,0.05101,0.43403,0.06208,0.26736,0.05214,0.14236,0.04009,0.27778,0.04895,0.06944,0.02722,0.15972,0.04005,0.29861,0.04558,0.74830,0.01531,0.06005,0.00337,0.32915,0.00753,0.12855,0.06856
transformer_attention_attribution,stress_03,0.33333,1,48,0.62153,0.05650,0.38542,0.05429,0.30556,0.05863,0.12847,0.04154,0.29514,0.04982,0.05556,0.02808,0.17014,0.04403,0.25000,0.05415,0.74678,0.01498,0.05977,0.00338,0.32938,0.00726,0.13354,0.07170
transformer_attention_attribution,stress_03,0.33333,2,48,0.54514,0.05895,0.37500,0.05283,0.29167,0.05283,0.12500,0.03574,0.27778,0.05616,0.07292,0.02903,0.17361,0.04558,0.30556,0.05177,0.74864,0.01489,0.06020,0.00331,0.32929,0.00760,0.04453,0.08193
transformer_attention_attribution,stress_03,0.33333,3,48,0.64931,0.05935,0.37500,0.05795,0.29861,0.05324,0.10764,0.03150,0.32639,0.05324,0.05903,0.02834,0.16667,0.04863,0.25000,0.04765,0.74775,0.01549,0.06030,0.00346,0.32957,0.00771,0.15633,0.07467
transformer_attention_attribution,stress_03,0.33333,4,48,0.59722,0.05223,0.37500,0.05876,0.24306,0.05234,0.10764,0.03828,0.34375,0.05705,0.09028,0.03069,0.16667,0.04127,0.32639,0.06736,0.74686,0.01528,0.06020,0.00338,0.32903,0.00724,0.06273,0.07213
transformer_attention_attribution,stress_03,0.33333,5,48,0.63194,0.05913,0.36111,0.06177,0.29861,0.06300,0.12500,0.03152,0.28819,0.04739,0.06250,0.02856,0.18056,0.04221,0.25000,0.04350,0.74710,0.01541,0.05954,0.00336,0.32888,0.00735,0.13441,0.08240
transformer_attention_attribution,stress_03,0.33333,6,48,0.57986,0.06227,0.41319,0.05414,0.32986,0.05955,0.10417,0.03590,0.32986,0.05371,0.04514,0.02117,0.18056,0.04107,0.30208,0.04630,0.74798,0.01567,0.05998,0.00346,0.32951,0.00756,0.09375,0.07283
transformer_attention_attribution,stress_03,0.33333,7,48,0.55903,0.04911,0.39583,0.05556,0.33333,0.05502,0.08681,0.03638,0.30556,0.05085,0.07986,0.03368,0.13889,0.03682,0.26736,0.05480,0.74735,0.01560,0.06022,0.00337,0.32725,0.00763,0.07918,0.07047
transformer_attention_attribution,stress_03,0.33333,8,48,0.60417,0.05556,0.42708,0.05664,0.29861,0.04859,0.10069,0.03472,0.27778,0.04049,0.06944,0.03346,0.15972,0.04859,0.25694,0.05143,0.74774,0.01554,0.06003,0.00339,0.32732,0.00728,0.12781,0.06982
transformer_attention_attribution,stress_03,0.33333,9,48,0.58333,0.04765,0.37500,0.05192,0.29861,0.04956,0.11458,0.03660,0.30903,0.05414,0.05556,0.02971,0.16319,0.04613,0.30903,0.04238,0.74651,0.01547,0.06015,0.00342,0.33016,0.00752,0.10050,0.06447
transformer_attention_attribution,stress_04,0.44444,0,48,0.55556,0.06403,0.36111,0.04895,0.25347,0.05501,0.11806,0.03501,0.28472,0.04761,0.08681,0.03074,0.19444,0.04165,0.29861,0.05498,0.77004,0.01625,0.07171,0.00362,0.34266,0.00778,0.02282,0.08842
transformer_attention_attribution,stress_04,0.44444,1,48,0.61111,0.05943,0.36458,0.05889,0.32292,0.05274,0.10764,0.03150,0.35069,0.05436,0.05903,0.02662,0.18750,0.05019,0.23958,0.04116,0.76937,0.01679,0.07182,0.00374,0.34235,0.00766,0.09063,0.07307
transformer_attention_attribution,stress_04,0.44444,2,48,0.58333,0.06228,0.37153,0.05774,0.27083,0.05204,0.11806,0.04005,0.33681,0.05629,0.09375,0.03061,0.15972,0.03885,0.30903,0.06227,0.76894,0.01659,0.07149,0.00365,0.34216,0.00729,0.04281,0.08175
transformer_attention_attribution,stress_04,0.44444,3,48,0.59028,0.05412,0.34375,0.06554,0.29167,0.05876,0.15278,0.03991,0.29514,0.05076,0.07986,0.03638,0.18403,0.04154,0.28125,0.05069,0.76910,0.01680,0.07109,0.00364,0.34126,0.00740,0.05080,0.08261
transformer_attention_attribution,stress_04,0.44444,4,48,0.55208,0.05601,0.38542,0.06315,0.30903,0.06073,0.10069,0.03472,0.33333,0.05996,0.05208,0.02413,0.18403,0.03920,0.26389,0.05038,0.76939,0.01688,0.07159,0.00371,0.34137,0.00777,0.05203,0.06865
transformer_attention_attribution,stress_04,0.44444,5,48,0.53819,0.06246,0.38542,0.05341,0.29167,0.04912,0.07292,0.03494,0.32986,0.05955,0.08681,0.03766,0.15625,0.03692,0.25694,0.04859,0.76924,0.01658,0.07169,0.00365,0.34064,0.00763,0.03198,0.08428
transformer_attention_attribution,stress_04,0.44444,6,48,0.58681,0.05671,0.41667,0.05671,0.28125,0.04680,0.10764,0.02996,0.29514,0.04038,0.07639,0.03069,0.20486,0.04886,0.26042,0.05319,0.76972,0.01687,0.07132,0.00366,0.34038,0.00720,0.05978,0.08028
transformer_attention_attribution,stress_04,0.44444,7,48,0.57639,0.05668,0.37500,0.04715,0.29514,0.04982,0.14236,0.04009,0.29514,0.04886,0.08681,0.03224,0.17361,0.04761,0.30556,0.04165,0.76887,0.01695,0.07170,0.00366,0.34300,0.00761,0.04072,0.07781
transformer_attention_attribution,stress_04,0.44444,8,48,0.58681,0.05326,0.39236,0.06488,0.33333,0.05327,0.11458,0.03249,0.33681,0.05192,0.06597,0.02525,0.14931,0.03403,0.30556,0.06022,0.77042,0.01681,0.07143,0.00362,0.34226,0.00777,0.08473,0.06071
transformer_attention_attribution,stress_04,0.44444,9,48,0.61458,0.05767,0.39583,0.04924,0.30208,0.04630,0.13194,0.04558,0.32639,0.05050,0.07639,0.02911,0.18056,0.04748,0.28819,0.05975,0.76795,0.01667,0.07157,0.00374,0.34188,0.00769,0.07810,0.08078
transformer_attention_attribution,stress_05,0.55556,0,48,0.56944,0.06366,0.34722,0.05657,0.23958,0.04229,0.12500,0.03951,0.35069,0.05774,0.08681,0.02916,0.15278,0.03618,0.29861,0.05498,0.79111,0.01810,0.08293,0.00392,0.35441,0.00720,0.02723,0.08338
transformer_attention_attribution,stress_05,0.55556,1,48,0.56250,0.05556,0.34722,0.05740,0.25694,0.04956,0.13542,0.04312,0.31944,0.05740,0.09375,0.03627,0.17708,0.04058,0.27778,0.05085,0.79104,0.01811,0.08254,0.00393,0.35331,0.00750,0.00575,0.08020
transformer_attention_attribution,stress_05,0.55556,2,48,0.55208,0.05429,0.39236,0.06112,0.31250,0.06424,0.12153,0.03605,0.35417,0.05640,0.04861,0.02166,0.21528,0.04005,0.26736,0.04838,0.79191,0.01821,0.08305,0.00399,0.35492,0.00787,0.01321,0.07188
transformer_attention_attribution,stress_05,0.55556,3,48,0.53472,0.05832,0.38194,0.05234,0.25694,0.04558,0.10069,0.03734,0.31597,0.06321,0.10417,0.03966,0.17708,0.03561,0.23958,0.04447,0.79117,0.01793,0.08291,0.00392,0.35349,0.00768,-0.01541,0.09056
transformer_attention_attribution,stress_05,0.55556,4,48,0.61806,0.05050,0.38542,0.06240,0.25347,0.04764,0.13194,0.03363,0.30556,0.03682,0.08681,0.02916,0.23958,0.04854,0.25000,0.05054,0.79225,0.01807,0.08275,0.00391,0.35307,0.00742,0.03748,0.07656
transformer_attention_attribution,stress_05,0.55556,5,48,0.53819,0.05259,0.33681,0.04911,0.29514,0.04789,0.14236,0.04238,0.31250,0.04827,0.09722,0.03201,0.19444,0.04386,0.28472,0.04956,0.79152,0.01816,0.08301,0.00393,0.35620,0.00763,-0.03367,0.08032
transformer_attention_attribution,stress_05,0.55556,6,48,0.56597,0.05480,0.36111,0.05444,0.28472,0.04558,0.11111,0.03552,0.33681,0.04613,0.05903,0.02279,0.14583,0.03316,0.29514,0.05608,0.79254,0.01804,0.08282,0.00387,0.35453,0.00797,0.07090,0.06419
transformer_attention_attribution,stress_05,0.55556,7,48,0.59722,0.05401,0.34028,0.05412,0.27431,0.04294,0.12847,0.04587,0.34722,0.05822,0.08333,0.02918,0.18750,0.04523,0.27083,0.05966,0.79040,0.01805,0.08308,0.00400,0.35451,0.00773,0.03720,0.07536
transformer_attention_attribution,stress_05,0.55556,8,48,0.59722,0.05488,0.37153,0.05169,0.31944,0.05740,0.12500,0.04183,0.33681,0.05629,0.07986,0.03074,0.16667,0.04562,0.26042,0.04951,0.79097,0.01790,0.08295,0.00392,0.35468,0.00772,0.05989,0.08454
transformer_attention_attribution,stress_05,0.55556,9,48,0.52083,0.06275,0.35069,0.05076,0.30903,0.06227,0.11458,0.04029,0.33333,0.05238,0.11458,0.03787,0.18056,0.04847,0.27083,0.04924,0.79241,0.01812,0.08295,0.00395,0.35521,0.00761,-0.05708,0.09653
transformer_attention_attribution,stress_06,0.66667,0,48,0.54167,0.05956,0.36806,0.06148,0.28819,0.05895,0.13194,0.04345,0.38889,0.06692,0.04861,0.02374,0.22569,0.03828,0.26042,0.04655,0.81433,0.01938,0.09439,0.00423,0.36769,0.00799,-0.02775,0.08095
transformer_attention_attribution,stress_06,0.66667,1,48,0.55208,0.05684,0.37500,0.05372,0.25347,0.05671,0.11458,0.04029,0.30208,0.06785,0.10764,0.03950,0.18750,0.03845,0.23264,0.04097,0.81324,0.01928,0.09439,0.00421,0.36627,0.00754,-0.01361,0.08697
transformer_attention_attribution,stress_06,0.66667,2,48,0.60764,0.04911,0.33333,0.05916,0.24306,0.04558,0.14236,0.03368,0.36458,0.04830,0.08333,0.03076,0.24306,0.04859,0.26389,0.05573,0.81483,0.01942,0.09409,0.00420,0.36634,0.00757,-0.00558,0.08138
transformer_attention_attribution,stress_06,0.66667,3,48,0.55556,0.05444,0.33681,0.05875,0.28125,0.04878,0.13542,0.03849,0.34722,0.04944,0.10417,0.03720,0.19097,0.03638,0.25694,0.05584,0.81316,0.01951,0.09437,0.00422,0.36837,0.00770,-0.03742,0.07719
transformer_attention_attribution,stress_06,0.66667,4,48,0.54861,0.05324,0.37153,0.06170,0.26736,0.04739,0.13542,0.04087,0.31944,0.05740,0.08333,0.02918,0.16319,0.03297,0.29167,0.04715,0.81419,0.01945,0.09431,0.00413,0.36678,0.00816,0.00728,0.07220
transformer_attention_attribution,stress_06,0.66667,5,48,0.59722,0.05903,0.30208,0.04927,0.25347,0.04125,0.14931,0.04376,0.33681,0.05875,0.08681,0.03368,0.19792,0.04526,0.25347,0.05586,0.81250,0.01937,0.09450,0.00431,0.36737,0.00788,0.01684,0.07162
transformer_attention_attribution,stress_06,0.66667,6,48,0.60417,0.04827,0.34722,0.05488,0.28819,0.05214,0.15278,0.04107,0.32639,0.06071,0.07986,0.03224,0.19792,0.05022,0.26389,0.05223,0.81320,0.01899,0.09448,0.00416,0.36675,0.00782,0.03402,0.08723
transformer_attention_attribution,stress_06,0.66667,7,48,0.52431,0.06451,0.32986,0.05371,0.27778,0.06328,0.13542,0.04630,0.36111,0.06100,0.11806,0.03885,0.18403,0.04789,0.26389,0.05223,0.81481,0.01938,0.09437,0.00423,0.36749,0.00781,-0.08574,0.09876
transformer_attention_attribution,stress_06,0.66667,8,48,0.55903,0.05629,0.35417,0.05204,0.28125,0.05252,0.13889,0.04165,0.32986,0.05371,0.12500,0.03152,0.18750,0.04309,0.27778,0.05177,0.81466,0.01947,0.09446,0.00419,0.36788,0.00768,-0.04933,0.07714
transformer_attention_attribution,stress_06,0.66667,9,48,0.52431,0.06303,0.30556,0.05444,0.25000,0.05587,0.15625,0.04058,0.35417,0.05640,0.10764,0.03297,0.19792,0.05385,0.25347,0.04862,0.81378,0.01907,0.09436,0.00421,0.36608,0.00779,-0.08981,0.07802
transformer_attention_attribution,stress_07,0.77778,0,48,0.57292,0.05138,0.32639,0.05832,0.22917,0.05112,0.16667,0.03507,0.36111,0.05177,0.10069,0.03333,0.21181,0.05030,0.25694,0.05234,0.83705,0.02077,0.10544,0.00452,0.37890,0.00778,-0.05470,0.08107
transformer_attention_attribution,stress_07,0.77778,1,48,0.52778,0.05616,0.31597,0.06396,0.26042,0.05045,0.12847,0.03539,0.37153,0.05349,0.10764,0.04182,0.18403,0.03539,0.25000,0.05054,0.83534,0.02059,0.10565,0.00444,0.38067,0.00762,-0.07604,0.07742
transformer_attention_attribution,stress_07,0.77778,2,48,0.55903,0.05458,0.34722,0.05903,0.25000,0.04665,0.15625,0.04706,0.34722,0.06291,0.11458,0.03660,0.20486,0.03539,0.28819,0.05123,0.83646,0.02085,0.10572,0.00443,0.37907,0.00832,-0.06865,0.08727
transformer_attention_attribution,stress_07,0.77778,3,48,0.59028,0.06449,0.30208,0.04731,0.24653,0.04456,0.16319,0.03828,0.35764,0.06227,0.08681,0.03368,0.21181,0.04739,0.25000,0.05415,0.83485,0.02058,0.10599,0.00456,0.37942,0.00802,-0.01863,0.07358
transformer_attention_attribution,stress_07,0.77778,4,48,0.57292,0.05229,0.33681,0.05282,0.26042,0.05407,0.16319,0.03950,0.33681,0.05544,0.06944,0.02543,0.19792,0.05297,0.24653,0.05146,0.83575,0.02013,0.10596,0.00448,0.37917,0.00796,0.00033,0.08383
transformer_attention_attribution,stress_07,0.77778,5,48,0.52778,0.05782,0.28819,0.05214,0.28472,0.05668,0.15972,0.05050,0.35417,0.06123,0.10417,0.03316,0.20833,0.05101,0.28472,0.05584,0.83711,0.02080,0.10596,0.00450,0.37976,0.00799,-0.09530,0.08487
transformer_attention_attribution,stress_07,0.77778,6,48,0.53125,0.05207,0.34722,0.05401,0.28472,0.05498,0.13542,0.03849,0.34722,0.05740,0.12500,0.03574,0.21528,0.04122,0.28472,0.04956,0.83641,0.02076,0.10592,0.00450,0.38041,0.00781,-0.10436,0.07469
transformer_attention_attribution,stress_07,0.77778,7,48,0.54861,0.05751,0.30208,0.05558,0.25000,0.05502,0.19097,0.05237,0.35764,0.05995,0.11458,0.03528,0.22569,0.05712,0.21528,0.04859,0.83600,0.02031,0.10577,0.00447,0.37843,0.00799,-0.11296,0.08355
transformer_attention_attribution,stress_07,0.77778,8,48,0.60764,0.06112,0.34722,0.05488,0.29167,0.04614,0.18403,0.04483,0.31597,0.06469,0.09375,0.03494,0.24306,0.05050,0.21181,0.04535,0.83677,0.02058,0.10593,0.00449,0.37939,0.00811,-0.02108,0.08712
transformer_attention_attribution,stress_07,0.77778,9,48,0.53125,0.05969,0.33681,0.05458,0.23958,0.04116,0.16319,0.04294,0.37500,0.05795,0.11111,0.02808,0.18056,0.03991,0.25694,0.04453,0.83671,0.02045,0.10598,0.00455,0.38037,0.00816,-0.09260,0.08816
transformer_attention_attribution,stress_08,0.88889,0,48,0.53125,0.05472,0.33333,0.04863,0.23611,0.04748,0.19792,0.04630,0.35764,0.06151,0.13194,0.04005,0.23611,0.03991,0.25347,0.04862,0.85831,0.02199,0.11713,0.00471,0.39093,0.00839,-0.16369,0.09490
transformer_attention_attribution,stress_08,0.88889,1,48,0.59028,0.06225,0.29167,0.04912,0.22222,0.04386,0.18056,0.04439,0.36806,0.06300,0.09722,0.03484,0.20833,0.04614,0.24306,0.05143,0.85675,0.02181,0.11732,0.00480,0.39143,0.00822,-0.04505,0.07592
transformer_attention_attribution,stress_08,0.88889,2,48,0.55556,0.05782,0.33333,0.05415,0.23611,0.04648,0.17014,0.03950,0.33681,0.05458,0.07292,0.03061,0.19792,0.04927,0.24653,0.05414,0.85803,0.02132,0.11731,0.00477,0.39240,0.00790,-0.02866,0.07790
transformer_attention_attribution,stress_08,0.88889,3,48,0.54861,0.06071,0.25694,0.05498,0.26389,0.05038,0.18750,0.05383,0.35069,0.06015,0.11111,0.03931,0.21181,0.05393,0.25347,0.05146,0.85937,0.02188,0.11757,0.00475,0.39174,0.00798,-0.10063,0.09434
transformer_attention_attribution,stress_08,0.88889,4,48,0.51389,0.05983,0.29861,0.05584,0.26042,0.05988,0.15625,0.04394,0.35069,0.05855,0.12847,0.03797,0.22917,0.04523,0.25000,0.04240,0.85884,0.02178,0.11730,0.00473,0.39240,0.00789,-0.15010,0.08250
transformer_attention_attribution,stress_08,0.88889,5,48,0.57639,0.05234,0.28819,0.05565,0.23611,0.05313,0.20486,0.05774,0.36458,0.06202,0.12153,0.04097,0.25000,0.05754,0.19097,0.04664,0.85792,0.02175,0.11717,0.00473,0.38994,0.00813,-0.12189,0.07540
transformer_attention_attribution,stress_08,0.88889,6,48,0.58333,0.05754,0.32292,0.05184,0.25694,0.03885,0.19792,0.04312,0.33681,0.05544,0.08333,0.02918,0.23958,0.04552,0.21528,0.04859,0.85863,0.02188,0.11732,0.00474,0.39107,0.00821,-0.05160,0.07545
transformer_attention_attribution,stress_08,0.88889,7,48,0.53819,0.05855,0.30903,0.05237,0.21181,0.04838,0.15972,0.04005,0.39931,0.05815,0.11111,0.02971,0.20486,0.04376,0.23264,0.05123,0.85913,0.02175,0.11719,0.00483,0.39199,0.00815,-0.11375,0.08925
transformer_attention_attribution,stress_08,0.88889,8,48,0.57986,0.05753,0.28819,0.05975,0.25347,0.04958,0.16319,0.04294,0.38194,0.05992,0.07639,0.03501,0.20139,0.04859,0.21181,0.05393,0.85868,0.02193,0.11738,0.00473,0.39395,0.00784,-0.02606,0.08142
transformer_attention_attribution,stress_08,0.88889,9,48,0.54861,0.04761,0.31250,0.05470,0.22222,0.04596,0.12847,0.03403,0.39583,0.06570,0.07986,0.02749,0.20833,0.04069,0.22569,0.03572,0.85743,0.02208,0.11752,0.00474,0.39139,0.00808,-0.05441,0.06499
transformer_attention_attribution,stress_09,1.00000,0,48,0.55903,0.05955,0.29167,0.05956,0.23264,0.04535,0.18056,0.04221,0.34722,0.05313,0.07986,0.03368,0.20833,0.04614,0.25000,0.04765,0.87991,0.02236,0.12819,0.00481,0.40358,0.00789,-0.05303,0.07416
transformer_attention_attribution,stress_09,1.00000,1,48,0.57639,0.06375,0.27431,0.05629,0.22917,0.04827,0.17361,0.05143,0.35417,0.06199,0.11806,0.03501,0.21181,0.04838,0.21528,0.05050,0.88051,0.02294,0.12846,0.00482,0.40288,0.00799,-0.07953,0.09589
transformer_attention_attribution,stress_09,1.00000,2,48,0.46875,0.05889,0.28125,0.05515,0.25000,0.05671,0.17708,0.04394,0.36111,0.05531,0.12847,0.04154,0.26389,0.05223,0.24306,0.04453,0.88028,0.02265,0.12841,0.00483,0.40389,0.00800,-0.23546,0.08745
transformer_attention_attribution,stress_09,1.00000,3,48,0.55208,0.04974,0.28125,0.05069,0.21528,0.04558,0.20833,0.05283,0.34722,0.05822,0.14583,0.04083,0.23958,0.05319,0.19444,0.04596,0.87986,0.02272,0.12811,0.00482,0.40141,0.00808,-0.16523,0.08027
transformer_attention_attribution,stress_09,1.00000,4,48,0.56944,0.05903,0.31944,0.05903,0.22222,0.04492,0.18750,0.03845,0.35069,0.05523,0.08333,0.02751,0.23958,0.04756,0.20833,0.04814,0.88025,0.02299,0.12828,0.00480,0.40192,0.00789,-0.07066,0.07777
transformer_attention_attribution,stress_09,1.00000,5,48,0.53819,0.05259,0.28472,0.05050,0.20833,0.04510,0.17361,0.03634,0.40278,0.06061,0.11458,0.03391,0.23264,0.05393,0.22917,0.05723,0.88038,0.02284,0.12810,0.00488,0.40309,0.00793,-0.14719,0.09007
transformer_attention_attribution,stress_09,1.00000,6,48,0.55556,0.05782,0.28125,0.05429,0.19792,0.04731,0.17708,0.04706,0.39931,0.05815,0.07292,0.03212,0.20486,0.05169,0.20486,0.04689,0.88017,0.02267,0.12831,0.00485,0.40509,0.00774,-0.06697,0.09029
transformer_attention_attribution,stress_09,1.00000,7,48,0.53819,0.05076,0.29167,0.05192,0.20486,0.04038,0.12847,0.03403,0.40278,0.05657,0.07292,0.02735,0.23958,0.04756,0.21528,0.04453,0.87884,0.02306,0.12841,0.00486,0.40258,0.00789,-0.08378,0.06453
transformer_attention_attribution,stress_09,1.00000,8,48,0.57292,0.05909,0.27083,0.04827,0.20833,0.04614,0.19792,0.04526,0.45139,0.06736,0.11806,0.04453,0.20486,0.04376,0.20833,0.04069,0.87913,0.02261,0.12834,0.00481,0.40236,0.00775,-0.13097,0.09759
transformer_attention_attribution,stress_09,1.00000,9,48,0.55903,0.05955,0.31597,0.04789,0.20486,0.04376,0.17708,0.04285,0.34722,0.05822,0.09028,0.03501,0.21875,0.03909,0.19792,0.04201,0.87882,0.02304,0.12832,0.00479,0.40280,0.00770,-0.06911,0.09374
